session_id,object_id,feature_path,n_frames,feature_dim,source_fingerprint
s1,o1,s1/o1.npz,300,1280,20368806f502704ac95ab9cd6487c9604bb906665dfcddad51ae9fb3888d8481
s1,o2,s1/o2.npz,296,1280,c7da0920d4052aec183cd68cf240aed71398bbcefb43845f770298bccce10897
s1,o3,s1/o3.npz,300,1280,3533e8a34d9b6ee0fde3aca40eba2fbf8763c07d3877dfe1630c94ff0abb8fad
s1,o4,s1/o4.npz,300,1280,bb9975bc7f8b9f87a42f05f84554007d665e0ec6afab5ffe2d32abed2313d846
s1,o5,s1/o5.npz,300,1280,125ee8b12b091e0f559ab407b5c5e3d1a41c5601aa8efda34b083eff6b036cc4
s1,o6,s1/o6.npz,299,1280,8bbf47812f788dfdfbb98f04ada4afdaa3f2f65939b1f8444f2c01f05c7c2914
s1,o7,s1/o7.npz,300,1280,0652b649332282c256490eac77a05fe27c577c4abfb336ac81740d9bb581213a
s1,o8,s1/o8.npz,300,1280,55b1fc8c4ad376a378ff73131def37b8cd303ab92dff79dfebfdb5af3a657633
s1,o9,s1/o9.npz,298,1280,bbef6246e3425364ba8fda60b307921d9149f47d9d6a7181ff9f070c4468cdf4
s1,o10,s1/o10.npz,300,1280,5dc4e226a97b5aa1414eb7919aa95372662a96361345fa578083a8b34bda775b
s1,o11,s1/o11.npz,300,1280,8eceb53c89aed561a68ee6e7926a75bed04b3d4a8cb1dae18422c0859be2e8d7
s1,o12,s1/o12.npz,299,1280,78d084e6a59df42fe73a83bbc9eb85a85a9aae69bc7fa873b6babe727cb90207
s1,o13,s1/o13.npz,300,1280,61b13974b3f6aa7aeb0e77a9346cf5bb266891d0106c77ff63a04f7a1489ad1a
s1,o14,s1/o14.npz,300,1280,c970d7909f8fa43698b6e49016dad0c2aba03aa7674f9e4cb7c7def58e769c67
s1,o15,s1/o15.npz,300,1280,2aa7e907c09539f4f7aac4cb1b6ae2322bccea0809fe5ed29a2fe8f62b9c9a33
s1,o16,s1/o16.npz,300,1280,eb37546a7a3f216283ec201dd80e63e2b49942069ec550a432d5c23a383f3d29
s1,o17,s1/o17.npz,300,1280,79a0d7c9c744b4cb702e5e397ab52789d79a75b21be9c01037a6f6cf34344d64
s1,o18,s1/o18.npz,300,1280,0340be4e9416d5e1c019de708c9a451037ea6dddc80242c409431b96b95e306b
s1,o19,s1/o19.npz,300,1280,b4ead182d81698d7556d2ebc20c8b9fe9a033f4ff63d0037535ab3c8f5105fec
s1,o20,s1/o20.npz,299,1280,ab497530cfed8dde05a2acbb8c4f9a9294dc8a0d7d1c49532659528bb27c9dfe
s1,o21,s1/o21.npz,300,1280,3984bf911892842a34fdeaab69b18844915570d67fcf4f8ba031cf4a1b33e8e8
s1,o22,s1/o22.npz,300,1280,1a3afadad6cf3d42ccbf94141eccb091e3057a19e552b008d5fb90c44717f91c
s1,o23,s1/o23.npz,300,1280,132a971ecf6eca94e1271d25081cf0d73527d77891384d6ef8bbe1959f0aa194
s1,o24,s1/o24.npz,300,1280,ea6e6b9a6049b1bf49d23facbbb27aa30b6c14da0fec26752aec87a58c60a012
s1,o25,s1/o25.npz,300,1280,b9c1ff4b2110c220f95dab2495c5f5dd1c58d7d64edd65568d92410d1a3de97c
s1,o26,s1/o26.npz,300,1280,55800695a292515f840c2ba1a24adb3176a4866dd190565c0c66fa71a5e0669f
s1,o27,s1/o27.npz,300,1280,580a9f5aec99ac17c81cb1b780cd6fe1a65497fd50cbbc503b1140afb816f9c4
s1,o28,s1/o28.npz,300,1280,aee1b21ec942fd9185246a0789ce7bfb7ff753fb33df1658f68df249deedd1c8
s1,o29,s1/o29.npz,300,1280,b84ed2b86414371e4dcf8e97c0cbcd83d7e0561a28887d9208c4c77766ba88cd
s1,o30,s1/o30.npz,300,1280,39f6dad4262957cdc6f7e7e36e44293bdcb682ffd6661f266a67b71c2102125e
s1,o31,s1/o31.npz,300,1280,52dc91341764fcdd4fa9e52d39918282494ae703553d905426dbe2cdbc17dffa
s1,o32,s1/o32.npz,300,1280,6666a9e56082b71c37a8bbe3cfca9b26844bda4b3261eae531ef8c8a8efbf304
s1,o33,s1/o33.npz,300,1280,9cb178867bfcf47674163c20d596c64284ef83719fe952b288dda025f367349a
s1,o34,s1/o34.npz,300,1280,edcd429a256f3c59f1daadeacf610d04a87c90bccd0acaaaeb53d64fb1f79dfb
s1,o35,s1/o35.npz,300,1280,37503d92408ea425d0aaf2b23463cc0febfc27e2099a68d899ec20f31c5aa76d
s1,o36,s1/o36.npz,300,1280,3fb299c661f90481ec433f8980bc5852a9cbcd91cfd4c1148778b075de582db9
s1,o37,s1/o37.npz,300,1280,5dbdf404d7454cf9df650af596ab6bcccdf7df41fedef72199825be7f4e19c87
s1,o38,s1/o38.npz,300,1280,45f127f4fb8257e1a002fabdce902cc83a2a458bf857423c501c048a32d48ad7
s1,o39,s1/o39.npz,298,1280,f97c4e6c5190c5c395e9045eb89f440719cc8c88e644ac674355781f50895e25
s1,o40,s1/o40.npz,300,1280,81212f7021b514e0c503d04764f599c1f56f177ae4a6c9bf60ab2d76f5102c32
s1,o41,s1/o41.npz,300,1280,fde09d336f907fa40ff5809af68fa2dbff06a81ac5e3d0140da5347c728cfc58
s1,o42,s1/o42.npz,300,1280,ca2a1f51514ee5e976120a6ae9697f9bb1b5cf4dec1d596e6f07deeeaa3e6b7f
s1,o43,s1/o43.npz,300,1280,7972e04a15be6beae6eb9b781a3c907baad2cb4adbf5339032f4dee88f688f0b
s1,o44,s1/o44.npz,300,1280,141a14c0f337b8b6e89bbe6817d41322823c4151bddaeaf0f216366d0759e248
s1,o45,s1/o45.npz,300,1280,938120b159b77a1141ce75d0995e974ea56b3b05dcf36931a5a0cab89cdccd6f
s1,o46,s1/o46.npz,300,1280,f34a8162534de32b434d36bb61e8d8f3810e482ec8f52fb7e6f31087096fc112
s1,o47,s1/o47.npz,300,1280,7fc6600c761a8574c21179b411980fe2252b39b9d090e3985f8627e1aed9c3de
s1,o48,s1/o48.npz,300,1280,9e30eb29a3f9e340f47d94db602f1c08df2a02a66216842db35f364dd68f20f4
s1,o49,s1/o49.npz,300,1280,2a4c4a819b049a4f954a4f93ba5932f78b6314d2bf4243fd499100e4942e027f
s1,o50,s1/o50.npz,300,1280,6544aeaedef8b6e57bd3af507af849f6bc7a651e69e53ab36f994e0b2500fbb2
s2,o1,s2/o1.npz,300,1280,d086d4e60ef3ec8253b20753ec7167da279b7bc447aecb8f99e8dcf70ad38168
s2,o2,s2/o2.npz,300,1280,262798c59462643f7f60c75ac2d03cf8e35e5380ec1e38a943b646611e4a41fb
s2,o3,s2/o3.npz,300,1280,fcacb2f4fdab0b62777479bd7f9c4bb5c1dfdb91f6020a4c84824d7c92221529
s2,o4,s2/o4.npz,300,1280,fa4c0ab43a8cbd8a1688f6a1cd398f18c88de86e38895b5f042278734deb716d
s2,o5,s2/o5.npz,300,1280,471c14600a2cdd6b85063c0446f704edad0377362947fdee88be3f63225776fe
s2,o6,s2/o6.npz,300,1280,5fdf89b835ad93679366471b9eb28e782984fbf263381d6fae316fc2dbf3f4a7
s2,o7,s2/o7.npz,300,1280,4615ed762e263815f66db1bb624ff854f5d582d4461d10a59b794d079d9d724c
s2,o8,s2/o8.npz,300,1280,efa4eb276078dacefdccc261e048286c6558f32f5ad413d2645e251eb48750e3
s2,o9,s2/o9.npz,300,1280,de611e23c97ff1a70424efd862fb217d2f75b589119c0bf94b2f606b4f505149
s2,o10,s2/o10.npz,300,1280,7bad6cefac2172799f9301248101523bde5eabc7548be8f6bca257f79c0bf3b5
s2,o11,s2/o11.npz,300,1280,f841ebea9143e5597dc6a331a6505489210f4a777b633521f0907e1fad7d1939
s2,o12,s2/o12.npz,300,1280,39ad126b9abaa60268be7b6a445047b4d0cb9172f283e6b3a382e710a92270f0
s2,o13,s2/o13.npz,300,1280,140fd44aae4546bb2a4b73a893097df3c00dc9f6a28c633ecc7c117a19e51fea
s2,o14,s2/o14.npz,299,1280,9e137449ad259d09e1f9ca7e03bf445fa0c056352433ae768b4cf890010ed8d2
s2,o15,s2/o15.npz,300,1280,c1f09f5b207c468a0c83ac4071f13b1b233e02f23de8817b1f7cf91acf8dcef5
s2,o16,s2/o16.npz,300,1280,5e896322ef611605e5f4345713d39c9b4ab79bb0d3f5ecedec1426bd69527025
s2,o17,s2/o17.npz,300,1280,aa547158a36e7cf42f4ea582c494b8e0a9daa52e78135fee01c2498301cb2259
s2,o18,s2/o18.npz,300,1280,224af84cfb9fa13ebd5fa15f1f412f72bb43863550459f3198c23a3d80f288c8
s2,o19,s2/o19.npz,300,1280,17dd2f484eacd9b6b6370ee03b6fe80877cf611787c866c97051d7a5afc3d147
s2,o20,s2/o20.npz,300,1280,b31aa736724dc7cc61b6154afb315ca196e22c17775dce8943244b9d78a23993
s2,o21,s2/o21.npz,300,1280,b20214c7d6fcd02dea1e6891c82b99f57b5ba0d7a691a7e453efb04add9a07ed
s2,o22,s2/o22.npz,298,1280,518d29cd15a108562c801822a2a36213b47f1433ebda61575ff387b19324c32b
s2,o23,s2/o23.npz,300,1280,3c9799465c4391a9a956f8b8d04fbe820112933b0a4cca46fd4a53358c780b3d
s2,o24,s2/o24.npz,300,1280,e7cb8684440b5bef771b4f5f5617930bd5f46a1dfedc4c25bfe9d85891e8eb00
s2,o25,s2/o25.npz,300,1280,6f50804da61352450af34900ad1d0cf8dff3fa42221248b9e8e625098998d7f5
s2,o26,s2/o26.npz,295,1280,cd0e27f71353f66f717710d25a7fc2fd80805b9bfdd2ba25a7a10ec6c8182dbf
s2,o27,s2/o27.npz,299,1280,cbf21c8f1f7c9f877503fb99972fb26e0dcae35ef08c9ec226ffb387dce59a83
s2,o28,s2/o28.npz,300,1280,0b915436b4ad98026fdb4e0f4a1386bd078278eefa766ec3a8d4bfadc167e76e
s2,o29,s2/o29.npz,298,1280,294902de13615becadb4c790cf4bc693fad9c096f4f6d81d8fa1440858d5f51f
s2,o30,s2/o30.npz,300,1280,64daf77bc32c8df2b8a6f0d4ee4d0a2b0cc46a2db6ae89c5ae74201233036ffe
s2,o31,s2/o31.npz,300,1280,ef698efa73b051fedf443e7002d8be11cdb9603c3c7f7230567c370bd4d99849
s2,o32,s2/o32.npz,300,1280,f2bc09e7866f232a696444d7e11ac3ccfd8b36712843535cdfae4b0f9c49f17e
s2,o33,s2/o33.npz,300,1280,85b9d3806a801bd9e0f84b26bcfbd0a282c5829ca057f09dd244a7cfe2b9667f
s2,o34,s2/o34.npz,300,1280,6343d991910300aa8ee8d664a710e7f5ababb2fe170a8c8c924a403a1d8a99dd
s2,o35,s2/o35.npz,300,1280,290f818cb9fb31b3fcd4485a8bf221be0c8db9e245b42abfdcde7b5dabf23aa3
s2,o36,s2/o36.npz,299,1280,ee3983e9fae68386b9c1431992df205b173035197d1232d90a98571cf0280b74
s2,o37,s2/o37.npz,298,1280,30ce2d3a8156e66c3502592b20b2ea4d47ff27d51c435709f202ab824be771d1
s2,o38,s2/o38.npz,300,1280,8facc2500e39096d95a4762ac343e297409f8ec3d44dd7196274649bb90da4e1
s2,o39,s2/o39.npz,300,1280,d545e392c6379524a2070346e90d80bd067065ecbc786f6163d6f3bc6296fdb8
s2,o40,s2/o40.npz,300,1280,891c371f0bbf06076460b2e0e72e784893ec20f67f82f7c34a85888b4e4fa068
s2,o41,s2/o41.npz,300,1280,58e608056072871ff10e6973e1dbd94787ff2daa670e5b0455f05b908467fd9b
s2,o42,s2/o42.npz,300,1280,668badb750a6397c257235bc617cdd20f4484dcbea89b0510b00b6ef9ef9e05e
s2,o43,s2/o43.npz,300,1280,f4d8b946cfa9ec1789a3a4962fabe490a6251eef492d7f4feffef00eb9656bb3
s2,o44,s2/o44.npz,300,1280,8e0a1d101402336ed695ce0dfe2b41fef1be1071087eaf1f68b40b53cc3c3236
s2,o45,s2/o45.npz,300,1280,86cff5ef762b17b42ccae708baa27d3f36b7c8c75d6b427be349fca67fcf78b3
s2,o46,s2/o46.npz,300,1280,884b6783e728ca59677bd973e1e09dc2c2474014b41252ce83e8f7ca8b8198a5
s2,o47,s2/o47.npz,300,1280,15a87afe7a8f02b23c1a56f3bf9eba405fec414f038f04f57b843c49165fb588
s2,o48,s2/o48.npz,300,1280,c593370f1575c6f937c8a16eedc8ce2e517a27daea3c43244139023d97c431ec
s2,o49,s2/o49.npz,300,1280,ef4254caa12176d0fcc4870c7054a91a5d86853cd7c5dcec51f45cdf7be3f8e4
s2,o50,s2/o50.npz,300,1280,b37f9042401e82fa3bd3a1561731f79f647b55152447ba11d1902492123f0829
s3,o1,s3/o1.npz,299,1280,8ef4ac1e5f1a908b390c116d2ac3e7ef2ba88613a2f57f76ed59a65a7933211c
s3,o2,s3/o2.npz,300,1280,f50ee6f929132d47c253525d4e7405cba6d8dedfb21c05b181c2a2e3643ec93f
s3,o3,s3/o3.npz,300,1280,1688b88e63561fd30cd8ff2aa22a73a68992e2b459599178c6a88c4c430dcdab
s3,o4,s3/o4.npz,300,1280,e7387feb176e54ec383e0b792579e1d29f5e0d136d48bd971c769b09997bcb36
s3,o5,s3/o5.npz,300,1280,6d6f90c405c82fe2a28d8c1e4ac11aaf42a4e35bf59473e5852cd3f66339aad4
s3,o6,s3/o6.npz,300,1280,4a86343139abc8fe4882a78b57013549d10ed9708b9bf947ca4f8757e696276f
s3,o7,s3/o7.npz,300,1280,3bbaa92f388a498ef04b88097cfa7a9feafe2ce5a4c8352453bcd82b92037453
s3,o8,s3/o8.npz,300,1280,259d9d684b2838fc71adfef9e44db9133be337b87f9aaa8cdc6a8c137057b4af
s3,o9,s3/o9.npz,300,1280,6115ca978fd2e183599338c40c4d3fb0277a9d94fc6c13b4c2a7ac25c17d5956
s3,o10,s3/o10.npz,300,1280,46584e3084f129c72910cf077bb431b6f5a560e1f839f9dd9485307464c45bfb
s3,o11,s3/o11.npz,300,1280,47fb2767c56b21e4a439b756033245fc3a34e7994f502535f5887cf0dd35879e
s3,o12,s3/o12.npz,300,1280,336d33ffe076b40a38d40b512b6b8fd2bd7a1aef576b995184c3a26f0fb6a7aa
s3,o13,s3/o13.npz,300,1280,85b50845030bfce15fc86f4b2ea2a317b26869d64c361f7185a6c178a6d2a133
s3,o14,s3/o14.npz,300,1280,8977ea49873d830e08ea68b4bcd538eebdf79ee59614d0cc3985f5f3e3f14ab3
s3,o15,s3/o15.npz,300,1280,32297082476a1bebf344e268f2a5c1d184e4f783975cf6057c52411f2a4d3e90
s3,o16,s3/o16.npz,298,1280,ffae693c9c2c3c2d80d6b3c2697fb6a92997015dc5f63a87d12161505bad8356
s3,o17,s3/o17.npz,300,1280,cf26034ad4a16d08de3e06fcd4c4fa3f43f4af0a36f72990908c727b546bb05b
s3,o18,s3/o18.npz,300,1280,43cf4e56c57fcb45b7b0b9799991f19511b80c6c1419cad38c6da9a8099c4a00
s3,o19,s3/o19.npz,300,1280,b29c450f07ce6243d3d73aa2149989fd9753a8c3a5022ce75f1ec4bc091eaee2
s3,o20,s3/o20.npz,300,1280,940ee5aba7821eade90d20f4d06c2b62b9f64dd1df409a076cc1323f1478a5ca
s3,o21,s3/o21.npz,300,1280,2b568f2ab98450fb2b6928aa8357bc452c1ddf11f5ff97ff05974f0c44c91857
s3,o22,s3/o22.npz,300,1280,8a7a3778c5e6791fa04f12cb8134ed1c84d28f4b1098cff12f8db2e7de8dd966
s3,o23,s3/o23.npz,300,1280,817aafd0774618be7483f1bee528982f2a8869ec3332c3c766cdb740ff45af98
s3,o24,s3/o24.npz,300,1280,4ca02468d87bc75a07db3eb16a75855bf101a376b726e102e2866dcc71031078
s3,o25,s3/o25.npz,300,1280,c8f3f8e8a4e3cc9fd24d99e75f645326acafc9e7faa57e6cfb8d3ce80c04c311
s3,o26,s3/o26.npz,300,1280,e204ad879473dd72bdd64f1edc02863b0cc95adba5ae90e8e575487dc0a90b44
s3,o27,s3/o27.npz,299,1280,0e7e693ed3d99343dc366afef8c8e8032d6e672712f947ef8ddbdea28edd4b0c
s3,o28,s3/o28.npz,300,1280,3ea70ec4ea6fe480068d633c228ab9245baf9655cc69ccc8b5935045cf913108
s3,o29,s3/o29.npz,300,1280,9792a52543e166cf57a1148ac0ee4cbdbb116fd6f079b2589d3e86b8e2ce7b71
s3,o30,s3/o30.npz,300,1280,d60d0154c9a4c39cd7e3fdea79101d6c957dc28e11d81cfba903477902679a20
s3,o31,s3/o31.npz,300,1280,ec964a3769206221cd90282c18a1a5ecd0adfc48ad831bcd5a56138266169328
s3,o32,s3/o32.npz,300,1280,778f6a3710c86b07fd3e5ab3db84f946bfb7011498cc3eaad6c70d16a4bf832c
s3,o33,s3/o33.npz,300,1280,63fa2b914160f652f1e1c333f2ad31c050b21aaa05e97571c00ca2d225b725ce
s3,o34,s3/o34.npz,300,1280,2e31733db313c574819c169a5e8905f819731aaf2d1c10fd80d49d0bb95f1a9d
s3,o35,s3/o35.npz,299,1280,599756e164f6c5de520461924993720cc1c9018024b06fa3c0fe05c501da9308
s3,o36,s3/o36.npz,300,1280,0864cc8844f555ce9721c75e31bc72053f0d8ad11b6795d479c1688102c6c7d6
s3,o37,s3/o37.npz,300,1280,6c8f0d24a7ecd365d5f8b5324ae7be40c22015909da16eee9d8af7b630f78d55
s3,o38,s3/o38.npz,298,1280,79897c4a0486afb50bef162c842cfb60fe1e3e995cd5fed97b746677c4116628
s3,o39,s3/o39.npz,300,1280,a946cb75c63208bb9d1844784125f8f785ae0c16e52844ef0e4dd4e2405a9e5c
s3,o40,s3/o40.npz,300,1280,9573287ff1c2af12ffffdbfd5afa5cc14a184166212b02dd53d8874c212b54d4
s3,o41,s3/o41.npz,300,1280,41d0bf371f810fcf6a4983c6bb4dafccae1f9f65c92bd77d3e28db324143d1b8
s3,o42,s3/o42.npz,300,1280,2cc7f26033f1536e207998138ea188e839739005bca12d4a54e3945af3474993
s3,o43,s3/o43.npz,300,1280,924bd462c907eb9457f4de254e71c971002f93be880d9c68932c01bb3742b85d
s3,o44,s3/o44.npz,300,1280,d1bf4476a11540740a6cd2bb1705e58ff68a32ad966807cf9a4be0c51b0d4ee0
s3,o45,s3/o45.npz,300,1280,d17565a4273957604f3af671f042d541a4b6334f9d317c104338aa6edd7774a3
s3,o46,s3/o46.npz,300,1280,50c36744510a2dbfe072e9543e87daf3072fbae83c4fc60b388b3722d5c8a1f7
s3,o47,s3/o47.npz,300,1280,ff222236abefbf8db0c50fb6ced9e8c2dd03f00286ff22145a0f744ce4bd48ec
s3,o48,s3/o48.npz,299,1280,6226a2a725c284d472c9d32ab2fcca0c502c284538d5bc742b470874ed9dc778
s3,o49,s3/o49.npz,300,1280,90b53e5fda2d3371a068d391940c0e435d5056f812e71130e12d5acdbd9b8361
s3,o50,s3/o50.npz,300,1280,ff510aad4f6259372f243860e36ed15cf5392f54191b4614a99602d0e15ba13d
s4,o1,s4/o1.npz,300,1280,7733027cbb31f90416058ebd7be1d45dc272ff48d48a898a0371ccded7c4ee2b
s4,o2,s4/o2.npz,300,1280,f4e7d77c80f1bbb230a8af0dbe8516c4479d881615822293d065dff9baba72e3
s4,o3,s4/o3.npz,297,1280,94063e666485435c8ee876c6b3121b05005e9c93fedd4bad157f537bad27cfda
s4,o4,s4/o4.npz,300,1280,b4fdfedc1b5ff30e4daa0e55ff3dde8c9918af17f028eda8e64bb5c1fae535be
s4,o5,s4/o5.npz,300,1280,3254838d2f0a03ef14af3d4ad1987c5f9cd92e49c2e5efa567270b0c9d143a6c
s4,o6,s4/o6.npz,300,1280,28bfd05db37c0eca0b1b465932718bde5f8d0c009aeb3f1faabef6490f8e3349
s4,o7,s4/o7.npz,300,1280,f30cd01c546541ac3a4634c5fb2e0603027cae8c40175ad5cb8adec8d25f479c
s4,o8,s4/o8.npz,300,1280,50c0360687dc4628d7132194dd0d4d1350c43d1cee44e6c2dbd9b4253925ba1c
s4,o9,s4/o9.npz,300,1280,d2bbc9a0f7e070413a8c54f9f46344343599f8194aae497582111f6bbc825822
s4,o10,s4/o10.npz,300,1280,50d400a3b13c57c2cbc68c4a7e82f3cf5434a162a579d7d18006620a8ab417b9
s4,o11,s4/o11.npz,299,1280,3750b139dae554f959ecd49daee3fd41bda5cc4a435fa8f3924490e0d374b612
s4,o12,s4/o12.npz,300,1280,2b44ac7827ac4a059eca62531761a8abe09641d4db2421356dfd7364f3f8191b
s4,o13,s4/o13.npz,300,1280,7695a4db038f1aeaeff99baf638068a9b2a0f38a68ae0bc6e7da1e22cbea7494
s4,o14,s4/o14.npz,300,1280,bd7c5fdc63a10063da95f666ffa676dadea64d901f4af23f4e3f2f0945bd35d6
s4,o15,s4/o15.npz,300,1280,37693e4001909422f1a0bc2272c24b3909e23939df796c854303d7a519c4b5bd
s4,o16,s4/o16.npz,300,1280,ecf750c9cf99c5a06465d2083aef6a288e3e8e3e107c86016e2b1977ebceb4ab
s4,o17,s4/o17.npz,300,1280,e8287c99f85e50ae0b92bf4ec08999223700924fcee065c18dd332ad4bcbf239
s4,o18,s4/o18.npz,300,1280,fcc9ecfa1d72e4c0c75db30ea0162cf0df301155402eb3aa0fe18717adfe1b94
s4,o19,s4/o19.npz,300,1280,01febadafc828970dfa7409c24d968bd374225d8e4db65c4ae924ffedb910517
s4,o20,s4/o20.npz,300,1280,21919fa28349fe46053eb11d09858c9102030f0ac8364361a2bcc1155cfa40e2
s4,o21,s4/o21.npz,300,1280,a1521417ce4685a4e040c447ec79e45ccebf3143da856fd865275e905bee39a3
s4,o22,s4/o22.npz,300,1280,95a6899524566b7b3ea1e9738a176c444f38c4d5d0079e7d25dccb6c5d8689d5
s4,o23,s4/o23.npz,300,1280,c88ea523401b732262f9258f83502100be1b1b42dba9080e77f0615faef71812
s4,o24,s4/o24.npz,300,1280,7e66b9c03bf64facfe9287c3b5d432cc6bd4890ad3b48cbd8b63958bf9a0828f
s4,o25,s4/o25.npz,300,1280,be256c3ec123552c4d4cfc9a6b3b9bb7cb532e33f503ea4b511b5da6af82d3bc
s4,o26,s4/o26.npz,300,1280,94809a69808b551873330edfb3d577eedb818fb775f00a5b9e8b11e6d3e51a7a
s4,o27,s4/o27.npz,300,1280,18ee2bcfde7016fce168a0f8b4249a405e27f07d0bc1367e1c33ed3b50e99d57
s4,o28,s4/o28.npz,300,1280,28155e2219e766345eee40f4abbb7c7c724dfb115afd4351708747e9bef9fff8
s4,o29,s4/o29.npz,300,1280,13e50c5b270c184fffc7c71577b6519a053cd3156b89b8b10cff3a79b54662b3
s4,o30,s4/o30.npz,300,1280,df03db926505b1e5f7e154c887bd84099149523af5cdaa35ec47f29631ee694b
s4,o31,s4/o31.npz,300,1280,fbc86d15c4771774536b62daf179dba573cdac20bfdef1132f3bff57ad21f959
s4,o32,s4/o32.npz,300,1280,2004d09aabdb99c03d3b62b92284e3761dbdb17bdb6fb3e7a73a6ab8a76b6af6
s4,o33,s4/o33.npz,300,1280,8dd0395c763af3b5a23b2ce33d942427953f4efa5049f9acd46f59ea0a93694d
s4,o34,s4/o34.npz,300,1280,419a21c47755eb0ae239ded1fe315affdf7986b983da5fefa38604de79ab5bb5
s4,o35,s4/o35.npz,300,1280,001b6567c66f20dd0bdbe02e748c38cd3e5c37898d8f5588e3d589a87d4bad14
s4,o36,s4/o36.npz,300,1280,85d0d0e3e2de8270f3ae1cf3f3a5b70fe338d2bbd6b12777466f7a1c3f9c3f75
s4,o37,s4/o37.npz,299,1280,e517e9b248278f951cc188993334f54d071bad896dbcb7d937c83ef2e2218243
s4,o38,s4/o38.npz,300,1280,e5fb08bd31b4143b65bba25005a94b201b4d350e9c8e4582457df9c6f7ce5657
s4,o39,s4/o39.npz,300,1280,688100543a79cee4490fc64e2a4957de12fec28b5f44844570a57b1ed2e350e6
s4,o40,s4/o40.npz,300,1280,57abf220a1546879cd79cca7dac986126e2b7a8e095b3a680dd35011c751c442
s4,o41,s4/o41.npz,300,1280,b7650111569b8fecc21c4af5de487bdc5680309416f32f7320251970630d4e8f
s4,o42,s4/o42.npz,300,1280,6f75863762aa2ce00420218d22cdaba00c492287b440c5ce51aa83b0661d731b
s4,o43,s4/o43.npz,300,1280,b138888f22ffbb9cb11dee88fbaae1e38a1a441bf8d471dd7ce34de7c9e4f575
s4,o44,s4/o44.npz,300,1280,06fe094eb25a531cf6cfe8a412d3edba70a829906c3967408e3566b0f016c558
s4,o45,s4/o45.npz,300,1280,cccf2da22e689f98142013843d135ebb7cd02bddc602cad0daecc2ded56c25b1
s4,o46,s4/o46.npz,300,1280,ba2bdbb610135d0b676d48d0a95f1be6be97a67bc742f80c58b2236136935a60
s4,o47,s4/o47.npz,300,1280,35eba9b23404918e519ab11d07bdacf8f005a3fcea02e616121b18124a84081e
s4,o48,s4/o48.npz,300,1280,b25df6d21abe39272a954eb9c9b87e1aeb5577f7efd6609f8a169f657857da01
s4,o49,s4/o49.npz,300,1280,88996add4fcffcbc707a08275157a8c1d4c43728ce2468770effedc6787dd0d7
s4,o50,s4/o50.npz,300,1280,f6020d7c6a95f1537c761eadd22b137519ba4ed7e9660d1daedff4c3bbf08570
s5,o1,s5/o1.npz,299,1280,bf65103ab12b403992e58327ebbce85073a2f8214585f948623254a5bbab53ae
s5,o2,s5/o2.npz,300,1280,ff44dced465abffbfb7075f60682ff8231f30f68ae150535b526483fa314a1b4
s5,o3,s5/o3.npz,300,1280,c7c59c647f325209ebfdc7a0644672f6f8ec24e96c84646f1074195d8b6021df
s5,o4,s5/o4.npz,300,1280,48ad5f6efa66d9face49170fbdb0405ed7dedb92d5de987e504a05331fa2f843
s5,o5,s5/o5.npz,300,1280,97adc83a437be9d7741ace4a3ca1d8f41458bc55670310266e0817fff7336200
s5,o6,s5/o6.npz,300,1280,9ea66560a697ad81d9dc26a87b91e9d3464b13cf849d5909e20a2723a6266316
s5,o7,s5/o7.npz,300,1280,29f71c966cb1c42db621606917e7fca0bc879aebd757697f841a28425b0a2561
s5,o8,s5/o8.npz,300,1280,4ad0c089bd0f9cbc54008ee187082ad513af773d78030a883ffd24499c9bbf8a
s5,o9,s5/o9.npz,300,1280,bc7133485a340ba9e289fc61765bc3950f8b84d44f5f4bc7209fbed326e811ea
s5,o10,s5/o10.npz,300,1280,23ef4d833022283f1ca5633916bc119f593bf7b1bc13f76ccce81a0827b7f60a
s5,o11,s5/o11.npz,297,1280,05d48e79c3f967f4eb36110d8bd769b84835d585a3626ba5f0705afe3a304f71
s5,o12,s5/o12.npz,297,1280,2fd24300238851327d8b53ec783c3a0b4e9a0b48ae000163234befed91b68679
s5,o13,s5/o13.npz,300,1280,d796f378de36439a63312d74b2b2106cd86ac3e86cd1897e2de0179cb05d5633
s5,o14,s5/o14.npz,300,1280,65ed0cdd91fefd2cd072a6b4045b3f8ad46201efe64e5fecfd7a061a464b5119
s5,o15,s5/o15.npz,299,1280,d166cb30bd62f619b0e9d86851603fadcc58ae9fe9d00f5804664900d0282b87
s5,o16,s5/o16.npz,298,1280,26a4b680ab39409934b75a4ff740e9ae117ec49868326e43a447358317081172
s5,o17,s5/o17.npz,293,1280,15d8d72ca15cb30bc0dbfae4dace0567768592a164cd5844e45ca1f6a58d9bf8
s5,o18,s5/o18.npz,300,1280,81a44052af56ef00137d0337109e2724d44cdfdb3f5f37e10bd033115549f599
s5,o19,s5/o19.npz,299,1280,43bf26a262666ce87fb7c798277fb73375c2c38c56b6b617cad1c8ad78fb014a
s5,o20,s5/o20.npz,299,1280,d2b326bb9987996c646d1ee672018cd817314bee71dd5eb4d52692b8fbcad3b3
s5,o21,s5/o21.npz,300,1280,14519e981e9a42bc6e9d0c0eb2af514648726f9734b58a32500252f8500af25e
s5,o22,s5/o22.npz,300,1280,da5bee930e347c54eb132c8724a3488e1506393ada5ee0ca577e8a7a0946e9ba
s5,o23,s5/o23.npz,300,1280,4eda0c4b6876b8adfdfcf5df23f99127a6a9fd70a80e21c78a6f3d7ebae05192
s5,o24,s5/o24.npz,300,1280,8eb659ae47d856cec2602664d776a1a13f68e4bc9636ae324f8790c70e47a9bc
s5,o25,s5/o25.npz,299,1280,71c16ae440499f9d3bf306392dbb851497c18e6127255a51dc5ea48216ec189a
s5,o26,s5/o26.npz,299,1280,fa8910851be23cc893d230706cd32d0e3e77ca99bdcd0c0c361438eb6a5f634e
s5,o27,s5/o27.npz,299,1280,369ff085cab11607be543bb72c1a074c92f9d694c5943984f870fd7722070540
s5,o28,s5/o28.npz,300,1280,418080db9a2a6ec42815e3aa5601ad273412f414957c3d7d65105746e24cddda
s5,o29,s5/o29.npz,300,1280,e5d09d497524b029c32d03a49ff0abd282ed120f392af201c2a00699d24cdf3f
s5,o30,s5/o30.npz,300,1280,05ea3570a544fcb6afb25ed0c86bad8020b35fdbfe5d93f2543ba86117a4c054
s5,o31,s5/o31.npz,300,1280,bc92e047a903e7daeda8b0a0c9b50055413e21370ec18f8c6d69b6f5231cac2b
s5,o32,s5/o32.npz,300,1280,2f8332c87a652511befc71dbf447b0bac7fa876cfcaf99ac34df3f2bf62042e4
s5,o33,s5/o33.npz,300,1280,0b08a732153513451f02df7a63332f49a4a4434439f53154406c8ce93d0d6254
s5,o34,s5/o34.npz,300,1280,c0453d444c190f57fa9ff3f5f57f57372353c3fb9ad8b93efc880dbc62ce23f9
s5,o35,s5/o35.npz,300,1280,40f5a07b66c133553aa6f5372d1808b7848ca2ee3666e6510bbb7deb02b03700
s5,o36,s5/o36.npz,300,1280,c071cbf2c8fe9d77353d1afea7f388e2d6138e923e3142a6be009bd6abd3dbf4
s5,o37,s5/o37.npz,300,1280,cb80edfa486f4337993c0e22e1de012b3230d3f17de22b5221501f9d60451e82
s5,o38,s5/o38.npz,297,1280,fd0cf8954af04eabd52db479a47a002b187743f80950290a374dc2865c77a117
s5,o39,s5/o39.npz,300,1280,e3c4b966d64c741e9cf05f1e8af3ef589627683bb7a2c9deb5bb26bebe357576
s5,o40,s5/o40.npz,300,1280,b06f37434adaa5befa17304c62616a8c16ed3767cfd962ccf33323986d5727c5
s5,o41,s5/o41.npz,300,1280,687db67e3ddfbf24264770836acd1ef24aec0a2c732485ab7285f129ccfcb994
s5,o42,s5/o42.npz,300,1280,f88d12fb36c108d6aa91de277d1c6f6088e69bd87aa2646cf0bad6b6fe499a1a
s5,o43,s5/o43.npz,298,1280,9f8b46c82642476eb3c1a34478f4d646c5fd89f70561dafcfa65bcfde161a595
s5,o44,s5/o44.npz,300,1280,58f13bfe6fc89e1b63c492cde6df14e3ee2f630a38dbb1b916c10a480a85d7e7
s5,o45,s5/o45.npz,298,1280,6903a1f22b276eb22cc4bf7c2a09c33cc0e9e62f03c5cebdf687372079c37533
s5,o46,s5/o46.npz,300,1280,c3b9ed2d15a070ec04b7946f4361899fbb84c34e41d47292dc3aa04e1555c4ef
s5,o47,s5/o47.npz,299,1280,aa9b119578a80f9b4d87d1805c4cf41a06f60eb2b000d28cc86e9ef07f90e521
s5,o48,s5/o48.npz,296,1280,becf7351ce78fe4fd42a446dda6038d9c40acf31ebf8a514cd869a9970a2af2f
s5,o49,s5/o49.npz,300,1280,f4ae6f8ec9dd31e28daff423a1f8373df3cea67d542d501a889c80629bead53d
s5,o50,s5/o50.npz,300,1280,b7b6567944ef8b64fea5c460bbbf4716bde4e3c0dd37f4c59c1893939af5c44e
s6,o1,s6/o1.npz,300,1280,1fbdb42f389d9569d85882b77a222cbbab6092c065751df1b51f24b4b4a9575c
s6,o2,s6/o2.npz,299,1280,71c17b888ee4492ecaee11369ccb2f18edccb16f89e38dd3ea323145cf442959
s6,o3,s6/o3.npz,300,1280,68d34da11c31038796282eaed5fe3abc68e5223a9e5d4f3b237508daef3dfc8d
s6,o4,s6/o4.npz,300,1280,b7c287325e974b3027ed230faaf6aca107eef179c6b75523c4ca4d103c97f2ea
s6,o5,s6/o5.npz,298,1280,3b59b31219cf10e0c30faafa5dc727141cd59a236d6d0e04c1233291de41afbf
s6,o6,s6/o6.npz,300,1280,2f5150ea63485bc1a6c2b813543e6ea3739c4b0df0590f7d831d09d861982965
s6,o7,s6/o7.npz,300,1280,acd4b5bc601133c97e2a56ecae6df6583f7d49da574c1238a3da15a730adb36c
s6,o8,s6/o8.npz,299,1280,2e6e3120d90da6dc0c63cd7b86ab8e375ddd2f606b68860b84edf3e5bbce86c4
s6,o9,s6/o9.npz,300,1280,3ad4e26e2ad2b74fdf38a479381a28e3afb6540eff0f5a94bca09dee5965648e
s6,o10,s6/o10.npz,300,1280,5101e11eb4a3e670ea32a6ed9927bd96f1f46c06d769101ab9de5917a0ae3086
s6,o11,s6/o11.npz,300,1280,adef164115e402fbb8027340e385735b6b386b84769c02fbbac1382c25689656
s6,o12,s6/o12.npz,300,1280,02988d92f877c11a947b8ed441d4c99dd991f14142677764ebec266f228bea08
s6,o13,s6/o13.npz,300,1280,36aa4afc4eb5b50d849d5077992e9263fb390613c52a33d18e8218214a63bbb4
s6,o14,s6/o14.npz,300,1280,cbed2af44ee573e689e8b7abe377de3a61c5ad0ca6e95e9c2d72920b703b52ec
s6,o15,s6/o15.npz,300,1280,9f42f30976203280acdcfb595ef9666320d0b1032cb00f1199b04d2803b69d41
s6,o16,s6/o16.npz,299,1280,c5f36fb74e684c30e4403f2c04554e490d63dce7b9c964d4909d37c832287eb1
s6,o17,s6/o17.npz,300,1280,4d0dddd78cf2e8ead4f93867062eb7555340983fa97ae3db64fe41f270fd36fc
s6,o18,s6/o18.npz,300,1280,c9549c3f0eeb9239acca979e07c1cfeb19f799a0343e8b67c12915462ba743fa
s6,o19,s6/o19.npz,300,1280,bf4edd04de132012af291b1ab5eab410c7b60d3a77e00d846b50b89b5668ae8c
s6,o20,s6/o20.npz,300,1280,d940b2ae947783c2c3f8e9a6bb644878dcf05151fc3dac923425deedff4d5484
s6,o21,s6/o21.npz,300,1280,a838c97ddb2b2114ada6c13c7dd61a4143301bcf4050952ab505251c36b1850f
s6,o22,s6/o22.npz,298,1280,522c3cea3be2b8aab69fabca54c22f84d4438e0580755f266db09dc91657a79a
s6,o23,s6/o23.npz,300,1280,661ac8bfb1daab05a12e8ec6628143278ee0db68d9a6a9d2029a18b73ff055c0
s6,o24,s6/o24.npz,300,1280,1f236488f34b314325ed0c759a1e6ddc71d8369f91375278babc906a1df1c0de
s6,o25,s6/o25.npz,300,1280,b08a04234a9ba29f4c16e34f11000b50d6151e1ae1a63a54823645f41f0afc7f
s6,o26,s6/o26.npz,299,1280,8c144db52660f9549e34741202f8cd557214690ab37521252815bc99e42b6b0d
s6,o27,s6/o27.npz,300,1280,1b414b782e83acff7943de8fe3ae6faf06425d01bf8aa464b9d321d0062bae53
s6,o28,s6/o28.npz,300,1280,dafd16f124eea1d643704ee5b1176ca1292350eb299cebdae7df427cb9b3c67f
s6,o29,s6/o29.npz,300,1280,b0f353c546da2d688e449a63d46fab8008f859423324ef579fdfe138ed815b38
s6,o30,s6/o30.npz,300,1280,7298b99bbc0cc7c19c6b04609b350d46951bff673b3692b3a6d03b998ebece9f
s6,o31,s6/o31.npz,300,1280,5b8a11c9aabd53367369375e5669c47e93bf7796cd81dd6d79c744eed8d3e4a3
s6,o32,s6/o32.npz,300,1280,2999ad629278bc40d5b81d3fa01c6ae440f0a0edd85b47ca288e8e80a6d43a2d
s6,o33,s6/o33.npz,300,1280,8c84e46038d44794300dffb3ff39cae55446d64152c666b34bc74d2614ada5d5
s6,o34,s6/o34.npz,300,1280,a1801dc4060992e239f0709e6d9ff180ec39ecfcd3fd0183f96321f2df50c5ad
s6,o35,s6/o35.npz,300,1280,82ef9d3675b75d0b5ad3905b19b70118ceeab4d978fa74e78e96d1ac3e04b31f
s6,o36,s6/o36.npz,300,1280,0e291ad03334c373a29ba4281853fb2bc93591dd79a01faa165e994641a15a74
s6,o37,s6/o37.npz,300,1280,3af1bfacdc6fafff78f55378988183730a42dd5e34e8962a789fd822ed7447d4
s6,o38,s6/o38.npz,300,1280,6fdef069a787a72ba4eec4d73b1085aaec0f4380c81d6631cdbaf2698fff0238
s6,o39,s6/o39.npz,300,1280,440489944d2d1e7a0bb76b82dc130ba5145cc3d74af0fafe07a192e75d55b730
s6,o40,s6/o40.npz,300,1280,696874520bd98c96457d2162bf4a2fa6a6fe021acd422556f50c8ce1dbf33c73
s6,o41,s6/o41.npz,300,1280,bb26df596cb1c18916fe592c168f6567a21bc0c36729635c3e714e8de57cbd60
s6,o42,s6/o42.npz,300,1280,aaf89a89c98f28f1d645c261fa5874175357bd2e9c50a640f8c6e2c058639b50
s6,o43,s6/o43.npz,300,1280,0fd1235bebf91367df1d9a9dd82bc9566f1ddc5e13628da7a29a98bb44924cb0
s6,o44,s6/o44.npz,300,1280,5751784963d95caae11f47527ecdc2a2a2469230418c1d84e932f559146adb84
s6,o45,s6/o45.npz,297,1280,a14918bf4b312af44c78c3d36362048db6b4d74dde204e54f7c9eb9b14ac632e
s6,o46,s6/o46.npz,300,1280,497dc8f73e873083042aab2dd845f26a0e2b38c273473a884a04f179cc398d42
s6,o47,s6/o47.npz,300,1280,24fbf16b2fd0f21937320546f5b46e8b93e136b7e9f8ad006bd9eb8ef54a14c8
s6,o48,s6/o48.npz,300,1280,b92933343af44bcdcafbe9b7654e99f37b10ffbcdac960d26f257f53cafd69e7
s6,o49,s6/o49.npz,300,1280,98dd893fd112bdd21d5ebebae76deedc9fb385174feb7f59cb1a7e01c83cbfd1
s6,o50,s6/o50.npz,300,1280,01a298aee198ed5e8169214f9a3aeb81ba41e4d407a05411d7d3fac6de07990d
s7,o1,s7/o1.npz,300,1280,7ab0a1a54c97479e9b972c8cc2c4cfb0f9946a0a4fa22d1b95b73ea115c266d2
s7,o2,s7/o2.npz,300,1280,52eb6753da1beab8593b433d44e96783a8a16f092a5fb5f474be3cca63a252f5
s7,o3,s7/o3.npz,300,1280,bda26d06e30f5bba8eb4b423cecba70002a4af95366cbaadbba5abd0719efb3e
s7,o4,s7/o4.npz,300,1280,7393a5dfc459999da838f90963ed1737fad07b9bc2bf2f5f5fb1cd71161bdc1f
s7,o5,s7/o5.npz,300,1280,450d608d8eed1ff64a80c04c2653bc3c89092933173a9f986cdfb0997c6ec099
s7,o6,s7/o6.npz,300,1280,bbad4e0bad35a62ec668bf8081a490e1fff4f0840fb32a0d6ad0fb7d0a6f1fa5
s7,o7,s7/o7.npz,300,1280,d84448781afc9f945b9aac4af2cfa0d87fd84d4dbb74347a7fcaeb947c82c7d5
s7,o8,s7/o8.npz,300,1280,f2bfcee2e4c8ca4c7f779a4d17e8248e5ca67d40a66236da7a0c3df2eba9c637
s7,o9,s7/o9.npz,296,1280,caf60bc80191955963909a5fce6ccd5587555672e99331ed82420c1d7469c5ab
s7,o10,s7/o10.npz,300,1280,a016106ef0c6f83434db3cf54081efde3ea3624eb6be5c564edd3659ff7fe97e
s7,o11,s7/o11.npz,300,1280,f9cf388f241a6afb7168bd0e0febdf952f5a716b32b6fcaa5c682e33d56e4923
s7,o12,s7/o12.npz,300,1280,cf75b2fe819fc7d265a64c89c670f5c070ca35677dd5f872d8ca9c6ee551816b
s7,o13,s7/o13.npz,300,1280,c01bc5004899dbbd88da42738a919341d27dc516eb0ceeebc8fcffbb44f6c1db
s7,o14,s7/o14.npz,300,1280,e4cb30ce2991964a8eac6b8cc06026163e5a3b93842467d6ccb181b3e245f388
s7,o15,s7/o15.npz,300,1280,bdd48ecc71b5182b06d0f6efe3e1f2711ff19ace811c930696280833bdb4deea
s7,o16,s7/o16.npz,299,1280,4fa4351d48cadc59d0942e65c12a24de66a04f5f01d257c4f84e2e947bb69014
s7,o17,s7/o17.npz,300,1280,4c3eb65e6740d7e08890628a07ba980e39244e9c4bf44ee4747e97d9c8c9ff70
s7,o18,s7/o18.npz,300,1280,7bd2a02d70634a51817475bbb07f2a13b4fe9cf53059fa1f9b9a5fbe14aa2644
s7,o19,s7/o19.npz,300,1280,25dfaf23686f907ba5d5147aa1ac24254dd8dc17e5eababe8bf47d27c57d4834
s7,o20,s7/o20.npz,300,1280,ce38525c862469741390168d994ac5eddcdc17d694c5e9f3abd9fdfd911313e5
s7,o21,s7/o21.npz,300,1280,3793c018e8e99d2c6e76474acbdc172bc6045f2fe909bbd2c57b3480c60435aa
s7,o22,s7/o22.npz,300,1280,c5908d7f00b05d73a30cbc7d63f6be4bfb42b594bb10e6a1db778b02ec19057d
s7,o23,s7/o23.npz,300,1280,d9125f580518afbb0a9a3cca99b7ffe480285fcfc47e1a580d0051fa8c2d7dcf
s7,o24,s7/o24.npz,300,1280,97223b2fd10c7eb030bdac9d696a3acd9f240dea407ba5f3a1e24c1fa96dc58d
s7,o25,s7/o25.npz,300,1280,7e6a277a8b4d29170afa9219ed706687f25d52201d7e5adcf443e5387a9c220d
s7,o26,s7/o26.npz,300,1280,4be5d38884322338643239c6166cbf739962d6552051a8e500327b00f3b6b61b
s7,o27,s7/o27.npz,300,1280,4590bdd6b30832e51fd6a81d3c2e788209f552dd607e557ea97f89d2f909d16f
s7,o28,s7/o28.npz,300,1280,14de84c8138bb79dfa184b7174379ad1163862c25f7677b0658da655b58fa708
s7,o29,s7/o29.npz,300,1280,1cbb9fceb069ced91b508c69011580737a810a33ae1eba231e7ae2e1548db27c
s7,o30,s7/o30.npz,300,1280,dcb0f858a8a0bd5587146035303bfada0aa14d70397e178b8d876048138ccab9
s7,o31,s7/o31.npz,300,1280,e01bd992c4f6982e77cc75c4092957f2bf1035d569c0f145dc5bded541b6b048
s7,o32,s7/o32.npz,300,1280,bd7c2469bdbea2d2b49e35e3c36676f9e276aee9c0077c1a413e98f18c08ac69
s7,o33,s7/o33.npz,300,1280,4b7d6574ab447769ee7f122bb5a23f2555b65df1768d4fcda12a328075cf8e53
s7,o34,s7/o34.npz,300,1280,e869e0795cd453bb12839d2001aed026fb6ba237f13216c220a2db1ad17aba95
s7,o35,s7/o35.npz,300,1280,bee1db4d00116ae9ad58058c6177d47c5c44f04a1689ac820c225fd2c95b2ae3
s7,o36,s7/o36.npz,300,1280,3c3dab7a01842609a1d1a9314864d751fdddb5a97cfa4b5dcfa1ed3989364663
s7,o37,s7/o37.npz,299,1280,e1e66abcde5341f9618106b3d43925f6af4b7a94ad36c882c0b6cf234e40d5c4
s7,o38,s7/o38.npz,300,1280,00678d634fa0d6ff8c16ad8f852d52b81e9945c4e19d3974b52ec1c1327e0fc3
s7,o39,s7/o39.npz,300,1280,5e735590af9f84e22e8c7972625a74f8af0aa1b0487537152f8a3922cccfcefa
s7,o40,s7/o40.npz,300,1280,5a76b10e76e811e5238556138994f7c3b0340cd3f61f4658592a67bb57779eb2
s7,o41,s7/o41.npz,300,1280,ba9b70bff6b913bc412e6dafc5bebc4b1c27318ffe81fdd649f84cf2a6efe637
s7,o42,s7/o42.npz,300,1280,967e7ce8955ff8558427a40c2028462bcc85dceb530bf6e2dcc7b7cf55239750
s7,o43,s7/o43.npz,300,1280,52ca1e338d2927c2fc32d0402b3f7da44e6a9f508ab4773a1b36ab2330cbdeb1
s7,o44,s7/o44.npz,300,1280,7ecffef14f6782bf657bdd4e10904ebfb2c4fa27ec046c69748d7e00c898716d
s7,o45,s7/o45.npz,300,1280,34a6fe95f8e0496f514652f718b99e6a3be35262af5c4a14e9b930462bca90e7
s7,o46,s7/o46.npz,300,1280,2d3d3c6e7029d1fff85f9511b42863b6bc338790f8e7ac527d583af9fe8c3d83
s7,o47,s7/o47.npz,300,1280,6522942e13757e9e9a76e443b4bbd362ed932842f3247732851670f5a6688b41
s7,o48,s7/o48.npz,300,1280,18ba899b65567000460c0359a4f79e02392fad2b8a7c4e2192306061d3ae0b4d
s7,o49,s7/o49.npz,300,1280,ed10826a5ebdc9aa92e40d731c04e13b650afbb1dacffebcff5ed70dae66045d
s7,o50,s7/o50.npz,300,1280,64c3563a69797ac4122b0aa90442ad87b862995c1ed2d66aa0a4ce7ef665a858
s8,o1,s8/o1.npz,300,1280,9038b84825483155a8c0c718378aa18b966fe50585f4df05938002e35d6d8164
s8,o2,s8/o2.npz,299,1280,65e1305827e97f081c106f10856f4eca3d7b49eb8a2222898be8ac1b486a0ef6
s8,o3,s8/o3.npz,298,1280,cb8e4fbc676fda2ee48578a6520902d10bf21359b282b0d52042c11b4979ece4
s8,o4,s8/o4.npz,299,1280,46f0a9f9f3c038bed44e22615c9db4952da159866e84ebd248732ca3720c13ed
s8,o5,s8/o5.npz,300,1280,4cf9b1c95bc80c9b91b4232a7467ead01b0961710f35d596f556f442cb7cf408
s8,o6,s8/o6.npz,300,1280,bbbdf3cd0a9ddb62dc89f26c03ce63fe0b12067b627dc079d71118bed3953e51
s8,o7,s8/o7.npz,300,1280,c38bc42cbad763dcbeb822e72fc6fb71553b7cf6aeab172afd912c4723c0a4db
s8,o8,s8/o8.npz,300,1280,c8b130a3fd5343734f81ee3c2843a273867fcf3b24fe6d3e54dbf243d5079057
s8,o9,s8/o9.npz,300,1280,f91a86b9981489778171a8747938acb43c46e364b62728d9d6ce97c06c71c70a
s8,o10,s8/o10.npz,299,1280,93bdcf1fc46731cdb6171551c3389bec23b3fa8ed0599d56ef10bab8ff044cd5
s8,o11,s8/o11.npz,300,1280,0255254da0711fa92751eacb99c7750fb2e8abbadf6f0272c4313508d1f29da1
s8,o12,s8/o12.npz,300,1280,9fc4b974c7841f4e13bdcb8e3bc093a24c1c5491a388aa7a3948272e3154fb6c
s8,o13,s8/o13.npz,300,1280,f5dbe3f338eab019730e219055142466350f8f016522b8172a6eeeab186e8362
s8,o14,s8/o14.npz,298,1280,a6e9aac76c3f8d744b0f0701cb80fffe3317f199aac6dbf9e2c25caac6e61a81
s8,o15,s8/o15.npz,296,1280,ec27d1590ed597fef667346d3957b3b4ba19e46f96859a513e6a68fd8e833d6d
s8,o16,s8/o16.npz,298,1280,58e9949526d79a5c013bfe4814c4cee4c6987fc04582fc7fb7a2eb0d3d58fa71
s8,o17,s8/o17.npz,300,1280,96fbe7f2a75713376063e7277297f290e587cedff306719f6c8ffd3043bc30cf
s8,o18,s8/o18.npz,300,1280,f05697383c19ff4078ddf20ce68498c074843ea2b8f0c45d5192f75a007fab26
s8,o19,s8/o19.npz,300,1280,9a3c8f7e44a8a84201d7b8d690506805deda7847511c1a831384c87878028da9
s8,o20,s8/o20.npz,300,1280,b12b97e5762db5000fc76ebbbdf4d2bb0c46a87c05d18b6ae5815f158cc02d1a
s8,o21,s8/o21.npz,300,1280,256798afdb36e504c26361f5ff68ce0d74eea261dfcfae21dc9abf1bb3fc0ae1
s8,o22,s8/o22.npz,300,1280,44cb3fc74e4c41e9d26aacde159b77f64542a7a92e0d092cafde4ec47e08d8ac
s8,o23,s8/o23.npz,300,1280,a8b6ff81acdb00f0632f94d740e875bfad4e1a16799842a7defc64de95fc36a7
s8,o24,s8/o24.npz,300,1280,abfa22674f7c40de05dccf2dc32fb6ffd0e68d185bdab4962a361ba7320d81b4
s8,o25,s8/o25.npz,300,1280,63e89650f4d0fe1581ddfce3b2cefa9eb4a28e3cc70b685843c1c8c7d819c6e8
s8,o26,s8/o26.npz,300,1280,e4c4dd8798a14e2ba4b7c8a08099997239480e7b001fc6212ca4853a01f908e0
s8,o27,s8/o27.npz,300,1280,2a20f1f7e2a81c2bfbef5e4e70a0450e6cedeaf2fef4430cdcb9091e68ecc8ba
s8,o28,s8/o28.npz,300,1280,18f6b2c4692086000d56ba7af1a72f25f879707775babeee4a377dd4a0cc0914
s8,o29,s8/o29.npz,300,1280,a0536337763c7b04d254b44dcfa5c5a83977b0f92c365f5999da62039e6d1335
s8,o30,s8/o30.npz,300,1280,19485940b65d8d4b49b46f3f997e0c77f470340e6be43b107f55d4a1327bc889
s8,o31,s8/o31.npz,300,1280,20cd34b1bd70c287a40f8f7fd48aa74911bc767e12c10a45e3aadc74b54db79a
s8,o32,s8/o32.npz,300,1280,cc8eaa1ed70f909d4a7f30b3a5a4169e9991c00c08ce4ad63e124e3a7f0b41bc
s8,o33,s8/o33.npz,300,1280,9bb5c0ce9fd8320c4d20e753336635567ccee4932e41ff71e8a98f6b8da97123
s8,o34,s8/o34.npz,300,1280,5bf7ae68a72704abe3de73a602b69298ed807b489ee2f5293a70237878b37879
s8,o35,s8/o35.npz,300,1280,f7801a40feb32c3dd8ea1bf63b5e8a303b0630e4fb49efcb5060a12ee7ff4432
s8,o36,s8/o36.npz,300,1280,5fd53f2d990929da7b0357df5dfce8b785d974e3d72cbacfac078a9e99769fc3
s8,o37,s8/o37.npz,300,1280,ab2d1e173cf519026423d1f4c44dcf9df081d44aacb9e2d401ac39a37c5bbb73
s8,o38,s8/o38.npz,299,1280,c9d94995876d029c39baefd106f09ee06217ff828945a5469a0e0a61aa3fded9
s8,o39,s8/o39.npz,300,1280,c814e5a4cf6bf5f38873a61fc18515f0b584b1951d9abfcc3a6d94c0e36400e5
s8,o40,s8/o40.npz,298,1280,759eff96fcc1ab30b7e62aaf33a68157aa1af10fd04e726d0b8d3d5ff83ff7ea
s8,o41,s8/o41.npz,300,1280,dbe9f572b9ca47258237e152c9751becf0ec48b06ffc7da9a9d5089ed2fa65f4
s8,o42,s8/o42.npz,300,1280,5edd78f2730383872807d718cd4eb0716b53a951610bc3484e1e5fd1a4a1770d
s8,o43,s8/o43.npz,300,1280,16b8d1eef850e6ea19b36882805aaa01afa9225089d22248586c03c74148a090
s8,o44,s8/o44.npz,300,1280,00d8b9567aa6ef7fd610d94ea75e78cced5704452a738ad121196a71693277b0
s8,o45,s8/o45.npz,300,1280,64c88a7f09b7acf035fca1d9e1b76953b26e06d08b62801b13a89047809c2992
s8,o46,s8/o46.npz,300,1280,a88acc7567f5d41d00ce56eea4387824f9d319b68980178faf659ea34757f467
s8,o47,s8/o47.npz,300,1280,94a3b32828bea98e8e23f01b95b92e2fcfda325dc1c48a339e45c89d17ff9669
s8,o48,s8/o48.npz,300,1280,8472f244d25080bdc8be06e5979d8d3554d527edc4d85ddef4c8595c965441a7
s8,o49,s8/o49.npz,300,1280,308f8c4c05e124e72c3437da5eeaf386ddd397ff1125a867efcdd779f1c00eba
s8,o50,s8/o50.npz,300,1280,2ccd237c005aaae0ef467a0cd65e8f715b8f693fab0ab295cc5fea4a374ff672
s9,o1,s9/o1.npz,300,1280,fc5e3e010bbfd52ddbdd511fd536a8f7bb2b972dbf717c8280d134db9d788111
s9,o2,s9/o2.npz,300,1280,b6ac2e291b8696b24c839ad71215416b37e55309947d465becd4d12a464522ed
s9,o3,s9/o3.npz,300,1280,57b23dba6c5dd244328fffc2fa430ed542201e9ea5e69bd5d12c7981e683931b
s9,o4,s9/o4.npz,300,1280,25321c22d02446d0e73da657fd3909a1cedd34b11fbc53ca02f77fc844ff8229
s9,o5,s9/o5.npz,300,1280,099e847cbed65cfcd4e101088d1569ca761fa35be265ce8c48bf9ba3b0af6cec
s9,o6,s9/o6.npz,300,1280,4ee108ffb445f74aa427a20a86fff7e3365f8a05a3c4b4d6d8a16d55dbb07cef
s9,o7,s9/o7.npz,300,1280,00f52bd967f75d951cc3e8b9bd7b996a018e5f33d1d2122a485d9bbefb119523
s9,o8,s9/o8.npz,300,1280,25e630ac44ec5eb439f9933f96adedf510dce143491b240427bb0ab22baee2ca
s9,o9,s9/o9.npz,300,1280,5217bb67f94982960a6cc2adbdaa300e6e117f2843f5b6a90680f041910e60f9
s9,o10,s9/o10.npz,300,1280,d562af7eb0f81b7ad045846bb1caa0c4f351e743ab719dc41c4a933a3273cc6a
s9,o11,s9/o11.npz,300,1280,062ca331c2d048498fd8f07a433f05dcaf4ca50e5360841b490c9da76a771e63
s9,o12,s9/o12.npz,300,1280,3a7a5a2fb5ca7a47137f735fdd2633832154a34c140846612ea314cb2cb5b4df
s9,o13,s9/o13.npz,300,1280,b8b659dca9767c67a97254c8a07b21e0b1aa4ed81374ff5d437f1cc3409e72e7
s9,o14,s9/o14.npz,300,1280,e07f5c11b36a7ed219cf86851b64f82666dde10086e58323750b276a1f90c9be
s9,o15,s9/o15.npz,300,1280,9463f6a1922fdf78f2f36bb62432dcd44fc4cf2b99e89ab6998d1af49ca080e3
s9,o16,s9/o16.npz,300,1280,52011a777accbb60bd97c78ac5c7b74ecf93d52cf48b69439abc979f31865b12
s9,o17,s9/o17.npz,300,1280,bc1ebeca2d07aeec43f47d8e0d0997e3526fe75b5fd082e41639648eee9b59c7
s9,o18,s9/o18.npz,300,1280,4e9bb748dfce717c219e5a1a6a44682e9c24db992e9c32c839b3721b1741894e
s9,o19,s9/o19.npz,300,1280,7d08945105be8ba731ce4df8e47cb91678377c6c2d9d78e3e11be72d92548522
s9,o20,s9/o20.npz,300,1280,e69c13ddf7656e6bf956251b112f551a7d35cd2a3fb8e1bce18b7d7aab62b43b
s9,o21,s9/o21.npz,300,1280,28cd81e52a0866210f1b3d2605ed5e7081d55299d9688f8ddd02cfccb33793de
s9,o22,s9/o22.npz,300,1280,bcfe088679f0b6d4d777ff7ed7ee2834c2a80491db99d259caccbe8b6966e143
s9,o23,s9/o23.npz,300,1280,ccfdd1eb98196b5f5292dab4e2400bdb30671c00b9e974dfa1e088834f4bce21
s9,o24,s9/o24.npz,300,1280,91a4004ace66ea06a77926d578d18e68a67bd7063ebfe960ef893b7220e64090
s9,o25,s9/o25.npz,300,1280,969e855f0b00ed929d5c8473319711781a8a6cccc35bffc07a33aa694c38f343
s9,o26,s9/o26.npz,300,1280,2b3be73fa2571d65848fabd7b52443978cd6d8848e7aefb72bc94d597c0a3ffa
s9,o27,s9/o27.npz,300,1280,0c628d134cc28900ee3b0d2a96fd84ee7c737d8d2285ab8725f87616b63cc832
s9,o28,s9/o28.npz,300,1280,9c5b5303cf67837bf322a7f9a6795f26f7d3e028b9bef2be2fc987d681d747ee
s9,o29,s9/o29.npz,300,1280,3daf2fa5bc4abc2a7bcbb3f0d86529652176cd00d2a7c693bc382f4ed78c3e0d
s9,o30,s9/o30.npz,300,1280,1a35a3a64fd2930dd85cb4dabf8b3fd8db16204338d3710a65d93fa0079e6f35
s9,o31,s9/o31.npz,300,1280,f0df80e398592f0e29aeef651def5082581ec8d541fbaf787d87a475e016121f
s9,o32,s9/o32.npz,300,1280,cdd93cc2c0c60c076d76e64400c4e30f9b83cbe906fab64f8b7b327cf126be68
s9,o33,s9/o33.npz,300,1280,1fcead7a064d4ce5d2244d324d0c37525656c838d0929e76f675c99b153bc7b1
s9,o34,s9/o34.npz,300,1280,c6c796921f9f5890ea0b7dce4c80534f284842f9097aa5f846c5d23873aa6bce
s9,o35,s9/o35.npz,300,1280,e57d1417aabf43d0fd6bbfc1fcb7b6a7bc973377b7088f0f70cd5f6e2832aeaf
s9,o36,s9/o36.npz,300,1280,84cd3a1087641bafa69a6c9f90b1426d104f8172700dcb35aa9e1d5db5cffc40
s9,o37,s9/o37.npz,300,1280,f5ce03474f2674c5810dffb546dd71533119dd4aee4ffe76df87ef41d75464bd
s9,o38,s9/o38.npz,299,1280,e7076bcdc93dfa11608c2cada03fc81a5adcc082695d4fc5c8b7a7b965d7931a
s9,o39,s9/o39.npz,300,1280,9e5d2778e775fbb042a86e1e5f6853bfa4964abdbd5368fbb321a8ccc99f339c
s9,o40,s9/o40.npz,300,1280,297ced597eb3a435d02e46eb096a214af1084c4c14a576b93f211dfbb5804c0e
s9,o41,s9/o41.npz,300,1280,7c5181fc2cbe62aa1fb341c9511f1b905525c13cbba8eb33a754a97b9f54fa6e
s9,o42,s9/o42.npz,300,1280,2b9b00825dee14e5a16caac7eae03c1f1a9c3ceba510df7931fd87cf37da9bcc
s9,o43,s9/o43.npz,299,1280,ae0c4187ef3f7a0290c6728449ea34c8e42c070e8c6b496b5c02aa1a53bcd56e
s9,o44,s9/o44.npz,297,1280,4ea06a2d3f97a8395502b6b4cf3f02dc31741a9a3541af200c4461d9dfa09320
s9,o45,s9/o45.npz,300,1280,4aff7c0a0e6862f4d0f376cfc64a1e73b33f38079ee37678956e02fb83d44692
s9,o46,s9/o46.npz,300,1280,778f1507875e36bd87a5a3c36f970f99dcf63aa9c3764d793ab671de51fbad83
s9,o47,s9/o47.npz,300,1280,8bdb36748fd2d57cb292374997bbba248d61b8cbd249866af221504bb73a94da
s9,o48,s9/o48.npz,299,1280,ee85bdc8d07a5582eaf4d9ab51735b4973b8c0cc7d81288058fa9d442fb231bf
s9,o49,s9/o49.npz,300,1280,4bac468b72e12689b173ed7057a304803090c8b6643271102591aa939c1393b7
s9,o50,s9/o50.npz,300,1280,f1eb8659510480051ec939424d15b88dc5cbffd66fb003f9c0d8ab48c98b31ef
s10,o1,s10/o1.npz,300,1280,1eba6e5db85cf23fdc0bf489d1e78f8ab514e276edef1c7c5f3cfe5d67e2aa50
s10,o2,s10/o2.npz,300,1280,4e13b55c39020b5819141557ad7325003bdd7a996ae8b66bb210ed563c71ca8e
s10,o3,s10/o3.npz,300,1280,5d80b8baf340b18e970965aecbe4e7600bea46d881b6d08de28b6e9fe414601c
s10,o4,s10/o4.npz,300,1280,a4b521cbbb987f1e9cbe2142cd23e911ea4084a9cd239009e764c3e7f3dfd07a
s10,o5,s10/o5.npz,300,1280,b3c02952b93157fab82862ccd91d90d8de55633a3badbc198b60ae5e8059b237
s10,o6,s10/o6.npz,300,1280,60d5a5f11fb4a01ffd5835277106dade864762fe7e81bb8e0225d10a59b5b1f5
s10,o7,s10/o7.npz,300,1280,979a0834fb81fd95fa228788fe7d4374b423334d3fe6278a37138834c40abb90
s10,o8,s10/o8.npz,300,1280,5fbd0164eafe1609b6dbc4fd16dc06f00f3650d19ff651f39a1db48ede0fe3e2
s10,o9,s10/o9.npz,300,1280,d1fb1f8723778769d4d885bcc35ffc5f9d8a6cccf4aa7c85950d46a3a0d5b855
s10,o10,s10/o10.npz,300,1280,a01af55269e72a99e40d26580e61e4605b78da6bbc6b932b144b5c1fe2810add
s10,o11,s10/o11.npz,300,1280,e01efaa5a7dca668fe3ebdfc9de6e042a22bfa4aca3a7bfdf32ccbf25499fcf9
s10,o12,s10/o12.npz,300,1280,e59f4c4c5b2f38d2e40312dd78546dd8d173f925983c919ffeec3bffea95b8e4
s10,o13,s10/o13.npz,300,1280,38dfd5b5dc35376459c448c0838e19b61ec0ccb48c0184a443efe112b3487c0a
s10,o14,s10/o14.npz,300,1280,60072a9dbb1dd1e0d0cea7bfc8fc24a466d7121b29af5d4b02b7494d6cd20fc4
s10,o15,s10/o15.npz,300,1280,b3b88e05349054ec02d15409edf8740cb5c5474572e87dca700e041b563d1f18
s10,o16,s10/o16.npz,298,1280,128704845622fec2a9a1c962ab6e6d616e8890ee9f5ae60a181407675aa3c375
s10,o17,s10/o17.npz,300,1280,84a4c83948ffd4af91ecfbbbb9dfb5005002c3a4144ce4d4c3badf13aa27cf23
s10,o18,s10/o18.npz,300,1280,ec37ed475dcc87388946e2ece2c57f1b29c7aeb279c73a04a4a22c00def0a2ff
s10,o19,s10/o19.npz,300,1280,7ee9fb2a68b1e71ea4f25107a81ab47d7667258d8776a892ef978ec983c5da94
s10,o20,s10/o20.npz,300,1280,9c3c7a28e59af3c73509bb247348dea22e7b5453d68140655c878ba255a2b960
s10,o21,s10/o21.npz,300,1280,95e10b259518ae1d8f56443906ef15d46aa2a87952b32f66be1e2b4809066265
s10,o22,s10/o22.npz,300,1280,a144b5374c2bf974e23dcc422f9505079f03c42ac2b81f3d36d39ee57080360e
s10,o23,s10/o23.npz,300,1280,04132ea649224ecfaafbd39ec9217efea5747ba9d7ad420cecf6c4c11683115b
s10,o24,s10/o24.npz,299,1280,9b23cf4b1e5df2cb89ab4c3307d42fb479aac1c987c94841b95ab6f473f44937
s10,o25,s10/o25.npz,300,1280,4a890bd735ba64e9250e43bb8aa521ad2c045f651309c87626918202c8fc6c9a
s10,o26,s10/o26.npz,299,1280,5d6b97fc25d2dd4389ad0be284b01136d3341f63392462c4d189e176c22aa90b
s10,o27,s10/o27.npz,300,1280,6a337914e9df700045656ac6ebc60c45f9d665de620110414f8a59ccdde2eb6e
s10,o28,s10/o28.npz,300,1280,bf6ff508f6ae6fa87ed4e8230e297c2b75ca6e2261c469a6ad8a2b83bcb0fa6b
s10,o29,s10/o29.npz,300,1280,6adeb03a5a1217b2f5ca3342020b516551aea868a2fd1d55ee7aaa827ebbd0b6
s10,o30,s10/o30.npz,300,1280,f18431f6ec640398a2f3964ec97c728cd8037603d909c353891ea53fcc7fbb84
s10,o31,s10/o31.npz,300,1280,b0f4cece93df360e90881e06be748a3d9818dad30ed30333e1b1648479c2a9e1
s10,o32,s10/o32.npz,297,1280,40ac94f45bf31fa4d163c67a66659e14efd34d8b8e61b8b4ecdbb75bd73c131d
s10,o33,s10/o33.npz,300,1280,a9d967b7cfea17042307eaf21eb534563ba5d41f48bb98a53450e03a5f200d6e
s10,o34,s10/o34.npz,300,1280,ab1a91b5decc9605b14c5753c636dbc4860901cdf0a4ae8039a4f0475360cc07
s10,o35,s10/o35.npz,300,1280,25af642b2ef7ffb17f5319a47007a4606eec2417ff486c33b4fcd625f735ea96
s10,o36,s10/o36.npz,300,1280,4463936fc396c41ee20196a0c4cbbc3f8bc5697d8ba1a24683961bc787af1cc5
s10,o37,s10/o37.npz,300,1280,2dd53652542fcbf9753efdbff4e66559b3fcad99565501ca5c6c625d2eb618e3
s10,o38,s10/o38.npz,300,1280,2aad896e65628d7a446fa54cbe411f98d6af70ea66b45e31a2b33908cb29869e
s10,o39,s10/o39.npz,300,1280,69e02132c7ecca057cec0b9b7d369312817ef08b1bdb1060840d766515de3edd
s10,o40,s10/o40.npz,298,1280,6c1d6e1a134d051cb207dd6c7947af292604d7c6c1604d27a69d6fc8f8052ad5
s10,o41,s10/o41.npz,300,1280,c20f16236209f50472c41d36ac6949db9d4415c80a1443c94fc8afe9bbc851e3
s10,o42,s10/o42.npz,300,1280,ab2d56ba45897c9fc175a5583704369740948d5444824166c77cb890968fc236
s10,o43,s10/o43.npz,300,1280,dfb949e69c65472ba074b7ed4fae421857ff694043f43b2deaf6617dc4e4aa67
s10,o44,s10/o44.npz,300,1280,7a9bb18f5983d9c8ab9e349c39b1870e2f8231de0e599924bb51e80f7661225d
s10,o45,s10/o45.npz,299,1280,bd335588cacc91aeecb27782e18d70bb9e25fee135967b85e68f519413d44624
s10,o46,s10/o46.npz,300,1280,5c2a329adaa3c6ba9064eb66dea617cd54eef4f49d35cafc9705561eec15fb96
s10,o47,s10/o47.npz,298,1280,f1888e984fe070b46d9821fc973b0a3a0ef92f6c6bcc8d5db4bb090550fd7247
s10,o48,s10/o48.npz,299,1280,99e3cc38d335ad4f37fffa307a379ea62009d0395570bd164d689ef6263398eb
s10,o49,s10/o49.npz,300,1280,1b4218a6b96ad3363b8db995dc284f53df4b1b7a348571ed208a1e6fdbbaca8f
s10,o50,s10/o50.npz,299,1280,52e5583d7dba47509d9c8fa2af1543fea572f0f22f22cdcec46a8d17cff8c99e
s11,o1,s11/o1.npz,300,1280,ca742189342f39c08200281c5794c87f39ffdaa41df07b6211620b960dbb5877
s11,o2,s11/o2.npz,300,1280,c2ebc08108ad6d231839d32a9388369ba95b5f48fbb144a4def43a3aa036bc5a
s11,o3,s11/o3.npz,300,1280,d48b6d73dfe45cc9f7f9aa7a3463fcd12a8ee23ebc94ec789ca4712f6e326b21
s11,o4,s11/o4.npz,300,1280,ded58ca61c966f4b6be2ef94a32454a12992906b901d2637f307f066ac5b9e6f
s11,o5,s11/o5.npz,300,1280,2e4c244aced22d3a93de3b6ab1bb5a8c81855001156828b9833291268db3ff0b
s11,o6,s11/o6.npz,300,1280,f3f86419a534799b9c26a175e260595cbb613efe0599ce2bd96bef150ae08c95
s11,o7,s11/o7.npz,300,1280,e277e479a9617fa6117bb56c948b485aeb56284a81c51e64b31f0f9817464458
s11,o8,s11/o8.npz,297,1280,5f8798941801cc0ca3177281314d4cca972be374a7328f4dce48d135a81d6a33
s11,o9,s11/o9.npz,297,1280,922014906ddbb07faa680e72f602299440a91d79e15917e948aa06b755844f3d
s11,o10,s11/o10.npz,300,1280,a2b22723840d9e3ead6e2acb7da28493428383164e2ccdfaa45c573981b9b6ae
s11,o11,s11/o11.npz,299,1280,b19c76e921548b04fd90cd2e8a2e5a6d62943f563841b50f6a5393524bbf33a3
s11,o12,s11/o12.npz,300,1280,cd3607ccada5a037611d5a90278a3346c46cd241067c73d4fce587b37b8da01d
s11,o13,s11/o13.npz,300,1280,7eac90495d5b32c5e514dc86cd5137351bc15c03e68a5a78f31e505c48b314bd
s11,o14,s11/o14.npz,300,1280,ca13f810c7dbad1183d3dc437f881537556a0f5c7e94d0043d633fdbca71c047
s11,o15,s11/o15.npz,300,1280,8142295ffe82f011307f359527d64a154247fc23119b9f2311d3d2b70f3e4080
s11,o16,s11/o16.npz,300,1280,0036a33722713cfc146cdcdd3664f098bee03fcd96833a2235b6766cb3c34050
s11,o17,s11/o17.npz,300,1280,48b5885eadb6031d3ca3b2b9d9cd1eee34915b6562b7497ae3d318bdf70a1fc4
s11,o18,s11/o18.npz,299,1280,2051acf10d5f25945b25574d02c9fb899c0a01f2d7ff46693bc535f1327b1ed4
s11,o19,s11/o19.npz,300,1280,a89de2e19baa98130f4425f382b8efd6ae99e3936b9889d6e9b74b088ef6c79f
s11,o20,s11/o20.npz,300,1280,b04c60e48cfedc47e2504ed5349532a91a52be7a0dfaa2018b4e882090882f0b
s11,o21,s11/o21.npz,300,1280,db4028cf83a86da5aa4e1b7fc803eb69c3eb082a84aa4c5adf7090104439fde9
s11,o22,s11/o22.npz,300,1280,264d5b15be3e2f20492ccd6b70be14619560d6cecb5dfdc5a6233ccf0eae6d81
s11,o23,s11/o23.npz,300,1280,3af98e4a49acde8cb3da3c2e2c1571f07549d504e5d0ee0d7319514e6c7e8f01
s11,o24,s11/o24.npz,300,1280,14a33c73137b41f0d01c34844416a0a86d5582a1cfdeff5f9386ac365527162d
s11,o25,s11/o25.npz,300,1280,63fb982b75e9d5d807d457c201b171fd0e671caace410d36aa0c38d10c065531
s11,o26,s11/o26.npz,300,1280,2832419a4bbec5c76c808bd03d886146264a083c5320377f0b776d305d008ae6
s11,o27,s11/o27.npz,300,1280,03c56d093aaca577f904cc560b281bfa4bc533bd88c5506732bba0410d79ebfc
s11,o28,s11/o28.npz,300,1280,990b1cfc4fc569701e07afd1d2cf47808f505030518677d669462276893043c4
s11,o29,s11/o29.npz,300,1280,05bb8817fb9bec368b9b492f54aa523f5c1aede16405cba704795d08f83879d9
s11,o30,s11/o30.npz,300,1280,f8e3bbb31db903c645697ac7ab91333aa8aeaf43c5db9674706bb2a561e08d59
s11,o31,s11/o31.npz,300,1280,2abb996f5b14a758e49c8f3531799ae0082664ae3c6453d6ffcbaad8c1577f26
s11,o32,s11/o32.npz,300,1280,e9349139f51c36cb654e222288b442f7eb7733d82125fb778a01fcfb97c353ea
s11,o33,s11/o33.npz,300,1280,869e05cdf326a982287aebfcb5b03e109d870032883cd851a82e5599a437a9c5
s11,o34,s11/o34.npz,300,1280,23f01f69122ca220062f9ae63a684b0d05ec87730d605b3eb8704a3937c87d59
s11,o35,s11/o35.npz,300,1280,210c3b81ad79e061a26bc020a3875d4b6b059d443916689a98bb25b89154308e
s11,o36,s11/o36.npz,300,1280,46f919fe92e2f0bff041816100f7fa6179065278bda136ec65d38444fb406341
s11,o37,s11/o37.npz,300,1280,e736d196618323fb552c60b84a754bbeff032b5a6bdc62b90aad0c002900415d
s11,o38,s11/o38.npz,300,1280,03fb5f5d0ce100a34a23c3fb1968993a01ac49c3c1f665aae0b008ca05ccb2ae
s11,o39,s11/o39.npz,300,1280,01df7602e86e6b913f37a50fab6f665eaa7bed39ec23ac5c66d9cc8568006a56
s11,o40,s11/o40.npz,300,1280,c9e1712f37fb35c24be9cb2ca8ff205fe962a8b1c9077d614021301c77d2b1eb
s11,o41,s11/o41.npz,300,1280,28c28b7be7c025b02f37f3f12f17adb75bd94c09cf408a0f8df2110bff1239e7
s11,o42,s11/o42.npz,300,1280,3d7b52d9e37aa36dfffb85d7951586d934805d644b49ec20212ef40d7548bc62
s11,o43,s11/o43.npz,300,1280,8ebf52a73663c8c939012a83c62e6cd578c1e4c84bee9ecdffd8508063db4dcb
s11,o44,s11/o44.npz,300,1280,5b29fdedb19972697019d858cd17546d9ed17c590d80c9cdb46df6c84381e1b0
s11,o45,s11/o45.npz,300,1280,9d48774b662005d0db3b49dfa8091fbd8404a78892c811d30662e2682e360cd0
s11,o46,s11/o46.npz,300,1280,58062f6e2a75cfcc974cce6de9b1e0d1849b7dfb78426f370a14f9bb96417a19
s11,o47,s11/o47.npz,299,1280,852e4165120611797752944b673ec758a1b62a6a3727afd5dc8cbfeee45be989
s11,o48,s11/o48.npz,300,1280,e925238522622985767d0ce22f318e9f0b4c974692d4b7634502e1dae0457f74
s11,o49,s11/o49.npz,300,1280,1f6f3be5dda59be4c317f52528659a99f7aaa9233543a59c8ac5afc87198f1af
s11,o50,s11/o50.npz,300,1280,29f5e0acd8b62f62f217fbc1204d371deb0d6a6e173d0d7da437d0ab10fa3689
