session_id,object_id,n_images,first_image,last_image
s1,o1,300,C_01_01_000.png,C_01_01_299.png
s1,o2,296,C_01_02_004.png,C_01_02_299.png
s1,o3,300,C_01_03_000.png,C_01_03_299.png
s1,o4,300,C_01_04_000.png,C_01_04_299.png
s1,o5,300,C_01_05_000.png,C_01_05_299.png
s1,o6,299,C_01_06_001.png,C_01_06_299.png
s1,o7,300,C_01_07_000.png,C_01_07_299.png
s1,o8,300,C_01_08_000.png,C_01_08_299.png
s1,o9,298,C_01_09_002.png,C_01_09_299.png
s1,o10,300,C_01_10_000.png,C_01_10_299.png
s1,o11,300,C_01_11_000.png,C_01_11_299.png
s1,o12,299,C_01_12_001.png,C_01_12_299.png
s1,o13,300,C_01_13_000.png,C_01_13_299.png
s1,o14,300,C_01_14_000.png,C_01_14_299.png
s1,o15,300,C_01_15_000.png,C_01_15_299.png
s1,o16,300,C_01_16_000.png,C_01_16_299.png
s1,o17,300,C_01_17_000.png,C_01_17_299.png
s1,o18,300,C_01_18_000.png,C_01_18_299.png
s1,o19,300,C_01_19_000.png,C_01_19_299.png
s1,o20,299,C_01_20_001.png,C_01_20_299.png
s1,o21,300,C_01_21_000.png,C_01_21_299.png
s1,o22,300,C_01_22_000.png,C_01_22_299.png
s1,o23,300,C_01_23_000.png,C_01_23_299.png
s1,o24,300,C_01_24_000.png,C_01_24_299.png
s1,o25,300,C_01_25_000.png,C_01_25_299.png
s1,o26,300,C_01_26_000.png,C_01_26_299.png
s1,o27,300,C_01_27_000.png,C_01_27_299.png
s1,o28,300,C_01_28_000.png,C_01_28_299.png
s1,o29,300,C_01_29_000.png,C_01_29_299.png
s1,o30,300,C_01_30_000.png,C_01_30_299.png
s1,o31,300,C_01_31_000.png,C_01_31_299.png
s1,o32,300,C_01_32_000.png,C_01_32_299.png
s1,o33,300,C_01_33_000.png,C_01_33_299.png
s1,o34,300,C_01_34_000.png,C_01_34_299.png
s1,o35,300,C_01_35_000.png,C_01_35_299.png
s1,o36,300,C_01_36_000.png,C_01_36_299.png
s1,o37,300,C_01_37_000.png,C_01_37_299.png
s1,o38,300,C_01_38_000.png,C_01_38_299.png
s1,o39,298,C_01_39_002.png,C_01_39_299.png
s1,o40,300,C_01_40_000.png,C_01_40_299.png
s1,o41,300,C_01_41_000.png,C_01_41_299.png
s1,o42,300,C_01_42_000.png,C_01_42_299.png
s1,o43,300,C_01_43_000.png,C_01_43_299.png
s1,o44,300,C_01_44_000.png,C_01_44_299.png
s1,o45,300,C_01_45_000.png,C_01_45_299.png
s1,o46,300,C_01_46_000.png,C_01_46_299.png
s1,o47,300,C_01_47_000.png,C_01_47_299.png
s1,o48,300,C_01_48_000.png,C_01_48_299.png
s1,o49,300,C_01_49_000.png,C_01_49_299.png
s1,o50,300,C_01_50_000.png,C_01_50_299.png
s2,o1,300,C_02_01_000.png,C_02_01_299.png
s2,o2,300,C_02_02_000.png,C_02_02_299.png
s2,o3,300,C_02_03_000.png,C_02_03_299.png
s2,o4,300,C_02_04_000.png,C_02_04_299.png
s2,o5,300,C_02_05_000.png,C_02_05_299.png
s2,o6,300,C_02_06_000.png,C_02_06_299.png
s2,o7,300,C_02_07_000.png,C_02_07_299.png
s2,o8,300,C_02_08_000.png,C_02_08_299.png
s2,o9,300,C_02_09_000.png,C_02_09_299.png
s2,o10,300,C_02_10_000.png,C_02_10_299.png
s2,o11,300,C_02_11_000.png,C_02_11_299.png
s2,o12,300,C_02_12_000.png,C_02_12_299.png
s2,o13,300,C_02_13_000.png,C_02_13_299.png
s2,o14,299,C_02_14_001.png,C_02_14_299.png
s2,o15,300,C_02_15_000.png,C_02_15_299.png
s2,o16,300,C_02_16_000.png,C_02_16_299.png
s2,o17,300,C_02_17_000.png,C_02_17_299.png
s2,o18,300,C_02_18_000.png,C_02_18_299.png
s2,o19,300,C_02_19_000.png,C_02_19_299.png
s2,o20,300,C_02_20_000.png,C_02_20_299.png
s2,o21,300,C_02_21_000.png,C_02_21_299.png
s2,o22,298,C_02_22_002.png,C_02_22_299.png
s2,o23,300,C_02_23_000.png,C_02_23_299.png
s2,o24,300,C_02_24_000.png,C_02_24_299.png
s2,o25,300,C_02_25_000.png,C_02_25_299.png
s2,o26,295,C_02_26_005.png,C_02_26_299.png
s2,o27,299,C_02_27_001.png,C_02_27_299.png
s2,o28,300,C_02_28_000.png,C_02_28_299.png
s2,o29,298,C_02_29_002.png,C_02_29_299.png
s2,o30,300,C_02_30_000.png,C_02_30_299.png
s2,o31,300,C_02_31_000.png,C_02_31_299.png
s2,o32,300,C_02_32_000.png,C_02_32_299.png
s2,o33,300,C_02_33_000.png,C_02_33_299.png
s2,o34,300,C_02_34_000.png,C_02_34_299.png
s2,o35,300,C_02_35_000.png,C_02_35_299.png
s2,o36,299,C_02_36_001.png,C_02_36_299.png
s2,o37,298,C_02_37_002.png,C_02_37_299.png
s2,o38,300,C_02_38_000.png,C_02_38_299.png
s2,o39,300,C_02_39_000.png,C_02_39_299.png
s2,o40,300,C_02_40_000.png,C_02_40_299.png
s2,o41,300,C_02_41_000.png,C_02_41_299.png
s2,o42,300,C_02_42_000.png,C_02_42_299.png
s2,o43,300,C_02_43_000.png,C_02_43_299.png
s2,o44,300,C_02_44_000.png,C_02_44_299.png
s2,o45,300,C_02_45_000.png,C_02_45_299.png
s2,o46,300,C_02_46_000.png,C_02_46_299.png
s2,o47,300,C_02_47_000.png,C_02_47_299.png
s2,o48,300,C_02_48_000.png,C_02_48_299.png
s2,o49,300,C_02_49_000.png,C_02_49_299.png
s2,o50,300,C_02_50_000.png,C_02_50_299.png
s3,o1,299,C_03_01_001.png,C_03_01_299.png
s3,o2,300,C_03_02_000.png,C_03_02_299.png
s3,o3,300,C_03_03_000.png,C_03_03_299.png
s3,o4,300,C_03_04_000.png,C_03_04_299.png
s3,o5,300,C_03_05_000.png,C_03_05_299.png
s3,o6,300,C_03_06_000.png,C_03_06_299.png
s3,o7,300,C_03_07_000.png,C_03_07_299.png
s3,o8,300,C_03_08_000.png,C_03_08_299.png
s3,o9,300,C_03_09_000.png,C_03_09_299.png
s3,o10,300,C_03_10_000.png,C_03_10_299.png
s3,o11,300,C_03_11_000.png,C_03_11_299.png
s3,o12,300,C_03_12_000.png,C_03_12_299.png
s3,o13,300,C_03_13_000.png,C_03_13_299.png
s3,o14,300,C_03_14_000.png,C_03_14_299.png
s3,o15,300,C_03_15_000.png,C_03_15_299.png
s3,o16,298,C_03_16_002.png,C_03_16_299.png
s3,o17,300,C_03_17_000.png,C_03_17_299.png
s3,o18,300,C_03_18_000.png,C_03_18_299.png
s3,o19,300,C_03_19_000.png,C_03_19_299.png
s3,o20,300,C_03_20_000.png,C_03_20_299.png
s3,o21,300,C_03_21_000.png,C_03_21_299.png
s3,o22,300,C_03_22_000.png,C_03_22_299.png
s3,o23,300,C_03_23_000.png,C_03_23_299.png
s3,o24,300,C_03_24_000.png,C_03_24_299.png
s3,o25,300,C_03_25_000.png,C_03_25_299.png
s3,o26,300,C_03_26_000.png,C_03_26_299.png
s3,o27,299,C_03_27_001.png,C_03_27_299.png
s3,o28,300,C_03_28_000.png,C_03_28_299.png
s3,o29,300,C_03_29_000.png,C_03_29_299.png
s3,o30,300,C_03_30_000.png,C_03_30_299.png
s3,o31,300,C_03_31_000.png,C_03_31_299.png
s3,o32,300,C_03_32_000.png,C_03_32_299.png
s3,o33,300,C_03_33_000.png,C_03_33_299.png
s3,o34,300,C_03_34_000.png,C_03_34_299.png
s3,o35,299,C_03_35_001.png,C_03_35_299.png
s3,o36,300,C_03_36_000.png,C_03_36_299.png
s3,o37,300,C_03_37_000.png,C_03_37_299.png
s3,o38,298,C_03_38_002.png,C_03_38_299.png
s3,o39,300,C_03_39_000.png,C_03_39_299.png
s3,o40,300,C_03_40_000.png,C_03_40_299.png
s3,o41,300,C_03_41_000.png,C_03_41_299.png
s3,o42,300,C_03_42_000.png,C_03_42_299.png
s3,o43,300,C_03_43_000.png,C_03_43_299.png
s3,o44,300,C_03_44_000.png,C_03_44_299.png
s3,o45,300,C_03_45_000.png,C_03_45_299.png
s3,o46,300,C_03_46_000.png,C_03_46_299.png
s3,o47,300,C_03_47_000.png,C_03_47_299.png
s3,o48,299,C_03_48_001.png,C_03_48_299.png
s3,o49,300,C_03_49_000.png,C_03_49_299.png
s3,o50,300,C_03_50_000.png,C_03_50_299.png
s4,o1,300,C_04_01_000.png,C_04_01_299.png
s4,o2,300,C_04_02_000.png,C_04_02_299.png
s4,o3,297,C_04_03_003.png,C_04_03_299.png
s4,o4,300,C_04_04_000.png,C_04_04_299.png
s4,o5,300,C_04_05_000.png,C_04_05_299.png
s4,o6,300,C_04_06_000.png,C_04_06_299.png
s4,o7,300,C_04_07_000.png,C_04_07_299.png
s4,o8,300,C_04_08_000.png,C_04_08_299.png
s4,o9,300,C_04_09_000.png,C_04_09_299.png
s4,o10,300,C_04_10_000.png,C_04_10_299.png
s4,o11,299,C_04_11_001.png,C_04_11_299.png
s4,o12,300,C_04_12_000.png,C_04_12_299.png
s4,o13,300,C_04_13_000.png,C_04_13_299.png
s4,o14,300,C_04_14_000.png,C_04_14_299.png
s4,o15,300,C_04_15_000.png,C_04_15_299.png
s4,o16,300,C_04_16_000.png,C_04_16_299.png
s4,o17,300,C_04_17_000.png,C_04_17_299.png
s4,o18,300,C_04_18_000.png,C_04_18_299.png
s4,o19,300,C_04_19_000.png,C_04_19_299.png
s4,o20,300,C_04_20_000.png,C_04_20_299.png
s4,o21,300,C_04_21_000.png,C_04_21_299.png
s4,o22,300,C_04_22_000.png,C_04_22_299.png
s4,o23,300,C_04_23_000.png,C_04_23_299.png
s4,o24,300,C_04_24_000.png,C_04_24_299.png
s4,o25,300,C_04_25_000.png,C_04_25_299.png
s4,o26,300,C_04_26_000.png,C_04_26_299.png
s4,o27,300,C_04_27_000.png,C_04_27_299.png
s4,o28,300,C_04_28_000.png,C_04_28_299.png
s4,o29,300,C_04_29_000.png,C_04_29_299.png
s4,o30,300,C_04_30_000.png,C_04_30_299.png
s4,o31,300,C_04_31_000.png,C_04_31_299.png
s4,o32,300,C_04_32_000.png,C_04_32_299.png
s4,o33,300,C_04_33_000.png,C_04_33_299.png
s4,o34,300,C_04_34_000.png,C_04_34_299.png
s4,o35,300,C_04_35_000.png,C_04_35_299.png
s4,o36,300,C_04_36_000.png,C_04_36_299.png
s4,o37,299,C_04_37_001.png,C_04_37_299.png
s4,o38,300,C_04_38_000.png,C_04_38_299.png
s4,o39,300,C_04_39_000.png,C_04_39_299.png
s4,o40,300,C_04_40_000.png,C_04_40_299.png
s4,o41,300,C_04_41_000.png,C_04_41_299.png
s4,o42,300,C_04_42_000.png,C_04_42_299.png
s4,o43,300,C_04_43_000.png,C_04_43_299.png
s4,o44,300,C_04_44_000.png,C_04_44_299.png
s4,o45,300,C_04_45_000.png,C_04_45_299.png
s4,o46,300,C_04_46_000.png,C_04_46_299.png
s4,o47,300,C_04_47_000.png,C_04_47_299.png
s4,o48,300,C_04_48_000.png,C_04_48_299.png
s4,o49,300,C_04_49_000.png,C_04_49_299.png
s4,o50,300,C_04_50_000.png,C_04_50_299.png
s5,o1,299,C_05_01_001.png,C_05_01_299.png
s5,o2,300,C_05_02_000.png,C_05_02_299.png
s5,o3,300,C_05_03_000.png,C_05_03_299.png
s5,o4,300,C_05_04_000.png,C_05_04_299.png
s5,o5,300,C_05_05_000.png,C_05_05_299.png
s5,o6,300,C_05_06_000.png,C_05_06_299.png
s5,o7,300,C_05_07_000.png,C_05_07_299.png
s5,o8,300,C_05_08_000.png,C_05_08_299.png
s5,o9,300,C_05_09_000.png,C_05_09_299.png
s5,o10,300,C_05_10_000.png,C_05_10_299.png
s5,o11,297,C_05_11_003.png,C_05_11_299.png
s5,o12,297,C_05_12_003.png,C_05_12_299.png
s5,o13,300,C_05_13_000.png,C_05_13_299.png
s5,o14,300,C_05_14_000.png,C_05_14_299.png
s5,o15,299,C_05_15_001.png,C_05_15_299.png
s5,o16,298,C_05_16_002.png,C_05_16_299.png
s5,o17,293,C_05_17_007.png,C_05_17_299.png
s5,o18,300,C_05_18_000.png,C_05_18_299.png
s5,o19,299,C_05_19_001.png,C_05_19_299.png
s5,o20,299,C_05_20_001.png,C_05_20_299.png
s5,o21,300,C_05_21_000.png,C_05_21_299.png
s5,o22,300,C_05_22_000.png,C_05_22_299.png
s5,o23,300,C_05_23_000.png,C_05_23_299.png
s5,o24,300,C_05_24_000.png,C_05_24_299.png
s5,o25,299,C_05_25_001.png,C_05_25_299.png
s5,o26,299,C_05_26_001.png,C_05_26_299.png
s5,o27,299,C_05_27_001.png,C_05_27_299.png
s5,o28,300,C_05_28_000.png,C_05_28_299.png
s5,o29,300,C_05_29_000.png,C_05_29_299.png
s5,o30,300,C_05_30_000.png,C_05_30_299.png
s5,o31,300,C_05_31_000.png,C_05_31_299.png
s5,o32,300,C_05_32_000.png,C_05_32_299.png
s5,o33,300,C_05_33_000.png,C_05_33_299.png
s5,o34,300,C_05_34_000.png,C_05_34_299.png
s5,o35,300,C_05_35_000.png,C_05_35_299.png
s5,o36,300,C_05_36_000.png,C_05_36_299.png
s5,o37,300,C_05_37_000.png,C_05_37_299.png
s5,o38,297,C_05_38_003.png,C_05_38_299.png
s5,o39,300,C_05_39_000.png,C_05_39_299.png
s5,o40,300,C_05_40_000.png,C_05_40_299.png
s5,o41,300,C_05_41_000.png,C_05_41_299.png
s5,o42,300,C_05_42_000.png,C_05_42_299.png
s5,o43,298,C_05_43_002.png,C_05_43_299.png
s5,o44,300,C_05_44_000.png,C_05_44_299.png
s5,o45,298,C_05_45_002.png,C_05_45_299.png
s5,o46,300,C_05_46_000.png,C_05_46_299.png
s5,o47,299,C_05_47_001.png,C_05_47_299.png
s5,o48,296,C_05_48_004.png,C_05_48_299.png
s5,o49,300,C_05_49_000.png,C_05_49_299.png
s5,o50,300,C_05_50_000.png,C_05_50_299.png
s6,o1,300,C_06_01_000.png,C_06_01_299.png
s6,o2,299,C_06_02_001.png,C_06_02_299.png
s6,o3,300,C_06_03_000.png,C_06_03_299.png
s6,o4,300,C_06_04_000.png,C_06_04_299.png
s6,o5,298,C_06_05_002.png,C_06_05_299.png
s6,o6,300,C_06_06_000.png,C_06_06_299.png
s6,o7,300,C_06_07_000.png,C_06_07_299.png
s6,o8,299,C_06_08_001.png,C_06_08_299.png
s6,o9,300,C_06_09_000.png,C_06_09_299.png
s6,o10,300,C_06_10_000.png,C_06_10_299.png
s6,o11,300,C_06_11_000.png,C_06_11_299.png
s6,o12,300,C_06_12_000.png,C_06_12_299.png
s6,o13,300,C_06_13_000.png,C_06_13_299.png
s6,o14,300,C_06_14_000.png,C_06_14_299.png
s6,o15,300,C_06_15_000.png,C_06_15_299.png
s6,o16,299,C_06_16_001.png,C_06_16_299.png
s6,o17,300,C_06_17_000.png,C_06_17_299.png
s6,o18,300,C_06_18_000.png,C_06_18_299.png
s6,o19,300,C_06_19_000.png,C_06_19_299.png
s6,o20,300,C_06_20_000.png,C_06_20_299.png
s6,o21,300,C_06_21_000.png,C_06_21_299.png
s6,o22,298,C_06_22_002.png,C_06_22_299.png
s6,o23,300,C_06_23_000.png,C_06_23_299.png
s6,o24,300,C_06_24_000.png,C_06_24_299.png
s6,o25,300,C_06_25_000.png,C_06_25_299.png
s6,o26,299,C_06_26_001.png,C_06_26_299.png
s6,o27,300,C_06_27_000.png,C_06_27_299.png
s6,o28,300,C_06_28_000.png,C_06_28_299.png
s6,o29,300,C_06_29_000.png,C_06_29_299.png
s6,o30,300,C_06_30_000.png,C_06_30_299.png
s6,o31,300,C_06_31_000.png,C_06_31_299.png
s6,o32,300,C_06_32_000.png,C_06_32_299.png
s6,o33,300,C_06_33_000.png,C_06_33_299.png
s6,o34,300,C_06_34_000.png,C_06_34_299.png
s6,o35,300,C_06_35_000.png,C_06_35_299.png
s6,o36,300,C_06_36_000.png,C_06_36_299.png
s6,o37,300,C_06_37_000.png,C_06_37_299.png
s6,o38,300,C_06_38_000.png,C_06_38_299.png
s6,o39,300,C_06_39_000.png,C_06_39_299.png
s6,o40,300,C_06_40_000.png,C_06_40_299.png
s6,o41,300,C_06_41_000.png,C_06_41_299.png
s6,o42,300,C_06_42_000.png,C_06_42_299.png
s6,o43,300,C_06_43_000.png,C_06_43_299.png
s6,o44,300,C_06_44_000.png,C_06_44_299.png
s6,o45,297,C_06_45_003.png,C_06_45_299.png
s6,o46,300,C_06_46_000.png,C_06_46_299.png
s6,o47,300,C_06_47_000.png,C_06_47_299.png
s6,o48,300,C_06_48_000.png,C_06_48_299.png
s6,o49,300,C_06_49_000.png,C_06_49_299.png
s6,o50,300,C_06_50_000.png,C_06_50_299.png
s7,o1,300,C_07_01_000.png,C_07_01_299.png
s7,o2,300,C_07_02_000.png,C_07_02_299.png
s7,o3,300,C_07_03_000.png,C_07_03_299.png
s7,o4,300,C_07_04_000.png,C_07_04_299.png
s7,o5,300,C_07_05_000.png,C_07_05_299.png
s7,o6,300,C_07_06_000.png,C_07_06_299.png
s7,o7,300,C_07_07_000.png,C_07_07_299.png
s7,o8,300,C_07_08_000.png,C_07_08_299.png
s7,o9,296,C_07_09_004.png,C_07_09_299.png
s7,o10,300,C_07_10_000.png,C_07_10_299.png
s7,o11,300,C_07_11_000.png,C_07_11_299.png
s7,o12,300,C_07_12_000.png,C_07_12_299.png
s7,o13,300,C_07_13_000.png,C_07_13_299.png
s7,o14,300,C_07_14_000.png,C_07_14_299.png
s7,o15,300,C_07_15_000.png,C_07_15_299.png
s7,o16,299,C_07_16_001.png,C_07_16_299.png
s7,o17,300,C_07_17_000.png,C_07_17_299.png
s7,o18,300,C_07_18_000.png,C_07_18_299.png
s7,o19,300,C_07_19_000.png,C_07_19_299.png
s7,o20,300,C_07_20_000.png,C_07_20_299.png
s7,o21,300,C_07_21_000.png,C_07_21_299.png
s7,o22,300,C_07_22_000.png,C_07_22_299.png
s7,o23,300,C_07_23_000.png,C_07_23_299.png
s7,o24,300,C_07_24_000.png,C_07_24_299.png
s7,o25,300,C_07_25_000.png,C_07_25_299.png
s7,o26,300,C_07_26_000.png,C_07_26_299.png
s7,o27,300,C_07_27_000.png,C_07_27_299.png
s7,o28,300,C_07_28_000.png,C_07_28_299.png
s7,o29,300,C_07_29_000.png,C_07_29_299.png
s7,o30,300,C_07_30_000.png,C_07_30_299.png
s7,o31,300,C_07_31_000.png,C_07_31_299.png
s7,o32,300,C_07_32_000.png,C_07_32_299.png
s7,o33,300,C_07_33_000.png,C_07_33_299.png
s7,o34,300,C_07_34_000.png,C_07_34_299.png
s7,o35,300,C_07_35_000.png,C_07_35_299.png
s7,o36,300,C_07_36_000.png,C_07_36_299.png
s7,o37,299,C_07_37_001.png,C_07_37_299.png
s7,o38,300,C_07_38_000.png,C_07_38_299.png
s7,o39,300,C_07_39_000.png,C_07_39_299.png
s7,o40,300,C_07_40_000.png,C_07_40_299.png
s7,o41,300,C_07_41_000.png,C_07_41_299.png
s7,o42,300,C_07_42_000.png,C_07_42_299.png
s7,o43,300,C_07_43_000.png,C_07_43_299.png
s7,o44,300,C_07_44_000.png,C_07_44_299.png
s7,o45,300,C_07_45_000.png,C_07_45_299.png
s7,o46,300,C_07_46_000.png,C_07_46_299.png
s7,o47,300,C_07_47_000.png,C_07_47_299.png
s7,o48,300,C_07_48_000.png,C_07_48_299.png
s7,o49,300,C_07_49_000.png,C_07_49_299.png
s7,o50,300,C_07_50_000.png,C_07_50_299.png
s8,o1,300,C_08_01_000.png,C_08_01_299.png
s8,o2,299,C_08_02_001.png,C_08_02_299.png
s8,o3,298,C_08_03_002.png,C_08_03_299.png
s8,o4,299,C_08_04_001.png,C_08_04_299.png
s8,o5,300,C_08_05_000.png,C_08_05_299.png
s8,o6,300,C_08_06_000.png,C_08_06_299.png
s8,o7,300,C_08_07_000.png,C_08_07_299.png
s8,o8,300,C_08_08_000.png,C_08_08_299.png
s8,o9,300,C_08_09_000.png,C_08_09_299.png
s8,o10,299,C_08_10_001.png,C_08_10_299.png
s8,o11,300,C_08_11_000.png,C_08_11_299.png
s8,o12,300,C_08_12_000.png,C_08_12_299.png
s8,o13,300,C_08_13_000.png,C_08_13_299.png
s8,o14,298,C_08_14_002.png,C_08_14_299.png
s8,o15,296,C_08_15_004.png,C_08_15_299.png
s8,o16,298,C_08_16_002.png,C_08_16_299.png
s8,o17,300,C_08_17_000.png,C_08_17_299.png
s8,o18,300,C_08_18_000.png,C_08_18_299.png
s8,o19,300,C_08_19_000.png,C_08_19_299.png
s8,o20,300,C_08_20_000.png,C_08_20_299.png
s8,o21,300,C_08_21_000.png,C_08_21_299.png
s8,o22,300,C_08_22_000.png,C_08_22_299.png
s8,o23,300,C_08_23_000.png,C_08_23_299.png
s8,o24,300,C_08_24_000.png,C_08_24_299.png
s8,o25,300,C_08_25_000.png,C_08_25_299.png
s8,o26,300,C_08_26_000.png,C_08_26_299.png
s8,o27,300,C_08_27_000.png,C_08_27_299.png
s8,o28,300,C_08_28_000.png,C_08_28_299.png
s8,o29,300,C_08_29_000.png,C_08_29_299.png
s8,o30,300,C_08_30_000.png,C_08_30_299.png
s8,o31,300,C_08_31_000.png,C_08_31_299.png
s8,o32,300,C_08_32_000.png,C_08_32_299.png
s8,o33,300,C_08_33_000.png,C_08_33_299.png
s8,o34,300,C_08_34_000.png,C_08_34_299.png
s8,o35,300,C_08_35_000.png,C_08_35_299.png
s8,o36,300,C_08_36_000.png,C_08_36_299.png
s8,o37,300,C_08_37_000.png,C_08_37_299.png
s8,o38,299,C_08_38_001.png,C_08_38_299.png
s8,o39,300,C_08_39_000.png,C_08_39_299.png
s8,o40,298,C_08_40_002.png,C_08_40_299.png
s8,o41,300,C_08_41_000.png,C_08_41_299.png
s8,o42,300,C_08_42_000.png,C_08_42_299.png
s8,o43,300,C_08_43_000.png,C_08_43_299.png
s8,o44,300,C_08_44_000.png,C_08_44_299.png
s8,o45,300,C_08_45_000.png,C_08_45_299.png
s8,o46,300,C_08_46_000.png,C_08_46_299.png
s8,o47,300,C_08_47_000.png,C_08_47_299.png
s8,o48,300,C_08_48_000.png,C_08_48_299.png
s8,o49,300,C_08_49_000.png,C_08_49_299.png
s8,o50,300,C_08_50_000.png,C_08_50_299.png
s9,o1,300,C_09_01_000.png,C_09_01_299.png
s9,o2,300,C_09_02_000.png,C_09_02_299.png
s9,o3,300,C_09_03_000.png,C_09_03_299.png
s9,o4,300,C_09_04_000.png,C_09_04_299.png
s9,o5,300,C_09_05_000.png,C_09_05_299.png
s9,o6,300,C_09_06_000.png,C_09_06_299.png
s9,o7,300,C_09_07_000.png,C_09_07_299.png
s9,o8,300,C_09_08_000.png,C_09_08_299.png
s9,o9,300,C_09_09_000.png,C_09_09_299.png
s9,o10,300,C_09_10_000.png,C_09_10_299.png
s9,o11,300,C_09_11_000.png,C_09_11_299.png
s9,o12,300,C_09_12_000.png,C_09_12_299.png
s9,o13,300,C_09_13_000.png,C_09_13_299.png
s9,o14,300,C_09_14_000.png,C_09_14_299.png
s9,o15,300,C_09_15_000.png,C_09_15_299.png
s9,o16,300,C_09_16_000.png,C_09_16_299.png
s9,o17,300,C_09_17_000.png,C_09_17_299.png
s9,o18,300,C_09_18_000.png,C_09_18_299.png
s9,o19,300,C_09_19_000.png,C_09_19_299.png
s9,o20,300,C_09_20_000.png,C_09_20_299.png
s9,o21,300,C_09_21_000.png,C_09_21_299.png
s9,o22,300,C_09_22_000.png,C_09_22_299.png
s9,o23,300,C_09_23_000.png,C_09_23_299.png
s9,o24,300,C_09_24_000.png,C_09_24_299.png
s9,o25,300,C_09_25_000.png,C_09_25_299.png
s9,o26,300,C_09_26_000.png,C_09_26_299.png
s9,o27,300,C_09_27_000.png,C_09_27_299.png
s9,o28,300,C_09_28_000.png,C_09_28_299.png
s9,o29,300,C_09_29_000.png,C_09_29_299.png
s9,o30,300,C_09_30_000.png,C_09_30_299.png
s9,o31,300,C_09_31_000.png,C_09_31_299.png
s9,o32,300,C_09_32_000.png,C_09_32_299.png
s9,o33,300,C_09_33_000.png,C_09_33_299.png
s9,o34,300,C_09_34_000.png,C_09_34_299.png
s9,o35,300,C_09_35_000.png,C_09_35_299.png
s9,o36,300,C_09_36_000.png,C_09_36_299.png
s9,o37,300,C_09_37_000.png,C_09_37_299.png
s9,o38,299,C_09_38_001.png,C_09_38_299.png
s9,o39,300,C_09_39_000.png,C_09_39_299.png
s9,o40,300,C_09_40_000.png,C_09_40_299.png
s9,o41,300,C_09_41_000.png,C_09_41_299.png
s9,o42,300,C_09_42_000.png,C_09_42_299.png
s9,o43,299,C_09_43_001.png,C_09_43_299.png
s9,o44,297,C_09_44_003.png,C_09_44_299.png
s9,o45,300,C_09_45_000.png,C_09_45_299.png
s9,o46,300,C_09_46_000.png,C_09_46_299.png
s9,o47,300,C_09_47_000.png,C_09_47_299.png
s9,o48,299,C_09_48_001.png,C_09_48_299.png
s9,o49,300,C_09_49_000.png,C_09_49_299.png
s9,o50,300,C_09_50_000.png,C_09_50_299.png
s10,o1,300,C_10_01_000.png,C_10_01_299.png
s10,o2,300,C_10_02_000.png,C_10_02_299.png
s10,o3,300,C_10_03_000.png,C_10_03_299.png
s10,o4,300,C_10_04_000.png,C_10_04_299.png
s10,o5,300,C_10_05_000.png,C_10_05_299.png
s10,o6,300,C_10_06_000.png,C_10_06_299.png
s10,o7,300,C_10_07_000.png,C_10_07_299.png
s10,o8,300,C_10_08_000.png,C_10_08_299.png
s10,o9,300,C_10_09_000.png,C_10_09_299.png
s10,o10,300,C_10_10_000.png,C_10_10_299.png
s10,o11,300,C_10_11_000.png,C_10_11_299.png
s10,o12,300,C_10_12_000.png,C_10_12_299.png
s10,o13,300,C_10_13_000.png,C_10_13_299.png
s10,o14,300,C_10_14_000.png,C_10_14_299.png
s10,o15,300,C_10_15_000.png,C_10_15_299.png
s10,o16,298,C_10_16_002.png,C_10_16_299.png
s10,o17,300,C_10_17_000.png,C_10_17_299.png
s10,o18,300,C_10_18_000.png,C_10_18_299.png
s10,o19,300,C_10_19_000.png,C_10_19_299.png
s10,o20,300,C_10_20_000.png,C_10_20_299.png
s10,o21,300,C_10_21_000.png,C_10_21_299.png
s10,o22,300,C_10_22_000.png,C_10_22_299.png
s10,o23,300,C_10_23_000.png,C_10_23_299.png
s10,o24,299,C_10_24_001.png,C_10_24_299.png
s10,o25,300,C_10_25_000.png,C_10_25_299.png
s10,o26,299,C_10_26_001.png,C_10_26_299.png
s10,o27,300,C_10_27_000.png,C_10_27_299.png
s10,o28,300,C_10_28_000.png,C_10_28_299.png
s10,o29,300,C_10_29_000.png,C_10_29_299.png
s10,o30,300,C_10_30_000.png,C_10_30_299.png
s10,o31,300,C_10_31_000.png,C_10_31_299.png
s10,o32,297,C_10_32_003.png,C_10_32_299.png
s10,o33,300,C_10_33_000.png,C_10_33_299.png
s10,o34,300,C_10_34_000.png,C_10_34_299.png
s10,o35,300,C_10_35_000.png,C_10_35_299.png
s10,o36,300,C_10_36_000.png,C_10_36_299.png
s10,o37,300,C_10_37_000.png,C_10_37_299.png
s10,o38,300,C_10_38_000.png,C_10_38_299.png
s10,o39,300,C_10_39_000.png,C_10_39_299.png
s10,o40,298,C_10_40_002.png,C_10_40_299.png
s10,o41,300,C_10_41_000.png,C_10_41_299.png
s10,o42,300,C_10_42_000.png,C_10_42_299.png
s10,o43,300,C_10_43_000.png,C_10_43_299.png
s10,o44,300,C_10_44_000.png,C_10_44_299.png
s10,o45,299,C_10_45_001.png,C_10_45_299.png
s10,o46,300,C_10_46_000.png,C_10_46_299.png
s10,o47,298,C_10_47_002.png,C_10_47_299.png
s10,o48,299,C_10_48_001.png,C_10_48_299.png
s10,o49,300,C_10_49_000.png,C_10_49_299.png
s10,o50,299,C_10_50_001.png,C_10_50_299.png
s11,o1,300,C_11_01_000.png,C_11_01_299.png
s11,o2,300,C_11_02_000.png,C_11_02_299.png
s11,o3,300,C_11_03_000.png,C_11_03_299.png
s11,o4,300,C_11_04_000.png,C_11_04_299.png
s11,o5,300,C_11_05_000.png,C_11_05_299.png
s11,o6,300,C_11_06_000.png,C_11_06_299.png
s11,o7,300,C_11_07_000.png,C_11_07_299.png
s11,o8,297,C_11_08_003.png,C_11_08_299.png
s11,o9,297,C_11_09_003.png,C_11_09_299.png
s11,o10,300,C_11_10_000.png,C_11_10_299.png
s11,o11,299,C_11_11_001.png,C_11_11_299.png
s11,o12,300,C_11_12_000.png,C_11_12_299.png
s11,o13,300,C_11_13_000.png,C_11_13_299.png
s11,o14,300,C_11_14_000.png,C_11_14_299.png
s11,o15,300,C_11_15_000.png,C_11_15_299.png
s11,o16,300,C_11_16_000.png,C_11_16_299.png
s11,o17,300,C_11_17_000.png,C_11_17_299.png
s11,o18,299,C_11_18_001.png,C_11_18_299.png
s11,o19,300,C_11_19_000.png,C_11_19_299.png
s11,o20,300,C_11_20_000.png,C_11_20_299.png
s11,o21,300,C_11_21_000.png,C_11_21_299.png
s11,o22,300,C_11_22_000.png,C_11_22_299.png
s11,o23,300,C_11_23_000.png,C_11_23_299.png
s11,o24,300,C_11_24_000.png,C_11_24_299.png
s11,o25,300,C_11_25_000.png,C_11_25_299.png
s11,o26,300,C_11_26_000.png,C_11_26_299.png
s11,o27,300,C_11_27_000.png,C_11_27_299.png
s11,o28,300,C_11_28_000.png,C_11_28_299.png
s11,o29,300,C_11_29_000.png,C_11_29_299.png
s11,o30,300,C_11_30_000.png,C_11_30_299.png
s11,o31,300,C_11_31_000.png,C_11_31_299.png
s11,o32,300,C_11_32_000.png,C_11_32_299.png
s11,o33,300,C_11_33_000.png,C_11_33_299.png
s11,o34,300,C_11_34_000.png,C_11_34_299.png
s11,o35,300,C_11_35_000.png,C_11_35_299.png
s11,o36,300,C_11_36_000.png,C_11_36_299.png
s11,o37,300,C_11_37_000.png,C_11_37_299.png
s11,o38,300,C_11_38_000.png,C_11_38_299.png
s11,o39,300,C_11_39_000.png,C_11_39_299.png
s11,o40,300,C_11_40_000.png,C_11_40_299.png
s11,o41,300,C_11_41_000.png,C_11_41_299.png
s11,o42,300,C_11_42_000.png,C_11_42_299.png
s11,o43,300,C_11_43_000.png,C_11_43_299.png
s11,o44,300,C_11_44_000.png,C_11_44_299.png
s11,o45,300,C_11_45_000.png,C_11_45_299.png
s11,o46,300,C_11_46_000.png,C_11_46_299.png
s11,o47,299,C_11_47_001.png,C_11_47_299.png
s11,o48,300,C_11_48_000.png,C_11_48_299.png
s11,o49,300,C_11_49_000.png,C_11_49_299.png
s11,o50,300,C_11_50_000.png,C_11_50_299.png
