hazard,feedback_fraction,feedback_delay,selector_mode,n_seeds,mean_accuracy,sd_accuracy,mean_dynamic_regret,mean_switch_latency,mean_false_switch_rate,mean_context_nll,mean_context_brier
0.01,0.0625,0,bayes_reward_filter,5,0.8087890625,0.015060132612275255,0.1044921875,12.2,0.008388669296134802,0.5829687379985995,0.19863582593941903
0.01,0.0625,0,credit_shuffled_local,5,0.744140625,0.02769247839540864,0.169140625,3.4,0.025854425856741203,1.1928830541387374,0.4098363199807764
0.01,0.0625,0,cumulative_sample_average,5,0.815234375,0.044294672512622646,0.098046875,7.2,0.0006905385219452,2.950685143937274,0.3346958404699562
0.01,0.0625,0,matched_random,5,0.771875,0.01793528218132706,0.14140625,,,,
0.01,0.0625,0,no_feedback_local,5,0.771875,0.01793528218132706,0.14140625,5.1,0.0,0.6931471805599451,0.25
0.01,0.0625,0,oracle_hidden_state,5,0.91328125,0.011164462958615498,0.0,0.0,0.0,9.999778782803791e-13,0.0
0.01,0.0625,0,persistent_rpe_local,5,0.8111328125,0.03132125360564611,0.1021484375,6.7,0.0109524345931998,0.8026566549626339,0.253877391152091
0.01,0.0625,0,train_fixed_best,5,0.73828125,0.033554906344782566,0.175,,,,
0.01,0.0625,4,bayes_reward_filter,5,0.80380859375,0.016382545421717257,0.10947265625,16.0,0.0079956452556336,0.6000945798743477,0.20583123416817703
0.01,0.0625,4,credit_shuffled_local,5,0.7466796875,0.025660097231008018,0.1666015625,0.0,0.025556961549739198,1.2380991026332855,0.41458552317736885
0.01,0.0625,4,cumulative_sample_average,5,0.8154296875,0.04523788095963671,0.0978515625,7.3,0.0006905385219452,2.958978183432301,0.3374023222086246
0.01,0.0625,4,matched_random,5,0.771875,0.01793528218132706,0.14140625,,,,
0.01,0.0625,4,no_feedback_local,5,0.771875,0.01793528218132706,0.14140625,5.1,0.0,0.6931471805599451,0.25
0.01,0.0625,4,oracle_hidden_state,5,0.91328125,0.011164462958615498,0.0,0.0,0.0,9.999778782803791e-13,0.0
0.01,0.0625,4,persistent_rpe_local,5,0.80830078125,0.027358133075440938,0.10498046875,8.7,0.011646627905506201,0.815052646299228,0.2580551490279712
0.01,0.0625,4,train_fixed_best,5,0.73828125,0.033554906344782566,0.175,,,,
0.01,0.0625,16,bayes_reward_filter,5,0.79140625,0.014920168474488772,0.121875,15.4,0.008388669296134802,0.631715471693555,0.22026848110483202
0.01,0.0625,16,credit_shuffled_local,5,0.754296875,0.014013756941161673,0.158984375,1.5,0.023983012905332002,1.1900214211087063,0.40182972036357506
0.01,0.0625,16,cumulative_sample_average,5,0.8125,0.04494707810322146,0.10078125,5.8,0.0009863525198752,1.8370756911788177,0.32525351512245404
0.01,0.0625,16,matched_random,5,0.771875,0.01793528218132706,0.14140625,,,,
0.01,0.0625,16,no_feedback_local,5,0.771875,0.01793528218132706,0.14140625,5.1,0.0,0.6931471805599451,0.25
0.01,0.0625,16,oracle_hidden_state,5,0.91328125,0.011164462958615498,0.0,0.0,0.0,9.999778782803791e-13,0.0
0.01,0.0625,16,persistent_rpe_local,5,0.80361328125,0.03156767547778583,0.10966796875,10.2,0.011555161733528201,0.8376748154763716,0.26744880677278565
0.01,0.0625,16,train_fixed_best,5,0.73828125,0.033554906344782566,0.175,,,,
0.01,0.125,0,bayes_reward_filter,5,0.81787109375,0.017026948998205758,0.09541015625,8.7,0.0146012592873348,0.5386926731755088,0.17981409000483223
0.01,0.125,0,credit_shuffled_local,5,0.73955078125,0.017576768610862593,0.17373046875,1.5,0.0460777355159406,1.4056933568384873,0.4496703881627172
0.01,0.125,0,cumulative_sample_average,5,0.8119140625,0.039256415650677653,0.1013671875,6.9,0.0008880786078422001,2.336358617792759,0.33121222457714944
0.01,0.125,0,matched_random,5,0.771875,0.01793528218132706,0.14140625,,,,
0.01,0.125,0,no_feedback_local,5,0.771875,0.01793528218132706,0.14140625,5.1,0.0,0.6931471805599451,0.25
0.01,0.125,0,oracle_hidden_state,5,0.91328125,0.011164462958615498,0.0,0.0,0.0,9.999778782803791e-13,0.0
0.01,0.125,0,persistent_rpe_local,5,0.829296875,0.035739052223314506,0.083984375,8.3,0.014707426364824,0.7797674094785576,0.21998347819841985
0.01,0.125,0,train_fixed_best,5,0.73828125,0.033554906344782566,0.175,,,,
0.01,0.125,4,bayes_reward_filter,5,0.81220703125,0.014086723656912938,0.10107421875,11.4,0.0151890288439426,0.5683728985996044,0.1922385528759924
0.01,0.125,4,credit_shuffled_local,5,0.73935546875,0.023456311623797008,0.17392578125,0.1,0.042419523457604205,1.4528466399659992,0.4547290964498446
0.01,0.125,4,cumulative_sample_average,5,0.8099609375,0.0399024680308882,0.1033203125,7.3,0.0010847354416672,2.1064026143343635,0.340928200292184
0.01,0.125,4,matched_random,5,0.771875,0.01793528218132706,0.14140625,,,,
0.01,0.125,4,no_feedback_local,5,0.771875,0.01793528218132706,0.14140625,5.1,0.0,0.6931471805599451,0.25
0.01,0.125,4,oracle_hidden_state,5,0.91328125,0.011164462958615498,0.0,0.0,0.0,9.999778782803791e-13,0.0
0.01,0.125,4,persistent_rpe_local,5,0.82197265625,0.03014242062675516,0.09130859375,11.5,0.0156923365549562,0.8587874830567259,0.24230890972956481
0.01,0.125,4,train_fixed_best,5,0.73828125,0.033554906344782566,0.175,,,,
0.01,0.125,16,bayes_reward_filter,5,0.8021484375,0.01933618410511935,0.1111328125,9.2,0.0156881726423672,0.5930143541134211,0.20261305300211901
0.01,0.125,16,credit_shuffled_local,5,0.749609375,0.01524032085491451,0.163671875,0.3,0.0361213115139034,1.4210875848435156,0.4406215499614288
0.01,0.125,16,cumulative_sample_average,5,0.80146484375,0.03731695642488019,0.11181640625,5.8,0.0014779472848714,2.2063132573597115,0.31875211093911104
0.01,0.125,16,matched_random,5,0.771875,0.01793528218132706,0.14140625,,,,
0.01,0.125,16,no_feedback_local,5,0.771875,0.01793528218132706,0.14140625,5.1,0.0,0.6931471805599451,0.25
0.01,0.125,16,oracle_hidden_state,5,0.91328125,0.011164462958615498,0.0,0.0,0.0,9.999778782803791e-13,0.0
0.01,0.125,16,persistent_rpe_local,5,0.8013671875,0.04313958626242337,0.1119140625,10.6,0.0207215916387402,1.0044040623800246,0.28672360868505564
0.01,0.125,16,train_fixed_best,5,0.73828125,0.033554906344782566,0.175,,,,
0.01,0.25,0,bayes_reward_filter,5,0.8302734375,0.019237909458653654,0.0830078125,8.6,0.0209217497884768,0.47981677309016196,0.1562932315596322
0.01,0.25,0,credit_shuffled_local,5,0.72763671875,0.012056691406775849,0.18564453125,0.0,0.06928009722395981,1.6802372950168085,0.4969797784752954
0.01,0.25,0,cumulative_sample_average,5,0.81220703125,0.04343041451386565,0.10107421875,6.6,0.001283534385042,2.290870728006892,0.3219184547325568
0.01,0.25,0,matched_random,5,0.771875,0.01793528218132706,0.14140625,,,,
0.01,0.25,0,no_feedback_local,5,0.771875,0.01793528218132706,0.14140625,5.1,0.0,0.6931471805599451,0.25
0.01,0.25,0,oracle_hidden_state,5,0.91328125,0.011164462958615498,0.0,0.0,0.0,9.999778782803791e-13,0.0
0.01,0.25,0,persistent_rpe_local,5,0.84033203125,0.026083086770286767,0.07294921875,10.1,0.0182668223172086,0.7688044417002214,0.19826820876351223
0.01,0.25,0,train_fixed_best,5,0.73828125,0.033554906344782566,0.175,,,,
0.01,0.25,4,bayes_reward_filter,5,0.828125,0.02057455193181188,0.08515625,12.5,0.023280867592252404,0.4987710478045854,0.1623651319132354
0.01,0.25,4,credit_shuffled_local,5,0.73603515625,0.01306825268390726,0.17724609375,0.4,0.06285846355948901,1.6540678038098307,0.48285821776004845
0.01,0.25,4,cumulative_sample_average,5,0.81044921875,0.04205799712385639,0.10283203125,6.0,0.0011843772209368,1.9318805714628149,0.3162735368910134
0.01,0.25,4,matched_random,5,0.771875,0.01793528218132706,0.14140625,,,,
0.01,0.25,4,no_feedback_local,5,0.771875,0.01793528218132706,0.14140625,5.1,0.0,0.6931471805599451,0.25
0.01,0.25,4,oracle_hidden_state,5,0.91328125,0.011164462958615498,0.0,0.0,0.0,9.999778782803791e-13,0.0
0.01,0.25,4,persistent_rpe_local,5,0.83701171875,0.027101588821288398,0.07626953125,13.2,0.0194477684770544,0.7999287394492189,0.20428683180677681
0.01,0.25,4,train_fixed_best,5,0.73828125,0.033554906344782566,0.175,,,,
0.01,0.25,16,bayes_reward_filter,5,0.810546875,0.019424144805582064,0.102734375,18.6,0.023588038888421002,0.5834355161417543,0.19807767614705682
0.01,0.25,16,credit_shuffled_local,5,0.74912109375,0.014995879561019214,0.16416015625,0.7,0.05467671738301481,1.6647437730629684,0.4720969494191144
0.01,0.25,16,cumulative_sample_average,5,0.8095703125,0.039967542831408444,0.1037109375,5.8,0.0008869057286216002,2.2597226508459785,0.3368182916956534
0.01,0.25,16,matched_random,5,0.771875,0.01793528218132706,0.14140625,,,,
0.01,0.25,16,no_feedback_local,5,0.771875,0.01793528218132706,0.14140625,5.1,0.0,0.6931471805599451,0.25
0.01,0.25,16,oracle_hidden_state,5,0.91328125,0.011164462958615498,0.0,0.0,0.0,9.999778782803791e-13,0.0
0.01,0.25,16,persistent_rpe_local,5,0.82099609375,0.03896869841130934,0.09228515625,12.2,0.026063925307676806,0.958986384804513,0.24079405473667723
0.01,0.25,16,train_fixed_best,5,0.73828125,0.033554906344782566,0.175,,,,
0.01,0.5,0,bayes_reward_filter,5,0.8529296875,0.017108667089022103,0.0603515625,7.0,0.0219195700919116,0.3834873719573632,0.11913640713789501
0.01,0.5,0,credit_shuffled_local,5,0.71865234375,0.00920898955295454,0.19462890625,0.5,0.1048027864558088,2.0619788577986933,0.5592626861445613
0.01,0.5,0,cumulative_sample_average,5,0.7900390625,0.05914857757999196,0.1232421875,7.4,0.00029566918435560004,4.117382839350023,0.439702680748955
0.01,0.5,0,matched_random,5,0.771875,0.01793528218132706,0.14140625,,,,
0.01,0.5,0,no_feedback_local,5,0.771875,0.01793528218132706,0.14140625,5.1,0.0,0.6931471805599451,0.25
0.01,0.5,0,oracle_hidden_state,5,0.91328125,0.011164462958615498,0.0,0.0,0.0,9.999778782803791e-13,0.0
0.01,0.5,0,persistent_rpe_local,5,0.85654296875,0.025706512320729173,0.05673828125,7.9,0.027748481674246,0.6442971061125708,0.1493178374983434
0.01,0.5,0,train_fixed_best,5,0.73828125,0.033554906344782566,0.175,,,,
0.01,0.5,4,bayes_reward_filter,5,0.83994140625,0.022861784906398827,0.07333984375,11.1,0.0256727252273224,0.44629049600591025,0.1413397548185784
0.01,0.5,4,credit_shuffled_local,5,0.7236328125,0.011388577919619728,0.1896484375,0.1,0.0915786168057264,2.098879158431667,0.5520758966344499
0.01,0.5,4,cumulative_sample_average,5,0.81357421875,0.044371038985434784,0.09970703125,6.8,0.0003942399088504,2.5621178246593943,0.3302384201802532
0.01,0.5,4,matched_random,5,0.771875,0.01793528218132706,0.14140625,,,,
0.01,0.5,4,no_feedback_local,5,0.771875,0.01793528218132706,0.14140625,5.1,0.0,0.6931471805599451,0.25
0.01,0.5,4,oracle_hidden_state,5,0.91328125,0.011164462958615498,0.0,0.0,0.0,9.999778782803791e-13,0.0
0.01,0.5,4,persistent_rpe_local,5,0.84697265625,0.02739732126660285,0.06630859375,12.3,0.041579806118016205,0.7322093120902089,0.1748161294352048
0.01,0.5,4,train_fixed_best,5,0.73828125,0.033554906344782566,0.175,,,,
0.01,0.5,16,bayes_reward_filter,5,0.82216796875,0.02772345529420362,0.09111328125,21.5,0.025295582156865802,0.5515279213893161,0.18417768380813043
0.01,0.5,16,credit_shuffled_local,5,0.73310546875,0.017715258272782433,0.18017578125,0.4,0.08290427061111241,2.085366346935128,0.5330213360353694
0.01,0.5,16,cumulative_sample_average,5,0.81181640625,0.041427146389134466,0.10146484375,5.8,0.0006905385219452,1.8432326426531962,0.3424758216228586
0.01,0.5,16,matched_random,5,0.771875,0.01793528218132706,0.14140625,,,,
0.01,0.5,16,no_feedback_local,5,0.771875,0.01793528218132706,0.14140625,5.1,0.0,0.6931471805599451,0.25
0.01,0.5,16,oracle_hidden_state,5,0.91328125,0.011164462958615498,0.0,0.0,0.0,9.999778782803791e-13,0.0
0.01,0.5,16,persistent_rpe_local,5,0.8240234375,0.03447417777272532,0.0892578125,18.1,0.04889837771224061,0.9539949805169918,0.23309700867516864
0.01,0.5,16,train_fixed_best,5,0.73828125,0.033554906344782566,0.175,,,,
0.05,0.0625,0,bayes_reward_filter,5,0.75927734375,0.011075484592005616,0.13720703125,2.4,0.022322621125369802,0.675584623174457,0.2417901114936182
0.05,0.0625,0,credit_shuffled_local,5,0.73994140625,0.007271948902785738,0.15654296875,1.0,0.026127659840585,1.0376836165321475,0.3552275360463383
0.05,0.0625,0,cumulative_sample_average,5,0.75263671875,0.03279781921394209,0.14384765625,1.4,0.0003110419906686,4.361086557989113,0.5245744485671304
0.05,0.0625,0,matched_random,5,0.7513671875,0.014329203757441157,0.1451171875,,,,
0.05,0.0625,0,no_feedback_local,5,0.7513671875,0.014329203757441157,0.1451171875,1.2,0.0,0.6931471805599451,0.25
0.05,0.0625,0,oracle_hidden_state,5,0.896484375,0.009303007267215675,0.0,0.0,0.0,9.999778782803791e-13,0.0
0.05,0.0625,0,persistent_rpe_local,5,0.76748046875,0.015710216837648595,0.12900390625,2.2,0.013494479962911402,1.089613394572933,0.33977655356158204
0.05,0.0625,0,train_fixed_best,5,0.76845703125,0.009451742780532868,0.12802734375,,,,
0.05,0.0625,4,bayes_reward_filter,5,0.75498046875,0.011634011662189319,0.14150390625,2.8,0.021288921291034803,0.6863299741668566,0.24670731920494743
0.05,0.0625,4,credit_shuffled_local,5,0.741796875,0.011967374000435876,0.1546875,1.2,0.0260291036119616,1.026751814598111,0.352410147860917
0.05,0.0625,4,cumulative_sample_average,5,0.7529296875,0.03189190584532799,0.1435546875,1.4,0.0003110419906686,4.399479304130805,0.5258119369503146
0.05,0.0625,4,matched_random,5,0.7513671875,0.014329203757441157,0.1451171875,,,,
0.05,0.0625,4,no_feedback_local,5,0.7513671875,0.014329203757441157,0.1451171875,1.2,0.0,0.6931471805599451,0.25
0.05,0.0625,4,oracle_hidden_state,5,0.896484375,0.009303007267215675,0.0,0.0,0.0,9.999778782803791e-13,0.0
0.05,0.0625,4,persistent_rpe_local,5,0.76142578125,0.016119198724033494,0.13505859375,2.7,0.0122481984908906,1.1874681324493273,0.36349972905155925
0.05,0.0625,4,train_fixed_best,5,0.76845703125,0.009451742780532868,0.12802734375,,,,
0.05,0.0625,16,bayes_reward_filter,5,0.75009765625,0.015615078637239332,0.14638671875,1.6,0.0226213952812844,0.694043907484409,0.2504472115628732
0.05,0.0625,16,credit_shuffled_local,5,0.75126953125,0.019262679840971294,0.14521484375,1.2,0.023860870179027403,0.9870431235819991,0.33615466962006685
0.05,0.0625,16,cumulative_sample_average,5,0.76611328125,0.006431611265780992,0.13037109375,1.2,0.0006187002166928,3.0908677561216593,0.46919026341648057
0.05,0.0625,16,matched_random,5,0.7513671875,0.014329203757441157,0.1451171875,,,,
0.05,0.0625,16,no_feedback_local,5,0.7513671875,0.014329203757441157,0.1451171875,1.2,0.0,0.6931471805599451,0.25
0.05,0.0625,16,oracle_hidden_state,5,0.896484375,0.009303007267215675,0.0,0.0,0.0,9.999778782803791e-13,0.0
0.05,0.0625,16,persistent_rpe_local,5,0.75771484375,0.017576090377040467,0.13876953125,1.4,0.0160763623602264,1.11589023842791,0.35177035803358725
0.05,0.0625,16,train_fixed_best,5,0.76845703125,0.009451742780532868,0.12802734375,,,,
0.05,0.125,0,bayes_reward_filter,5,0.76767578125,0.016022024969355536,0.12880859375,2.7,0.0338478678361922,0.6545403869452516,0.2317331917238996
0.05,0.125,0,credit_shuffled_local,5,0.7330078125,0.01185226673706936,0.1634765625,0.9,0.04599098032347361,1.2408359486801654,0.39816932277834605
0.05,0.125,0,cumulative_sample_average,5,0.76591796875,0.006220557482105896,0.13056640625,1.2,0.0006187002166928,3.2961841160401137,0.459932381103338
0.05,0.125,0,matched_random,5,0.7513671875,0.014329203757441157,0.1451171875,,,,
0.05,0.125,0,no_feedback_local,5,0.7513671875,0.014329203757441157,0.1451171875,1.2,0.0,0.6931471805599451,0.25
0.05,0.125,0,oracle_hidden_state,5,0.896484375,0.009303007267215675,0.0,0.0,0.0,9.999778782803791e-13,0.0
0.05,0.125,0,persistent_rpe_local,5,0.77568359375,0.018582293402935837,0.12080078125,2.6,0.0174985196648682,1.2684890157531656,0.3525539696395538
0.05,0.125,0,train_fixed_best,5,0.76845703125,0.009451742780532868,0.12802734375,,,,
0.05,0.125,4,bayes_reward_filter,5,0.75888671875,0.016036898742489317,0.13759765625,3.2,0.0348699031923464,0.6737567743108727,0.24053211179109663
0.05,0.125,4,credit_shuffled_local,5,0.73779296875,0.01459952772238872,0.15869140625,1.0,0.0442427683151132,1.1967101727181988,0.3884055382919948
0.05,0.125,4,cumulative_sample_average,5,0.7658203125,0.006483301280644416,0.1306640625,1.2,0.0006187002166928,3.3348179075401942,0.46210182120790966
0.05,0.125,4,matched_random,5,0.7513671875,0.014329203757441157,0.1451171875,,,,
0.05,0.125,4,no_feedback_local,5,0.7513671875,0.014329203757441157,0.1451171875,1.2,0.0,0.6931471805599451,0.25
0.05,0.125,4,oracle_hidden_state,5,0.896484375,0.009303007267215675,0.0,0.0,0.0,9.999778782803791e-13,0.0
0.05,0.125,4,persistent_rpe_local,5,0.77197265625,0.012113902568413352,0.12451171875,2.5,0.017686991786852003,1.3403576433597078,0.36932127390016783
0.05,0.125,4,train_fixed_best,5,0.76845703125,0.009451742780532868,0.12802734375,,,,
0.05,0.125,16,bayes_reward_filter,5,0.75087890625,0.016298649662931007,0.14560546875,2.4,0.0358034494193338,0.6925123108802234,0.24968333298446463
0.05,0.125,16,credit_shuffled_local,5,0.745703125,0.018744531469790666,0.15078125,1.3,0.037969736925977604,1.124567912627592,0.3637588386769414
0.05,0.125,16,cumulative_sample_average,5,0.765625,0.0077895781902069415,0.130859375,1.4,0.0014467143982908,3.1769876413355655,0.42160787602501165
0.05,0.125,16,matched_random,5,0.7513671875,0.014329203757441157,0.1451171875,,,,
0.05,0.125,16,no_feedback_local,5,0.7513671875,0.014329203757441157,0.1451171875,1.2,0.0,0.6931471805599451,0.25
0.05,0.125,16,oracle_hidden_state,5,0.896484375,0.009303007267215675,0.0,0.0,0.0,9.999778782803791e-13,0.0
0.05,0.125,16,persistent_rpe_local,5,0.75390625,0.011895437221757649,0.142578125,1.9,0.025530886435801002,1.4031789328643913,0.39761454209894326
0.05,0.125,16,train_fixed_best,5,0.76845703125,0.009451742780532868,0.12802734375,,,,
0.05,0.25,0,bayes_reward_filter,5,0.77724609375,0.017223251612810072,0.11923828125,2.6,0.05289623817947,0.6223446807044757,0.21648992750316842
0.05,0.25,0,credit_shuffled_local,5,0.72705078125,0.016072539639289833,0.16943359375,0.8,0.07252151980615382,1.4854433402133167,0.4410000326971469
0.05,0.25,0,cumulative_sample_average,5,0.7701171875,0.008716880242361245,0.1263671875,1.4,0.0029601345286692,2.814902124885455,0.3826543590466912
0.05,0.25,0,matched_random,5,0.7513671875,0.014329203757441157,0.1451171875,,,,
0.05,0.25,0,no_feedback_local,5,0.7513671875,0.014329203757441157,0.1451171875,1.2,0.0,0.6931471805599451,0.25
0.05,0.25,0,oracle_hidden_state,5,0.896484375,0.009303007267215675,0.0,0.0,0.0,9.999778782803791e-13,0.0
0.05,0.25,0,persistent_rpe_local,5,0.7822265625,0.0141937908728014,0.1142578125,2.4,0.0292290947146854,1.3836736511225243,0.34399276231921583
0.05,0.25,0,train_fixed_best,5,0.76845703125,0.009451742780532868,0.12802734375,,,,
0.05,0.25,4,bayes_reward_filter,5,0.7654296875,0.018706971705898138,0.1310546875,4.0,0.05383497516848661,0.6645939815537243,0.2360934457975314
0.05,0.25,4,credit_shuffled_local,5,0.73701171875,0.01760726209283436,0.15947265625,0.7,0.0662522908997892,1.4076182194134543,0.41030868037106166
0.05,0.25,4,cumulative_sample_average,5,0.7677734375,0.011716715318154654,0.1287109375,1.4,0.0026633307138018,2.3274682163113125,0.369315651844561
0.05,0.25,4,matched_random,5,0.7513671875,0.014329203757441157,0.1451171875,,,,
0.05,0.25,4,no_feedback_local,5,0.7513671875,0.014329203757441157,0.1451171875,1.2,0.0,0.6931471805599451,0.25
0.05,0.25,4,oracle_hidden_state,5,0.896484375,0.009303007267215675,0.0,0.0,0.0,9.999778782803791e-13,0.0
0.05,0.25,4,persistent_rpe_local,5,0.77431640625,0.011997220353215701,0.12216796875,3.5,0.0354872357010738,1.442286070798536,0.36362910703974266
0.05,0.25,4,train_fixed_best,5,0.76845703125,0.009451742780532868,0.12802734375,,,,
0.05,0.25,16,bayes_reward_filter,5,0.7517578125,0.015162685640335504,0.1447265625,2.0,0.056266421455135204,0.6912040973255481,0.2490295170880938
0.05,0.25,16,credit_shuffled_local,5,0.74775390625,0.021463835174496414,0.14873046875,1.5,0.057750208196702804,1.3426826885065481,0.3944883924062884
0.05,0.25,16,cumulative_sample_average,5,0.762890625,0.011318228772704216,0.13359375,1.6,0.0026857749051092004,1.8430696066197167,0.36757327015874924
0.05,0.25,16,matched_random,5,0.7513671875,0.014329203757441157,0.1451171875,,,,
0.05,0.25,16,no_feedback_local,5,0.7513671875,0.014329203757441157,0.1451171875,1.2,0.0,0.6931471805599451,0.25
0.05,0.25,16,oracle_hidden_state,5,0.896484375,0.009303007267215675,0.0,0.0,0.0,9.999778782803791e-13,0.0
0.05,0.25,16,persistent_rpe_local,5,0.7673828125,0.018537332549724672,0.1291015625,2.0,0.044078633842735006,1.4200604333461535,0.37184328635214686
0.05,0.25,16,train_fixed_best,5,0.76845703125,0.009451742780532868,0.12802734375,,,,
0.05,0.5,0,bayes_reward_filter,5,0.793359375,0.014270849668767264,0.103125,2.8,0.0738365848662352,0.5785127468921749,0.19680508612200023
0.05,0.5,0,credit_shuffled_local,5,0.71533203125,0.016205494897730557,0.18115234375,1.8,0.1173853620420358,1.8287406486449214,0.4951723546147907
0.05,0.5,0,cumulative_sample_average,5,0.76279296875,0.007974097757513813,0.13369140625,1.2,0.0039920250167762,2.492730515418117,0.37392062785533003
0.05,0.5,0,matched_random,5,0.7513671875,0.014329203757441157,0.1451171875,,,,
0.05,0.5,0,no_feedback_local,5,0.7513671875,0.014329203757441157,0.1451171875,1.2,0.0,0.6931471805599451,0.25
0.05,0.5,0,oracle_hidden_state,5,0.896484375,0.009303007267215675,0.0,0.0,0.0,9.999778782803791e-13,0.0
0.05,0.5,0,persistent_rpe_local,5,0.7962890625,0.02143271042950426,0.1001953125,3.2,0.046233409659207005,1.300719799532663,0.2991430902732872
0.05,0.5,0,train_fixed_best,5,0.76845703125,0.009451742780532868,0.12802734375,,,,
0.05,0.5,4,bayes_reward_filter,5,0.77373046875,0.01413740764287569,0.12275390625,5.0,0.0771986448664224,0.6505505669258876,0.22940820486153662
0.05,0.5,4,credit_shuffled_local,5,0.72275390625,0.017240546469468945,0.17373046875,1.0,0.09605609562086481,1.7479752943419289,0.46559456797904264
0.05,0.5,4,cumulative_sample_average,5,0.7654296875,0.011568247423430524,0.1310546875,1.4,0.0030802954562976002,2.2948879085200993,0.3638895896819958
0.05,0.5,4,matched_random,5,0.7513671875,0.014329203757441157,0.1451171875,,,,
0.05,0.5,4,no_feedback_local,5,0.7513671875,0.014329203757441157,0.1451171875,1.2,0.0,0.6931471805599451,0.25
0.05,0.5,4,oracle_hidden_state,5,0.896484375,0.009303007267215675,0.0,0.0,0.0,9.999778782803791e-13,0.0
0.05,0.5,4,persistent_rpe_local,5,0.7828125,0.019744924931406425,0.113671875,4.2,0.0610751068446322,1.5178212889380547,0.349452213425529
0.05,0.5,4,train_fixed_best,5,0.76845703125,0.009451742780532868,0.12802734375,,,,
0.05,0.5,16,bayes_reward_filter,5,0.75224609375,0.016944836818689392,0.14423828125,3.0,0.0727673438989726,0.6885379605170544,0.24770268425858122
0.05,0.5,16,credit_shuffled_local,5,0.7443359375,0.01641961416258149,0.1521484375,1.2,0.0843234039069608,1.60090427238964,0.4223745405074906
0.05,0.5,16,cumulative_sample_average,5,0.75830078125,0.014381519995139778,0.13818359375,1.5,0.0035969632375778,1.0895489397423257,0.3250491354067554
0.05,0.5,16,matched_random,5,0.7513671875,0.014329203757441157,0.1451171875,,,,
0.05,0.5,16,no_feedback_local,5,0.7513671875,0.014329203757441157,0.1451171875,1.2,0.0,0.6931471805599451,0.25
0.05,0.5,16,oracle_hidden_state,5,0.896484375,0.009303007267215675,0.0,0.0,0.0,9.999778782803791e-13,0.0
0.05,0.5,16,persistent_rpe_local,5,0.769140625,0.01642614702141797,0.12734375,2.1,0.0760579051010492,1.4886597767588663,0.36715604677875807
0.05,0.5,16,train_fixed_best,5,0.76845703125,0.009451742780532868,0.12802734375,,,,
0.1,0.0625,0,bayes_reward_filter,5,0.75966796875,0.01652743676668163,0.13681640625,1.8,0.026007292777368,0.6877460443665109,0.24736005321100402
0.1,0.0625,0,credit_shuffled_local,5,0.7509765625,0.01606512097300987,0.1455078125,1.4,0.027846391414154202,1.0218616723461462,0.34722408908959923
0.1,0.0625,0,cumulative_sample_average,5,0.75302734375,0.02374171865539465,0.14345703125,1.4,0.0014074841703560002,2.9984040513238304,0.45614049457361805
0.1,0.0625,0,matched_random,5,0.75498046875,0.018591272525664705,0.14150390625,,,,
0.1,0.0625,0,no_feedback_local,5,0.75498046875,0.018591272525664705,0.14150390625,1.2,0.0,0.6931471805599451,0.25
0.1,0.0625,0,oracle_hidden_state,5,0.896484375,0.003797936813013681,0.0,0.0,0.0,9.999778782803791e-13,0.0
0.1,0.0625,0,persistent_rpe_local,5,0.7611328125,0.01547705225239417,0.1353515625,1.8,0.013653156965789804,1.1522031339288759,0.362030354492327
0.1,0.0625,0,train_fixed_best,5,0.76572265625,0.006563706060119718,0.13076171875,,,,
0.1,0.0625,4,bayes_reward_filter,5,0.75625,0.017545542719902902,0.140234375,1.7,0.025243896259484,0.6923940915795983,0.2496248069679722
0.1,0.0625,4,credit_shuffled_local,5,0.7568359375,0.014599527722388714,0.1396484375,1.2,0.025791431254735604,0.9768632586961606,0.3323168554126502
0.1,0.0625,4,cumulative_sample_average,5,0.751953125,0.022685380820932292,0.14453125,1.3,0.0010827420495266003,2.995980393494117,0.45628041248149104
0.1,0.0625,4,matched_random,5,0.75498046875,0.018591272525664705,0.14150390625,,,,
0.1,0.0625,4,no_feedback_local,5,0.75498046875,0.018591272525664705,0.14150390625,1.2,0.0,0.6931471805599451,0.25
0.1,0.0625,4,oracle_hidden_state,5,0.896484375,0.003797936813013681,0.0,0.0,0.0,9.999778782803791e-13,0.0
0.1,0.0625,4,persistent_rpe_local,5,0.7572265625,0.01278607131569121,0.1392578125,1.6,0.014620796555548002,1.17161903839604,0.37080945225183026
0.1,0.0625,4,train_fixed_best,5,0.76572265625,0.006563706060119718,0.13076171875,,,,
0.1,0.0625,16,bayes_reward_filter,5,0.75703125,0.018048581789893225,0.139453125,1.2,0.025685255364271804,0.6931153560947114,0.2499840876453922
0.1,0.0625,16,credit_shuffled_local,5,0.75361328125,0.019126045746978834,0.14287109375,1.4,0.023084871603097003,1.0248197064585718,0.3460167287854276
0.1,0.0625,16,cumulative_sample_average,5,0.75380859375,0.0241820025837895,0.14267578125,1.3,0.0011923217985294002,2.207353384209892,0.4221008989625406
0.1,0.0625,16,matched_random,5,0.75498046875,0.018591272525664705,0.14150390625,,,,
0.1,0.0625,16,no_feedback_local,5,0.75498046875,0.018591272525664705,0.14150390625,1.2,0.0,0.6931471805599451,0.25
0.1,0.0625,16,oracle_hidden_state,5,0.896484375,0.003797936813013681,0.0,0.0,0.0,9.999778782803791e-13,0.0
0.1,0.0625,16,persistent_rpe_local,5,0.755859375,0.016705356830621108,0.140625,1.4,0.0160319018800372,1.1499032668028473,0.36546523127048547
0.1,0.0625,16,train_fixed_best,5,0.76572265625,0.006563706060119718,0.13076171875,,,,
0.1,0.125,0,bayes_reward_filter,5,0.7615234375,0.01605621404885098,0.1349609375,2.0,0.045066314237187,0.6830530731631292,0.2450600573563766
0.1,0.125,0,credit_shuffled_local,5,0.7478515625,0.020009405785411362,0.1486328125,1.4,0.04594130205633801,1.1866519980834975,0.3818127279205615
0.1,0.125,0,cumulative_sample_average,5,0.76884765625,0.004123014029801667,0.12763671875,1.2,0.0023793295612694002,2.0007366473899717,0.38181870841580806
0.1,0.125,0,matched_random,5,0.75498046875,0.018591272525664705,0.14150390625,,,,
0.1,0.125,0,no_feedback_local,5,0.75498046875,0.018591272525664705,0.14150390625,1.2,0.0,0.6931471805599451,0.25
0.1,0.125,0,oracle_hidden_state,5,0.896484375,0.003797936813013681,0.0,0.0,0.0,9.999778782803791e-13,0.0
0.1,0.125,0,persistent_rpe_local,5,0.7673828125,0.013787354101410314,0.1291015625,1.5,0.018412319645840402,1.3558483215992658,0.37589113172527383
0.1,0.125,0,train_fixed_best,5,0.76572265625,0.006563706060119718,0.13076171875,,,,
0.1,0.125,4,bayes_reward_filter,5,0.75673828125,0.017340516484894295,0.13974609375,1.8,0.045934859948103604,0.6913770345764728,0.24911409843400203
0.1,0.125,4,credit_shuffled_local,5,0.74873046875,0.01692019591450277,0.14775390625,1.6,0.0433310290855056,1.1431133793684847,0.37065719685355364
0.1,0.125,4,cumulative_sample_average,5,0.7681640625,0.009919442907503169,0.1283203125,1.4,0.0027037291476232003,1.130910246679934,0.34128469627773805
0.1,0.125,4,matched_random,5,0.75498046875,0.018591272525664705,0.14150390625,,,,
0.1,0.125,4,no_feedback_local,5,0.75498046875,0.018591272525664705,0.14150390625,1.2,0.0,0.6931471805599451,0.25
0.1,0.125,4,oracle_hidden_state,5,0.896484375,0.003797936813013681,0.0,0.0,0.0,9.999778782803791e-13,0.0
0.1,0.125,4,persistent_rpe_local,5,0.758984375,0.014503679269113369,0.1375,2.0,0.0189692519814224,1.3965644052302935,0.38962849008933487
0.1,0.125,4,train_fixed_best,5,0.76572265625,0.006563706060119718,0.13076171875,,,,
0.1,0.125,16,bayes_reward_filter,5,0.75712890625,0.017909341541925347,0.13935546875,1.8,0.0471301061436312,0.6930091840004808,0.24993100507720084
0.1,0.125,16,credit_shuffled_local,5,0.75185546875,0.023512149186384314,0.14462890625,1.6,0.038352486195203005,1.1674457510423648,0.36968123281657045
0.1,0.125,16,cumulative_sample_average,5,0.75576171875,0.02302027314714234,0.14072265625,1.4,0.0018408415640544004,3.404799667006614,0.45778572294197784
0.1,0.125,16,matched_random,5,0.75498046875,0.018591272525664705,0.14150390625,,,,
0.1,0.125,16,no_feedback_local,5,0.75498046875,0.018591272525664705,0.14150390625,1.2,0.0,0.6931471805599451,0.25
0.1,0.125,16,oracle_hidden_state,5,0.896484375,0.003797936813013681,0.0,0.0,0.0,9.999778782803791e-13,0.0
0.1,0.125,16,persistent_rpe_local,5,0.7623046875,0.01493613954358128,0.1341796875,1.2,0.026977240398327402,1.3364665755941618,0.3804410737153
0.1,0.125,16,train_fixed_best,5,0.76572265625,0.006563706060119718,0.13076171875,,,,
0.1,0.25,0,bayes_reward_filter,5,0.76630859375,0.01486092627738183,0.13017578125,2.2,0.07757311259586021,0.6724971368452735,0.23997565906236104
0.1,0.25,0,credit_shuffled_local,5,0.74072265625,0.02479440070284779,0.15576171875,1.5,0.075947917621937,1.293018511198834,0.3952581292784476
0.1,0.25,0,cumulative_sample_average,5,0.7650390625,0.008892887196405243,0.1314453125,1.2,0.0061673026879404,1.646609259435122,0.33398876606549
0.1,0.25,0,matched_random,5,0.75498046875,0.018591272525664705,0.14150390625,,,,
0.1,0.25,0,no_feedback_local,5,0.75498046875,0.018591272525664705,0.14150390625,1.2,0.0,0.6931471805599451,0.25
0.1,0.25,0,oracle_hidden_state,5,0.896484375,0.003797936813013681,0.0,0.0,0.0,9.999778782803791e-13,0.0
0.1,0.25,0,persistent_rpe_local,5,0.7701171875,0.007359938938053429,0.1263671875,1.8,0.035414508714223206,1.5262870175707337,0.3836552797197318
0.1,0.25,0,train_fixed_best,5,0.76572265625,0.006563706060119718,0.13076171875,,,,
0.1,0.25,4,bayes_reward_filter,5,0.75869140625,0.01743649540677003,0.13779296875,2.2,0.07464244934053801,0.6902123017110121,0.24853976678805562
0.1,0.25,4,credit_shuffled_local,5,0.751171875,0.017742154603874724,0.1453125,1.5,0.07106437924208261,1.2169059425138253,0.37194024351134086
0.1,0.25,4,cumulative_sample_average,5,0.7650390625,0.009286334048537948,0.1314453125,1.2,0.005417298011284001,1.6579102160065333,0.3401066892631358
0.1,0.25,4,matched_random,5,0.75498046875,0.018591272525664705,0.14150390625,,,,
0.1,0.25,4,no_feedback_local,5,0.75498046875,0.018591272525664705,0.14150390625,1.2,0.0,0.6931471805599451,0.25
0.1,0.25,4,oracle_hidden_state,5,0.896484375,0.003797936813013681,0.0,0.0,0.0,9.999778782803791e-13,0.0
0.1,0.25,4,persistent_rpe_local,5,0.76572265625,0.013846884895653487,0.13076171875,1.8,0.040079471104507006,1.5153297392916938,0.39101244581405925
0.1,0.25,4,train_fixed_best,5,0.76572265625,0.006563706060119718,0.13076171875,,,,
0.1,0.25,16,bayes_reward_filter,5,0.75751953125,0.017892693146018532,0.13896484375,1.8,0.0795341103024976,0.6930288516767369,0.249940842267655
0.1,0.25,16,credit_shuffled_local,5,0.75478515625,0.021645789236024417,0.14169921875,1.7,0.0630603519172114,1.2217693141617054,0.3691844061613068
0.1,0.25,16,cumulative_sample_average,5,0.7640625,0.006545518975952233,0.132421875,1.2,0.004760062163913401,2.1311573390429546,0.3649884332040778
0.1,0.25,16,matched_random,5,0.75498046875,0.018591272525664705,0.14150390625,,,,
0.1,0.25,16,no_feedback_local,5,0.75498046875,0.018591272525664705,0.14150390625,1.2,0.0,0.6931471805599451,0.25
0.1,0.25,16,oracle_hidden_state,5,0.896484375,0.003797936813013681,0.0,0.0,0.0,9.999778782803791e-13,0.0
0.1,0.25,16,persistent_rpe_local,5,0.757421875,0.017395426427532702,0.1390625,1.5,0.0457307496369514,1.5633436657734943,0.4059092494745866
0.1,0.25,16,train_fixed_best,5,0.76572265625,0.006563706060119718,0.13076171875,,,,
0.1,0.5,0,bayes_reward_filter,5,0.776171875,0.012870634357317647,0.1203125,2.2,0.11192981554986481,0.650835466102967,0.2295142071553858
0.1,0.5,0,credit_shuffled_local,5,0.73486328125,0.026879871725275877,0.16162109375,1.7,0.11672228127447921,1.589931405342284,0.4361172295329096
0.1,0.5,0,cumulative_sample_average,5,0.74736328125,0.030459123704694942,0.14912109375,1.4,0.0033733075519244,4.035516212476187,0.4688246051567241
0.1,0.5,0,matched_random,5,0.75498046875,0.018591272525664705,0.14150390625,,,,
0.1,0.5,0,no_feedback_local,5,0.75498046875,0.018591272525664705,0.14150390625,1.2,0.0,0.6931471805599451,0.25
0.1,0.5,0,oracle_hidden_state,5,0.896484375,0.003797936813013681,0.0,0.0,0.0,9.999778782803791e-13,0.0
0.1,0.5,0,persistent_rpe_local,5,0.776171875,0.005081410445604561,0.1203125,2.0,0.047998152154103,1.6313273335790428,0.3682175262130704
0.1,0.5,0,train_fixed_best,5,0.76572265625,0.006563706060119718,0.13076171875,,,,
0.1,0.5,4,bayes_reward_filter,5,0.75986328125,0.017501324194808158,0.13662109375,2.8,0.11950627625989,0.6863460365243682,0.24662205830034942
0.1,0.5,4,credit_shuffled_local,5,0.74853515625,0.021548090003531466,0.14794921875,1.4,0.10900563539227562,1.4142234377238734,0.3902878536989882
0.1,0.5,4,cumulative_sample_average,5,0.752734375,0.025662884503738964,0.14375,1.5,0.0051156413247454005,2.4891486573815493,0.386190885495486
0.1,0.5,4,matched_random,5,0.75498046875,0.018591272525664705,0.14150390625,,,,
0.1,0.5,4,no_feedback_local,5,0.75498046875,0.018591272525664705,0.14150390625,1.2,0.0,0.6931471805599451,0.25
0.1,0.5,4,oracle_hidden_state,5,0.896484375,0.003797936813013681,0.0,0.0,0.0,9.999778782803791e-13,0.0
0.1,0.5,4,persistent_rpe_local,5,0.76396484375,0.01182306275578566,0.13251953125,2.2,0.07412350048555541,1.7277879930964626,0.40422401379776784
0.1,0.5,4,train_fixed_best,5,0.76572265625,0.006563706060119718,0.13076171875,,,,
0.1,0.5,16,bayes_reward_filter,5,0.75703125,0.01763432314329552,0.139453125,2.0,0.12298106974592819,0.6928440424252706,0.24984844305206502
0.1,0.5,16,credit_shuffled_local,5,0.75224609375,0.02082392162081681,0.14423828125,2.0,0.1024999768399274,1.4336339593347727,0.39758149955152106
0.1,0.5,16,cumulative_sample_average,5,0.765234375,0.010238781628248404,0.13125,1.2,0.0042406553180768004,1.4667005153967376,0.35496245987619784
0.1,0.5,16,matched_random,5,0.75498046875,0.018591272525664705,0.14150390625,,,,
0.1,0.5,16,no_feedback_local,5,0.75498046875,0.018591272525664705,0.14150390625,1.2,0.0,0.6931471805599451,0.25
0.1,0.5,16,oracle_hidden_state,5,0.896484375,0.003797936813013681,0.0,0.0,0.0,9.999778782803791e-13,0.0
0.1,0.5,16,persistent_rpe_local,5,0.7578125,0.012434405838131683,0.138671875,1.9,0.0888262047263556,1.5891230055994465,0.4021322337808436
0.1,0.5,16,train_fixed_best,5,0.76572265625,0.006563706060119718,0.13076171875,,,,
0.2,0.0625,0,bayes_reward_filter,5,0.757421875,0.00707081155438311,0.14130859375,1.7,0.028540928670087,0.6914823272685153,0.2491789879634922
0.2,0.0625,0,credit_shuffled_local,5,0.7525390625,0.00811487594161806,0.14619140625,1.4,0.029757468307039802,0.9204396532440757,0.3198429890111234
0.2,0.0625,0,cumulative_sample_average,5,0.75263671875,0.01121240905248529,0.14609375,1.2,0.0019455247142870003,2.9054325342213443,0.4509319008264434
0.2,0.0625,0,matched_random,5,0.75546875,0.0060337813209304,0.14326171875,,,,
0.2,0.0625,0,no_feedback_local,5,0.75546875,0.0060337813209304,0.14326171875,1.4,0.0,0.6931471805599451,0.25
0.2,0.0625,0,oracle_hidden_state,5,0.89873046875,0.003358154075009687,0.0,0.0,0.0,9.999778782803791e-13,0.0
0.2,0.0625,0,persistent_rpe_local,5,0.7556640625,0.01220507796872498,0.14306640625,1.8,0.014456852936468801,1.2290292094471795,0.37867833212722746
0.2,0.0625,0,train_fixed_best,5,0.76455078125,0.00632319505592956,0.1341796875,,,,
0.2,0.0625,4,bayes_reward_filter,5,0.75595703125,0.0064998286298022425,0.1427734375,1.6,0.028417716364379602,0.6931932125387275,0.2500230087318306
0.2,0.0625,4,credit_shuffled_local,5,0.7556640625,0.006334496575324113,0.14306640625,1.6,0.0292673082844974,0.9276798312676993,0.3199671738550898
0.2,0.0625,4,cumulative_sample_average,5,0.7546875,0.011212409052485273,0.14404296875,1.2,0.0018243125930748002,2.9498517302808422,0.4523178354118004
0.2,0.0625,4,matched_random,5,0.75546875,0.0060337813209304,0.14326171875,,,,
0.2,0.0625,4,no_feedback_local,5,0.75546875,0.0060337813209304,0.14326171875,1.4,0.0,0.6931471805599451,0.25
0.2,0.0625,4,oracle_hidden_state,5,0.89873046875,0.003358154075009687,0.0,0.0,0.0,9.999778782803791e-13,0.0
0.2,0.0625,4,persistent_rpe_local,5,0.758984375,0.01418791056975796,0.13974609375,1.6,0.0146966171543646,1.2288654412432647,0.37760936700408104
0.2,0.0625,4,train_fixed_best,5,0.76455078125,0.00632319505592956,0.1341796875,,,,
0.2,0.0625,16,bayes_reward_filter,5,0.7560546875,0.006381370801837715,0.14267578125,1.5,0.03012162845415,0.6931470070632229,0.24999991325163942
0.2,0.0625,16,credit_shuffled_local,5,0.75341796875,0.007267029329168563,0.1453125,1.4,0.023925195822045404,0.9671646847398158,0.33258051590581444
0.2,0.0625,16,cumulative_sample_average,5,0.75185546875,0.009688415484086395,0.146875,1.2,0.0010934213885742,2.9569201418099755,0.4597744909675766
0.2,0.0625,16,matched_random,5,0.75546875,0.0060337813209304,0.14326171875,,,,
0.2,0.0625,16,no_feedback_local,5,0.75546875,0.0060337813209304,0.14326171875,1.4,0.0,0.6931471805599451,0.25
0.2,0.0625,16,oracle_hidden_state,5,0.89873046875,0.003358154075009687,0.0,0.0,0.0,9.999778782803791e-13,0.0
0.2,0.0625,16,persistent_rpe_local,5,0.758203125,0.012522296094370949,0.14052734375,1.6,0.0153053355425464,1.1750303728280607,0.36816646153104304
0.2,0.0625,16,train_fixed_best,5,0.76455078125,0.00632319505592956,0.1341796875,,,,
0.2,0.125,0,bayes_reward_filter,5,0.75908203125,0.0068585702341478014,0.1396484375,2.0,0.05355658186662761,0.689555476607782,0.2482411391728822
0.2,0.125,0,credit_shuffled_local,5,0.75224609375,0.011365526215588366,0.146484375,1.8,0.046145673337762004,1.0681504814520963,0.3516825086936496
0.2,0.125,0,cumulative_sample_average,5,0.753515625,0.009676103348620443,0.14521484375,1.4,0.0017016240708414003,2.920068717658242,0.4648884028538454
0.2,0.125,0,matched_random,5,0.75546875,0.0060337813209304,0.14326171875,,,,
0.2,0.125,0,no_feedback_local,5,0.75546875,0.0060337813209304,0.14326171875,1.4,0.0,0.6931471805599451,0.25
0.2,0.125,0,oracle_hidden_state,5,0.89873046875,0.003358154075009687,0.0,0.0,0.0,9.999778782803791e-13,0.0
0.2,0.125,0,persistent_rpe_local,5,0.764453125,0.008348038732024823,0.13427734375,2.0,0.021011968053600803,1.4538319360803182,0.397767245076289
0.2,0.125,0,train_fixed_best,5,0.76455078125,0.00632319505592956,0.1341796875,,,,
0.2,0.125,4,bayes_reward_filter,5,0.7560546875,0.005996125559769046,0.14267578125,1.8,0.054525901429377,0.6928600205026241,0.24985650914210505
0.2,0.125,4,credit_shuffled_local,5,0.75166015625,0.007304661388656549,0.1470703125,1.7,0.0422593387042776,1.0664720421383924,0.3475833419875817
0.2,0.125,4,cumulative_sample_average,5,0.75224609375,0.009306850691162804,0.146484375,1.4,0.0024336236973120005,2.9589843232274515,0.4675141799529521
0.2,0.125,4,matched_random,5,0.75546875,0.0060337813209304,0.14326171875,,,,
0.2,0.125,4,no_feedback_local,5,0.75546875,0.0060337813209304,0.14326171875,1.4,0.0,0.6931471805599451,0.25
0.2,0.125,4,oracle_hidden_state,5,0.89873046875,0.003358154075009687,0.0,0.0,0.0,9.999778782803791e-13,0.0
0.2,0.125,4,persistent_rpe_local,5,0.7580078125,0.008690857602065232,0.14072265625,1.5,0.021622604239251803,1.4461962644475845,0.4028132147733964
0.2,0.125,4,train_fixed_best,5,0.76455078125,0.00632319505592956,0.1341796875,,,,
0.2,0.125,16,bayes_reward_filter,5,0.7560546875,0.006381370801837715,0.14267578125,1.8,0.0533121677596746,0.6931472582645025,0.2500000388522782
0.2,0.125,16,credit_shuffled_local,5,0.75537109375,0.0037025759004157962,0.143359375,1.8,0.0386188754374154,1.0606327813569214,0.34777430336004367
0.2,0.125,16,cumulative_sample_average,5,0.7546875,0.01135503269824111,0.14404296875,1.4,0.0013385047634566001,2.642634878948868,0.4183617938909706
0.2,0.125,16,matched_random,5,0.75546875,0.0060337813209304,0.14326171875,,,,
0.2,0.125,16,no_feedback_local,5,0.75546875,0.0060337813209304,0.14326171875,1.4,0.0,0.6931471805599451,0.25
0.2,0.125,16,oracle_hidden_state,5,0.89873046875,0.003358154075009687,0.0,0.0,0.0,9.999778782803791e-13,0.0
0.2,0.125,16,persistent_rpe_local,5,0.75751953125,0.007047168937016868,0.1412109375,1.0,0.026959326803532403,1.3871693957925832,0.39381422019903484
0.2,0.125,16,train_fixed_best,5,0.76455078125,0.00632319505592956,0.1341796875,,,,
0.2,0.25,0,bayes_reward_filter,5,0.7623046875,0.005984185039005288,0.13642578125,1.8,0.0932588993021456,0.6859238464414755,0.24647158920077944
0.2,0.25,0,credit_shuffled_local,5,0.74658203125,0.011870357208147669,0.1521484375,2.0,0.0766277525389432,1.184042977535911,0.366549611393292
0.2,0.25,0,cumulative_sample_average,5,0.75322265625,0.008233006864965805,0.1455078125,1.4,0.0009711742627884001,2.64764062390123,0.42043193197097306
0.2,0.25,0,matched_random,5,0.75546875,0.0060337813209304,0.14326171875,,,,
0.2,0.25,0,no_feedback_local,5,0.75546875,0.0060337813209304,0.14326171875,1.4,0.0,0.6931471805599451,0.25
0.2,0.25,0,oracle_hidden_state,5,0.89873046875,0.003358154075009687,0.0,0.0,0.0,9.999778782803791e-13,0.0
0.2,0.25,0,persistent_rpe_local,5,0.76484375,0.0076474883101325134,0.13388671875,1.8,0.0314526764447662,1.7175918760339228,0.4217541068572732
0.2,0.25,0,train_fixed_best,5,0.76455078125,0.00632319505592956,0.1341796875,,,,
0.2,0.25,4,bayes_reward_filter,5,0.75625,0.005667008258771151,0.14248046875,2.0,0.09703175429312201,0.692772268194734,0.24981259375978002
0.2,0.25,4,credit_shuffled_local,5,0.753515625,0.005750535359545811,0.14521484375,1.9,0.0723814842146796,1.152274674739128,0.3576121364317658
0.2,0.25,4,cumulative_sample_average,5,0.75244140625,0.00773582984265374,0.1462890625,1.4,0.0018189943281588003,2.6209253525273972,0.41211535261336224
0.2,0.25,4,matched_random,5,0.75546875,0.0060337813209304,0.14326171875,,,,
0.2,0.25,4,no_feedback_local,5,0.75546875,0.0060337813209304,0.14326171875,1.4,0.0,0.6931471805599451,0.25
0.2,0.25,4,oracle_hidden_state,5,0.89873046875,0.003358154075009687,0.0,0.0,0.0,9.999778782803791e-13,0.0
0.2,0.25,4,persistent_rpe_local,5,0.759765625,0.010012742507036073,0.13896484375,1.8,0.038749518474682804,1.6967272792987482,0.4213704976009288
0.2,0.25,4,train_fixed_best,5,0.76455078125,0.00632319505592956,0.1341796875,,,,
0.2,0.25,16,bayes_reward_filter,5,0.7560546875,0.006381370801837715,0.14267578125,2.0,0.0933815851237052,0.6931474883664837,0.25000015390326863
0.2,0.25,16,credit_shuffled_local,5,0.7580078125,0.005885764142696943,0.14072265625,1.8,0.0601088923668464,1.1844686190365337,0.3613882880452448
0.2,0.25,16,cumulative_sample_average,5,0.75703125,0.00853165823270641,0.14169921875,1.2,0.0024298539004768,1.3179816971357863,0.36456006096339943
0.2,0.25,16,matched_random,5,0.75546875,0.0060337813209304,0.14326171875,,,,
0.2,0.25,16,no_feedback_local,5,0.75546875,0.0060337813209304,0.14326171875,1.4,0.0,0.6931471805599451,0.25
0.2,0.25,16,oracle_hidden_state,5,0.89873046875,0.003358154075009687,0.0,0.0,0.0,9.999778782803791e-13,0.0
0.2,0.25,16,persistent_rpe_local,5,0.75595703125,0.01091502468971328,0.1427734375,1.4,0.0461398402590018,1.536849991037594,0.4063424499899722
0.2,0.25,16,train_fixed_best,5,0.76455078125,0.00632319505592956,0.1341796875,,,,
0.2,0.5,0,bayes_reward_filter,5,0.76689453125,0.007013255511433494,0.1318359375,2.0,0.16068110463337562,0.6754383079960214,0.24134077458846243
0.2,0.5,0,credit_shuffled_local,5,0.740625,0.011751256997258847,0.15810546875,2.0,0.12119538657543841,1.3670217847598507,0.39249410724229505
0.2,0.5,0,cumulative_sample_average,5,0.7595703125,0.012721577398032853,0.13916015625,1.4,0.001455134577856,4.087825741513905,0.46212222805236225
0.2,0.5,0,matched_random,5,0.75546875,0.0060337813209304,0.14326171875,,,,
0.2,0.5,0,no_feedback_local,5,0.75546875,0.0060337813209304,0.14326171875,1.4,0.0,0.6931471805599451,0.25
0.2,0.5,0,oracle_hidden_state,5,0.89873046875,0.003358154075009687,0.0,0.0,0.0,9.999778782803791e-13,0.0
0.2,0.5,0,persistent_rpe_local,5,0.76494140625,0.012302362131463693,0.1337890625,1.8,0.05682257397810281,1.9076613021406843,0.42472139451517704
0.2,0.5,0,train_fixed_best,5,0.76455078125,0.00632319505592956,0.1341796875,,,,
0.2,0.5,4,bayes_reward_filter,5,0.756640625,0.005552253801640553,0.14208984375,2.0,0.1706396854437058,0.6924735372634461,0.24966332094917082
0.2,0.5,4,credit_shuffled_local,5,0.75673828125,0.006653895861760996,0.1419921875,1.8,0.10224276033158841,1.2396191093968696,0.36113019324053985
0.2,0.5,4,cumulative_sample_average,5,0.755078125,0.012209960586021857,0.14365234375,1.4,0.0029152928589728008,2.7319966375877422,0.4055106663415945
0.2,0.5,4,matched_random,5,0.75546875,0.0060337813209304,0.14326171875,,,,
0.2,0.5,4,no_feedback_local,5,0.75546875,0.0060337813209304,0.14326171875,1.4,0.0,0.6931471805599451,0.25
0.2,0.5,4,oracle_hidden_state,5,0.89873046875,0.003358154075009687,0.0,0.0,0.0,9.999778782803791e-13,0.0
0.2,0.5,4,persistent_rpe_local,5,0.76162109375,0.010463355653108505,0.137109375,1.8,0.076141154623421,1.791124943321994,0.4219878296063291
0.2,0.5,4,train_fixed_best,5,0.76455078125,0.00632319505592956,0.1341796875,,,,
0.2,0.5,16,bayes_reward_filter,5,0.7560546875,0.006381370801837715,0.14267578125,2.0,0.168331578201685,0.6931483921470524,0.2500006057935508
0.2,0.5,16,credit_shuffled_local,5,0.7591796875,0.007989033334858996,0.13955078125,2.0,0.1022548043298606,1.3155072988170733,0.37379375512692004
0.2,0.5,16,cumulative_sample_average,5,0.7576171875,0.008174883957718778,0.14111328125,1.2,0.0044888335907906,1.3466923808455786,0.3251085039589494
0.2,0.5,16,matched_random,5,0.75546875,0.0060337813209304,0.14326171875,,,,
0.2,0.5,16,no_feedback_local,5,0.75546875,0.0060337813209304,0.14326171875,1.4,0.0,0.6931471805599451,0.25
0.2,0.5,16,oracle_hidden_state,5,0.89873046875,0.003358154075009687,0.0,0.0,0.0,9.999778782803791e-13,0.0
0.2,0.5,16,persistent_rpe_local,5,0.75625,0.008537245435815213,0.14248046875,1.9,0.0920578479632078,1.6109636909947078,0.4140052685546866
0.2,0.5,16,train_fixed_best,5,0.76455078125,0.00632319505592956,0.1341796875,,,,
