"relative_path","bytes","sha256"
"exp38_stream51_soft_memory_qualification.pdf","26592","33236a6f2c6b36efdf14a6babd427e4bd6543f685fe6fc89cab364e537d6fd9a"
"exp38_stream51_soft_memory_qualification.png","351341","64a9ced4a2ee317fb9fc07569d6352391e76979e450a014ef9fda46947f585a9"
"exp38_stream51_soft_memory_qualification.svg","46530","33bb7d53ec4c53c7833f1e156532b5ad8b2930c8cab5370a15f6bf934b7ccda5"
"feature_audit.json","707","eb4dc0041c2a3bff0a63d2c6b8cd2b760958c28bac0b5f16ef688735b914688b"
"frozen_contract/config.json","4224","7caac2d0bcbe2d70c059ce4a4bd79c95967c5d5f8a2a024957ba7c28fde995da"
"frozen_contract/exp38_implementation_receipt_20260726.json","3192","15521ffa818f4aa623c345b7b6ec2793b3c233bf452a9f98a2d7c549ceb4cea2"
"frozen_contract/exp38_preregistration_receipt_20260726.json","1981","1952cfc4b038bce7382246e4dd296df16d4fc31cd5012d900fd418c0b80c27a0"
"frozen_contract/exp38_qualification_receipt_20260726.json","14056","a2c510f85c20d30994407e139d0d009755829b6890e8ba4502d72dfdc5153a96"
"frozen_contract/protocol.md","9632","c72ef1367cbd668ec17eb4083f429abec666a13039fbcfef378cf836223db227"
"logs/prepare_support_development.log","1147","5cad9f82b59541396d8637af1521075cae509fdb9c85dd9daebcfd100f50fda1"
"logs/prepare_support_development.pid","8","881890e95e2559aa4ce409a89724452a6a5a2d4b7366713475990743221c0824"
"logs/prepare_support_development_attempt2.log","10775","1783e17740177f8337a8cbb3c470ae8df9644c678ac1a0faaf2cd7a36a50007d"
"logs/prepare_support_development_attempt2.pid","8","a615400999caac87f361174b31e5452dfd230501243234e518ea27b7fbee5726"
"logs/prepare_support_development_attempt3.log","31061","92a1e3a2664cebfb30492a16f36dd9cb0fbad4add02486ee8c7ab452138582cd"
"logs/prepare_support_development_attempt3.pid","8","0c4070ea4015a45cd96cf9d5437d271550311d9addf08533a2d13aa751435fbb"
"logs/qualification/seed_13800.log","338","56eaee99db6e90dca6c360660855b33ce2753817e337a8a8f90930c65c494deb"
"logs/qualification/seed_13800.pid","7","c2633561ed615645212c8df81879fd2aaef1e0601b34c5359c4aace31804ce06"
"logs/qualification/seed_13801.log","338","6eaf4857126b87956814e6dd8f85b23b8d9456980a42721c867c2c73b99c5815"
"logs/qualification/seed_13801.pid","7","bf74290c19d158873c51a7bdbb112fc44a64382f967eabc17a0dd19bb8dbb627"
"logs/qualification/seed_13802.log","338","f97e641390867786bc8c22f9c77a3441cb51c3aae770ccccdca52c5fb594b7de"
"logs/qualification/seed_13802.pid","7","64825727ed40bc573453292667978c1965f779efafd32d2acccadd4c263a355a"
"logs/qualification/seed_13803.log","338","a45d25bb88ea6bb0cb4f8b6b893e4fe4f8f6dabe009d546700bf6de0bcc34c46"
"logs/qualification/seed_13803.pid","7","507125b9d18b2e9149712c269d04f41ae4a8bce0d503bb5bb56c6f11d34afca9"
"logs/qualification/seed_13804.log","338","5997f6467f6dc75f5694c4168046cacdc510effb8036e16174277e61c4caa803"
"logs/qualification/seed_13804.pid","7","4f2c0f290adca359c509fc526ef1ce86f24a273c6260a411e0c546bc8a4e8e28"
"logs/qualification_summary.log","14056","a2c510f85c20d30994407e139d0d009755829b6890e8ba4502d72dfdc5153a96"
"qualification_runs/runs/exp38_stream51_soft_memory/seed_13800/20260726T113145.883463Z_qualification/config.json","4860","7957c23d184f7ba0a060d024c4420b53baf142e7f5a8e64889b5f7500746cce5"
"qualification_runs/runs/exp38_stream51_soft_memory/seed_13800/20260726T113145.883463Z_qualification/controller_audit.csv","206250","169f1317c525c961999a4bb21ee3271c11dfd84953f27139c04a36a5238f27e3"
"qualification_runs/runs/exp38_stream51_soft_memory/seed_13800/20260726T113145.883463Z_qualification/development_partition.json","9053","a2874a399cb904f142df58002f7442d0cb8bb13f6ee5a0850eb38e9c85a3012e"
"qualification_runs/runs/exp38_stream51_soft_memory/seed_13800/20260726T113145.883463Z_qualification/environment.json","555","e1ecc9bf2551f5d5f66f06f1cc5b284edc8837380b7b0efe18db7f07c00f90bb"
"qualification_runs/runs/exp38_stream51_soft_memory/seed_13800/20260726T113145.883463Z_qualification/manifest.json","548","04aed66793b4f4d314ea37dd0a48826ac0fa31ca9bc593a3b2093ef0e095a9a1"
"qualification_runs/runs/exp38_stream51_soft_memory/seed_13800/20260726T113145.883463Z_qualification/metrics.jsonl","1299","acf1fa0da9f28ea2a7f813767680fd8455a455b7707ca58db7ce8e214f51054f"
"qualification_runs/runs/exp38_stream51_soft_memory/seed_13800/20260726T113145.883463Z_qualification/planned_conditions.json","86","68bc4554feddf8878c75fbc163e7183fdd1ff056f7d21599579ba64aae8e7848"
"qualification_runs/runs/exp38_stream51_soft_memory/seed_13800/20260726T113145.883463Z_qualification/qualification_video_metrics.csv","17293","53db34a11cea77138be7ff591d6d5a2a596fd48d554edc5c31fe22c9698556a7"
"qualification_runs/runs/exp38_stream51_soft_memory/seed_13800/20260726T113145.883463Z_qualification/run.log","84","6c9e9b01273f0c4901c50199147521cac766e5ee7180ea8e693c4c084873ec80"
"qualification_runs/runs/exp38_stream51_soft_memory/seed_13800/20260726T113145.883463Z_qualification/selected_hyperparameters.json","695","308df07696524d409f892e7b999917a3ca8d55a347868aeee9b4f23706b80886"
"qualification_runs/runs/exp38_stream51_soft_memory/seed_13800/20260726T113145.883463Z_qualification/stationary_audit.csv","1669","32411bd782e0cf5e52db348db228c589d5d5c8c143784bdb04f4ad435db6af52"
"qualification_runs/runs/exp38_stream51_soft_memory/seed_13800/20260726T113145.883463Z_qualification/status.json","265","d14ec1c8db84b7e6b77045f6e38ed916171138c1dc61fdc11b1346f3ccdc7814"
"qualification_runs/runs/exp38_stream51_soft_memory/seed_13800/20260726T113145.883463Z_qualification/summary.json","2192","ea7bb6727044ff98bacbd6de6f2c9cdf42ba2eddad806fb91ff0f47fe251db65"
"qualification_runs/runs/exp38_stream51_soft_memory/seed_13800/20260726T113145.883463Z_qualification/support_vmf_model.npz","501023","d35eecf487344bbdaa6ed103fa6b2087426d35f8de970c5b14665a09a4d58242"
"qualification_runs/runs/exp38_stream51_soft_memory/seed_13800/20260726T113145.883463Z_qualification/temperature_audit.csv","546","5f818c84ea4a26ec10d452f691b8201f3efd3b715f62adfcd78051b0b862fece"
"qualification_runs/runs/exp38_stream51_soft_memory/seed_13801/20260726T113147.456171Z_qualification/config.json","4860","787b727e2a79af0f82b0a8e1d2f0f3acf378cae69dc790ffc8f225eecd48e167"
"qualification_runs/runs/exp38_stream51_soft_memory/seed_13801/20260726T113147.456171Z_qualification/controller_audit.csv","208376","ab31f1b197ad373b677c62a8fe5a8c1a4df8772a9b3d606c479bb3daa1d23c31"
"qualification_runs/runs/exp38_stream51_soft_memory/seed_13801/20260726T113147.456171Z_qualification/development_partition.json","9053","a2874a399cb904f142df58002f7442d0cb8bb13f6ee5a0850eb38e9c85a3012e"
"qualification_runs/runs/exp38_stream51_soft_memory/seed_13801/20260726T113147.456171Z_qualification/environment.json","555","e1ecc9bf2551f5d5f66f06f1cc5b284edc8837380b7b0efe18db7f07c00f90bb"
"qualification_runs/runs/exp38_stream51_soft_memory/seed_13801/20260726T113147.456171Z_qualification/manifest.json","548","d4a28320cc227c5841dad3f9fc6a4604bf8925a1fe45bc7f0b3a4fd056f3162a"
"qualification_runs/runs/exp38_stream51_soft_memory/seed_13801/20260726T113147.456171Z_qualification/metrics.jsonl","1317","e780ad5b7cf9703c732baa62a43a60e28e5cca994043d438e82fe82213274c85"
"qualification_runs/runs/exp38_stream51_soft_memory/seed_13801/20260726T113147.456171Z_qualification/planned_conditions.json","86","f213525814d93af72e7ca44dcf8e491797c141d2a4e5053fafc0bf7ad9748e92"
"qualification_runs/runs/exp38_stream51_soft_memory/seed_13801/20260726T113147.456171Z_qualification/qualification_video_metrics.csv","17532","071b76fcc62b643181a5eef17f7fa3ad8c1b458aa0243f83f606fd3339a34e6f"
"qualification_runs/runs/exp38_stream51_soft_memory/seed_13801/20260726T113147.456171Z_qualification/run.log","84","44790763bfdb666e78ceb31c4d37e21e97a1fb2ed560b40e368a4343eb10dfeb"
"qualification_runs/runs/exp38_stream51_soft_memory/seed_13801/20260726T113147.456171Z_qualification/selected_hyperparameters.json","700","66fb68519a273a0227d3bd7e31ef4a0bcc8a846c826a5a7c489d99c7a585600e"
"qualification_runs/runs/exp38_stream51_soft_memory/seed_13801/20260726T113147.456171Z_qualification/stationary_audit.csv","1668","5fc72fbe7fb29ee9beb9bd29d7909608240485a8e1cb33c8441230c6cddb881a"
"qualification_runs/runs/exp38_stream51_soft_memory/seed_13801/20260726T113147.456171Z_qualification/status.json","264","665ca906eb5ad1d29b6e381b99086b2b5ce94128e5fb79217a9c22874d51f7d0"
"qualification_runs/runs/exp38_stream51_soft_memory/seed_13801/20260726T113147.456171Z_qualification/summary.json","2215","e1de88c0c5a820a8dcdc32b367648e3f480c7c8416aa03bc44422b7895f7e1f8"
"qualification_runs/runs/exp38_stream51_soft_memory/seed_13801/20260726T113147.456171Z_qualification/support_vmf_model.npz","501023","d35eecf487344bbdaa6ed103fa6b2087426d35f8de970c5b14665a09a4d58242"
"qualification_runs/runs/exp38_stream51_soft_memory/seed_13801/20260726T113147.456171Z_qualification/temperature_audit.csv","546","5f818c84ea4a26ec10d452f691b8201f3efd3b715f62adfcd78051b0b862fece"
"qualification_runs/runs/exp38_stream51_soft_memory/seed_13802/20260726T113144.715268Z_qualification/config.json","4860","afbd64ed43411274f3db4eee50b3bab54fcadbd45cb8374bab0b4bf6aac9f7a3"
"qualification_runs/runs/exp38_stream51_soft_memory/seed_13802/20260726T113144.715268Z_qualification/controller_audit.csv","207987","b76fc8300e27b5edcc43c8ba1d3a7bd75306b4dd873391da3619239d3bdcb743"
"qualification_runs/runs/exp38_stream51_soft_memory/seed_13802/20260726T113144.715268Z_qualification/development_partition.json","9053","a2874a399cb904f142df58002f7442d0cb8bb13f6ee5a0850eb38e9c85a3012e"
"qualification_runs/runs/exp38_stream51_soft_memory/seed_13802/20260726T113144.715268Z_qualification/environment.json","555","e1ecc9bf2551f5d5f66f06f1cc5b284edc8837380b7b0efe18db7f07c00f90bb"
"qualification_runs/runs/exp38_stream51_soft_memory/seed_13802/20260726T113144.715268Z_qualification/manifest.json","548","a99c03b84ec77761a7f90d1afefe4adf3271ad476c43bf8323cfe9c6e871c61e"
"qualification_runs/runs/exp38_stream51_soft_memory/seed_13802/20260726T113144.715268Z_qualification/metrics.jsonl","1313","cae7814eba3d57fa848223708db1a5cf31bfaaeaca2f1d43c18b30e11fda0dbb"
"qualification_runs/runs/exp38_stream51_soft_memory/seed_13802/20260726T113144.715268Z_qualification/planned_conditions.json","86","89f0a8aed4315fdbec1afeb07d688ab41794716476e0493d63a8d3de47e318fb"
"qualification_runs/runs/exp38_stream51_soft_memory/seed_13802/20260726T113144.715268Z_qualification/qualification_video_metrics.csv","17407","0da8c0423bd9472cb9e6564fb563feb6d89fda10bd5c69c8ec765372aabf988a"
"qualification_runs/runs/exp38_stream51_soft_memory/seed_13802/20260726T113144.715268Z_qualification/run.log","84","30be3ee4373110aaa3f651909e910e45c8b554424274deef8d3e9df854592a5e"
"qualification_runs/runs/exp38_stream51_soft_memory/seed_13802/20260726T113144.715268Z_qualification/selected_hyperparameters.json","698","673ceb99f7b41d30ad811a1418ee1f6c549b53502fc705d03846a67b96df4b5e"
"qualification_runs/runs/exp38_stream51_soft_memory/seed_13802/20260726T113144.715268Z_qualification/stationary_audit.csv","1656","56b05516e6bfa7984890933989c0068d266610e9251b7f8f57c688e27bc116b0"
"qualification_runs/runs/exp38_stream51_soft_memory/seed_13802/20260726T113144.715268Z_qualification/status.json","265","f6d6dc30302a5f1bc8a734a421006c60fe5d238dfa8a224abb647c692e3a2d38"
"qualification_runs/runs/exp38_stream51_soft_memory/seed_13802/20260726T113144.715268Z_qualification/summary.json","2209","b19072510173c8c17a90cdc00b3b6bd0844a93e96a68ebca58b0bd63e67cf579"
"qualification_runs/runs/exp38_stream51_soft_memory/seed_13802/20260726T113144.715268Z_qualification/support_vmf_model.npz","501023","d35eecf487344bbdaa6ed103fa6b2087426d35f8de970c5b14665a09a4d58242"
"qualification_runs/runs/exp38_stream51_soft_memory/seed_13802/20260726T113144.715268Z_qualification/temperature_audit.csv","546","5f818c84ea4a26ec10d452f691b8201f3efd3b715f62adfcd78051b0b862fece"
"qualification_runs/runs/exp38_stream51_soft_memory/seed_13803/20260726T113145.838031Z_qualification/config.json","4860","19ae756bc339c01f5e0b7f69cce632ea26a5307f0bc4c6a60699eb89b81a008f"
"qualification_runs/runs/exp38_stream51_soft_memory/seed_13803/20260726T113145.838031Z_qualification/controller_audit.csv","207579","b9ab5b8e9789484c4ca07af1836fddcc6d85e7a68aa0be0b2bf11a351854c626"
"qualification_runs/runs/exp38_stream51_soft_memory/seed_13803/20260726T113145.838031Z_qualification/development_partition.json","9053","a2874a399cb904f142df58002f7442d0cb8bb13f6ee5a0850eb38e9c85a3012e"
"qualification_runs/runs/exp38_stream51_soft_memory/seed_13803/20260726T113145.838031Z_qualification/environment.json","555","e1ecc9bf2551f5d5f66f06f1cc5b284edc8837380b7b0efe18db7f07c00f90bb"
"qualification_runs/runs/exp38_stream51_soft_memory/seed_13803/20260726T113145.838031Z_qualification/manifest.json","548","7b7a4af2ef2da1e805efc6c1335a6c19db70ccec3d26978da515a0631f764d8c"
"qualification_runs/runs/exp38_stream51_soft_memory/seed_13803/20260726T113145.838031Z_qualification/metrics.jsonl","1315","08172b19ad5d48a6dd5fe63b35dfd68ed4f43a5e3b457d2603848add3feab05d"
"qualification_runs/runs/exp38_stream51_soft_memory/seed_13803/20260726T113145.838031Z_qualification/planned_conditions.json","86","3f0e6d7f491b1a8a05355ca64bed0f583afd6af4dae76db5b807844d68208bc1"
"qualification_runs/runs/exp38_stream51_soft_memory/seed_13803/20260726T113145.838031Z_qualification/qualification_video_metrics.csv","17267","776d5b74fd7aa937a236a152444ed07212bd82496a863a4b1bc0f261b80e2da3"
"qualification_runs/runs/exp38_stream51_soft_memory/seed_13803/20260726T113145.838031Z_qualification/run.log","84","2277ea3a08f69722de673dc33f671f07e0be50a432ce6a319abf86ce363ab357"
"qualification_runs/runs/exp38_stream51_soft_memory/seed_13803/20260726T113145.838031Z_qualification/selected_hyperparameters.json","698","0ca32a2772b7b4a6511aa85f42e8b16e081c342d3f8b4a3a30be91cba8436169"
"qualification_runs/runs/exp38_stream51_soft_memory/seed_13803/20260726T113145.838031Z_qualification/stationary_audit.csv","1668","258e2af6adf55482f9aca46b05457485fb3a470a64080e7384b4e7e648ad509f"
"qualification_runs/runs/exp38_stream51_soft_memory/seed_13803/20260726T113145.838031Z_qualification/status.json","265","e36b32ee38ba7b584109b8c5ed51476fed5b840aa06205841a91cf66194f8055"
"qualification_runs/runs/exp38_stream51_soft_memory/seed_13803/20260726T113145.838031Z_qualification/summary.json","2211","a06dfaf4dacdd770f59c3374ddaca82982a82050946a6a9b2d323a6566745cdc"
"qualification_runs/runs/exp38_stream51_soft_memory/seed_13803/20260726T113145.838031Z_qualification/support_vmf_model.npz","501023","d35eecf487344bbdaa6ed103fa6b2087426d35f8de970c5b14665a09a4d58242"
"qualification_runs/runs/exp38_stream51_soft_memory/seed_13803/20260726T113145.838031Z_qualification/temperature_audit.csv","546","5f818c84ea4a26ec10d452f691b8201f3efd3b715f62adfcd78051b0b862fece"
"qualification_runs/runs/exp38_stream51_soft_memory/seed_13804/20260726T113145.950909Z_qualification/config.json","4860","f9731b0025623f6629870ac34072f4df5e56bd65efb14b988f54124ef8600406"
"qualification_runs/runs/exp38_stream51_soft_memory/seed_13804/20260726T113145.950909Z_qualification/controller_audit.csv","207099","8d7d0cd68f4db8cb7c78693d9ddb79092561091ec3c7496210836738e5526656"
"qualification_runs/runs/exp38_stream51_soft_memory/seed_13804/20260726T113145.950909Z_qualification/development_partition.json","9053","a2874a399cb904f142df58002f7442d0cb8bb13f6ee5a0850eb38e9c85a3012e"
"qualification_runs/runs/exp38_stream51_soft_memory/seed_13804/20260726T113145.950909Z_qualification/environment.json","555","e1ecc9bf2551f5d5f66f06f1cc5b284edc8837380b7b0efe18db7f07c00f90bb"
"qualification_runs/runs/exp38_stream51_soft_memory/seed_13804/20260726T113145.950909Z_qualification/manifest.json","548","c277bb4b7029e2f007450ea87bfc54da40472cdc6c31800294558946b601a6e2"
"qualification_runs/runs/exp38_stream51_soft_memory/seed_13804/20260726T113145.950909Z_qualification/metrics.jsonl","1318","65ddbe7c7021b833192d53577b5222d8ae023c27dc08e20da4cb7746188584f6"
"qualification_runs/runs/exp38_stream51_soft_memory/seed_13804/20260726T113145.950909Z_qualification/planned_conditions.json","86","c60e74904758effdd72d7129f95c2e5902fe808705200a36ca77de6d18fe3cc0"
"qualification_runs/runs/exp38_stream51_soft_memory/seed_13804/20260726T113145.950909Z_qualification/qualification_video_metrics.csv","17199","4b9c273b6289cbb44df06ae93fb6a8c51741e193909e9e213e3ba60de9a314df"
"qualification_runs/runs/exp38_stream51_soft_memory/seed_13804/20260726T113145.950909Z_qualification/run.log","84","9b5ea3b4f30648e1a11b8f3bca724afd3f16a2f4ce7eb42166d24f9c983e2475"
"qualification_runs/runs/exp38_stream51_soft_memory/seed_13804/20260726T113145.950909Z_qualification/selected_hyperparameters.json","695","e59d5f39487b6259bf72a20cda618e89df52309e60024d3d643c6aa73238a456"
"qualification_runs/runs/exp38_stream51_soft_memory/seed_13804/20260726T113145.950909Z_qualification/stationary_audit.csv","1672","9bbde1c930d3c26ccab8472fa201e3a0319ab4a4bc7d8b26f31c0220165a0e8a"
"qualification_runs/runs/exp38_stream51_soft_memory/seed_13804/20260726T113145.950909Z_qualification/status.json","265","fffdcd58d6623cb62b93d3eb3c524c0794574430ef4ff4f188f6575b90c93aec"
"qualification_runs/runs/exp38_stream51_soft_memory/seed_13804/20260726T113145.950909Z_qualification/summary.json","2211","825f64f15abe92c81046ccdeeccb0da8cb052a6085861201afd4df949819e577"
"qualification_runs/runs/exp38_stream51_soft_memory/seed_13804/20260726T113145.950909Z_qualification/support_vmf_model.npz","501023","d35eecf487344bbdaa6ed103fa6b2087426d35f8de970c5b14665a09a4d58242"
"qualification_runs/runs/exp38_stream51_soft_memory/seed_13804/20260726T113145.950909Z_qualification/temperature_audit.csv","546","5f818c84ea4a26ec10d452f691b8201f3efd3b715f62adfcd78051b0b862fece"
"qualification_seed_metrics.csv","2698","897c6895101c3935c0d17ea3c45311d4c8d59875849f68c08173ef8e9aab6531"
"report.md","3718","fb231a4f141b2e910dfa683c530c228963eef2a60874a6c212e97b93d751cc45"
"summary.csv","416","e68f9d2dcb92e363ea82d3cf888f0de8a06289bb10ec06484e1ab626f9c44e71"
"summary.json","1423","891650fbfa6211e6a4a1262c72ffe4801abb2fd5085b6346686e8aeff93d4370"
