seed,method,block_id,sequence_id,cell,block_length,n_jumps,nll,latent_mse,late_nll,late_latent_mse,mean_h,mean_q,mean_r,mean_jump_probability,mean_release_probability
43007,learned_event_learned_qr,0,0,101,96,5,0.9902493895276475,0.05654522885750696,0.7608338060336253,0.07544842048828965,0.012857684184667649,0.06187127020489871,0.09694697566280462,0.04477192137466871,0.04477192137466871
43007,learned_event_learned_qr,1,0,111,64,3,0.9513217799049665,0.06516029350963322,0.679488888763554,0.033772552433749506,0.01763931710893244,0.04929574902372607,0.13080277275761204,0.041590492863543826,0.041590492863543826
43007,learned_event_learned_qr,2,0,011,96,0,0.7357841702203666,0.05605582467783513,0.6876732950238024,0.03915362076016614,0.018693060870465465,0.04312041555362445,0.14032474019904717,0.012668506783000156,0.012668506783000156
43007,learned_event_learned_qr,3,0,111,96,3,0.850260581872516,0.052245804085193116,0.991259573735622,0.08043194773377388,0.019264578777878523,0.031223701232640132,0.12945601226793257,0.040155901779636675,0.040155901779636675
43007,learned_event_learned_qr,4,0,101,64,3,0.9080723021721592,0.03806331061872054,1.8799817287949931,0.024493145415592464,0.021993612664481556,0.02316575857227594,0.10655695663321184,0.04700517791530555,0.04700517791530555
43007,learned_event_learned_qr,5,0,011,128,2,0.9100342888242907,0.05989037306966882,0.8242055939537725,0.049179156098337715,0.026418503052582476,0.036533596632414664,0.17259055357625172,0.02356084732592747,0.02356084732592747
43007,learned_event_learned_qr,6,0,110,128,9,0.5164834486106187,0.03013134827248069,-0.07122378595584389,0.015915411947556822,0.03224056311520031,0.01265201862700761,0.062329044677895094,0.06831911775769396,0.06831911775769396
43007,learned_event_learned_qr,7,0,101,128,9,0.9303208608513394,0.05290312338958588,0.851743164018661,0.07070295376116656,0.03839294509620675,0.02295283195927216,0.11275000943682856,0.06691994005931154,0.06691994005931154
43007,learned_event_learned_qr,8,0,111,128,9,1.0726235991883686,0.08008134721145273,1.419729459246986,0.13982752961417722,0.04388998013573965,0.03183190866802591,0.15673224365653227,0.07470960492652563,0.07470960492652563
43007,learned_event_learned_qr,9,0,110,64,3,0.5167163809744347,0.02699967906499951,0.6404622457287769,0.033924236317234444,0.04911145819755706,0.016360720797843932,0.08152511492600951,0.05413169842752877,0.05413169842752877
43007,learned_event_learned_qr,10,0,110,96,6,0.38883267301476593,0.017780297238977533,0.5988371047690288,0.02138272700773268,0.05225436426105456,0.008151166445100598,0.04069662151331677,0.07780690876898376,0.07780690876898376
43007,learned_event_learned_qr,11,0,011,64,0,1.0948955489221643,0.0939111649501109,0.7476033881555237,0.05541622574838647,0.060513727192078516,0.01775449619411565,0.08845444302067634,0.10554656953852319,0.10554656953852319
43007,learned_event_learned_qr,12,1,011,128,0,0.9651126100335943,0.07675954769782614,0.908843972247982,0.04594285814766069,0.01166078422537441,0.08312971606955286,0.1117898242672633,0.017234375778235854,0.017234375778235854
43007,learned_event_learned_qr,13,1,110,64,8,0.8007034815380605,0.023560627079676332,1.027676381057046,0.04098325347535993,0.014362262048827762,0.028971571562713946,0.09049614082019221,0.08972214399538064,0.08972214399538064
43007,learned_event_learned_qr,14,1,111,128,9,1.0580517844622428,0.0659210140613734,0.9878581355523337,0.07860112792536977,0.02694044521697295,0.03792434821317496,0.14720981683642526,0.05880574166215709,0.05880574166215709
43007,learned_event_learned_qr,15,1,101,96,5,0.9623199847016561,0.08671262961758407,0.601223604163511,0.05231460606358643,0.03222775274060393,0.03227819580361518,0.14598593778899074,0.04986720665779471,0.04986720665779471
43007,learned_event_learned_qr,16,1,101,64,2,0.775511893529778,0.06827166084463131,1.0330423633082493,0.07238051290722353,0.031843026029390674,0.025951706819299366,0.12265736445389554,0.037979928976050695,0.037979928976050695
43007,learned_event_learned_qr,17,1,111,64,3,1.0663641179646515,0.11225967557383956,1.0173512758440542,0.09639336390791373,0.034587092148790494,0.03502783721146786,0.16601544524601158,0.054559294599118235,0.054559294599118235
43007,learned_event_learned_qr,18,1,011,96,0,0.8484057584259287,0.04638037474384665,0.7770249787562764,0.05250052027805352,0.034504032366431014,0.035085337215409906,0.16929140808741208,0.019211964688167674,0.019211964688167674
43007,learned_event_learned_qr,19,1,101,128,11,1.1793473608633671,0.040150980559398475,1.4374203538086072,0.055389386530979884,0.0395144763294484,0.029084863000136046,0.1479862743562088,0.09105361423492953,0.09105361423492953
43007,learned_event_learned_qr,20,1,011,64,0,0.7918296736712718,0.08557506286283875,0.6033664417649444,0.07547329046406231,0.04489751799470483,0.02917662169124518,0.1516605354020863,0.02337279648665662,0.02337279648665662
43007,learned_event_learned_qr,21,1,110,128,8,0.4178705546886569,0.019788489964176908,0.1661012742516355,0.012930228613260607,0.047812183458126684,0.011874609449992805,0.06041852637564461,0.06788525683198929,0.06788525683198929
43007,learned_event_learned_qr,22,1,110,96,4,0.3927677257059173,0.021871588491245198,1.206059975678807,0.023832262359992723,0.04782231157213892,0.007408213436230851,0.037150406379423205,0.06058779075164921,0.06058779075164921
43007,learned_event_learned_qr,23,1,111,96,3,1.0310699620642907,0.07259119542106439,1.1108731790215454,0.11632148626258726,0.047149662141965754,0.03441612336515774,0.1757498134275798,0.0236383889199112,0.0236383889199112
43007,learned_event_learned_qr,24,2,101,96,4,0.9002334383867195,0.04662849769497737,0.586201243644564,0.05405944317244066,0.011625937616233756,0.062284143682968314,0.09438335154522215,0.02504370054931386,0.02504370054931386
43007,learned_event_learned_qr,25,2,101,128,11,1.123585665225852,0.07220671204110074,0.7923635424269153,0.07568373581111844,0.01662433103137738,0.057629321382162035,0.15166348126732385,0.059731001596785106,0.059731001596785106
43007,learned_event_learned_qr,26,2,111,64,4,1.0702248360007232,0.1093952060390449,0.9848553588014546,0.12084271298513725,0.026038479091408617,0.040191571952451974,0.16083266715303163,0.05506417804077016,0.05506417804077016
43007,learned_event_learned_qr,27,2,110,96,4,0.3903366724580122,0.02463545617362473,0.706302111651891,0.038483035889748815,0.027507146921000144,0.01529939340171991,0.06981295106914871,0.0366930089016551,0.0366930089016551
43007,learned_event_learned_qr,28,2,101,64,5,1.0347927606291576,0.0656402140447623,1.0289256988983961,0.13006548134459978,0.031818727517902705,0.02028869428947737,0.09668040555655927,0.07931153759623143,0.07931153759623143
43007,learned_event_learned_qr,29,2,011,64,0,0.7673842069297816,0.0579571795302958,0.620140948383538,0.05233918451349169,0.034587056438107,0.03232430711962431,0.15289401529179886,0.022818167410216826,0.022818167410216826
43007,learned_event_learned_qr,30,2,111,96,5,0.8872973972981929,0.05017623024974712,1.1038023575859692,0.046395091122947235,0.03725929708526732,0.025138487739205604,0.12128022763855921,0.06529209255474512,0.06529209255474512
43007,learned_event_learned_qr,31,2,011,96,0,0.7677575510717237,0.046099161400858735,1.0585021068058307,0.031137886086393667,0.035931871482686194,0.02762340669957727,0.13582950640244315,0.003689658474411829,0.003689658474411829
43007,learned_event_learned_qr,32,2,111,128,4,1.0138528846360813,0.06548280663599404,1.0705180981196145,0.026259315963204327,0.032937983942696474,0.035096146241196655,0.17705256143103443,0.035281721224119725,0.035281721224119725
43007,learned_event_learned_qr,33,2,110,64,3,0.4274430038021001,0.024591115572792012,0.22752249752273881,0.02996617864031381,0.03442978275189207,0.01681766175507587,0.08528802058824012,0.03802287459402909,0.03802287459402909
43007,learned_event_learned_qr,34,2,011,128,0,0.7502736808155792,0.08237885260946393,0.8045141040289538,0.13899582365312432,0.03166794791901294,0.027507416410653136,0.13880230817459271,0.013781935913267153,0.013781935913267153
43007,learned_event_learned_qr,35,2,110,128,9,0.585294246565348,0.03549574051667816,0.7771733977282462,0.06729625632819668,0.031530434430720705,0.013377852054388524,0.06710413776378027,0.05772627013848018,0.05772627013848018
43007,learned_event_learned_qr,36,3,101,64,6,1.2741558843435887,0.14435125832571974,0.5744943133472566,0.0971211318540444,0.014622806534560506,0.129914803841508,0.09425895645411236,0.05423994846498441,0.05423994846498441
43007,learned_event_learned_qr,37,3,101,128,13,1.055997212263257,0.08121797640905465,0.8113121816798095,0.07116660395262418,0.020367103999823763,0.04881363792631443,0.12647957135765892,0.06169869279804806,0.06169869279804806
43007,learned_event_learned_qr,38,3,011,64,0,0.7521052208167144,0.05363293572522328,0.7720286610429321,0.07647794020951758,0.02458556450135871,0.0371316015435666,0.13637096590680983,0.007116105993137834,0.007116105993137834
43007,learned_event_learned_qr,39,3,101,96,7,0.9564279557270735,0.09045124713291121,0.9176907043506509,0.07636782298768677,0.024577827527756033,0.042302993946224256,0.17353972060714215,0.032239877041672464,0.032239877041672464
43007,learned_event_learned_qr,40,3,011,96,0,0.7647550244942599,0.0645962217661587,0.9474076000002474,0.028435888250573964,0.023610987989211924,0.03701642759539308,0.1654097400665804,0.008216529282762394,0.008216529282762394
43007,learned_event_learned_qr,41,3,111,128,6,0.933841288491023,0.10021796460537721,0.9814440315402366,0.09582470978771773,0.020854056917374533,0.04390178791724196,0.20594906277223038,0.014147664504583195,0.014147664504583195
43007,learned_event_learned_qr,42,3,011,128,1,0.8622895322868224,0.06204160916569468,0.6332472746575588,0.08063263773214605,0.02063053471733623,0.03721975526972883,0.18038265513130247,0.019205201442476248,0.019205201442476248
43007,learned_event_learned_qr,43,3,111,64,3,1.0014343016523473,0.07330529810781854,0.7748581848270121,0.06576318502348438,0.021281294537390614,0.03323355517702463,0.16327742557027372,0.042458237022209334,0.042458237022209334
43007,learned_event_learned_qr,44,3,110,128,4,0.4529185356064522,0.032483790546641654,0.9709668059632925,0.05294780521952984,0.021646547235430996,0.01534789471045659,0.07623788760209693,0.025440003633397705,0.025440003633397705
43007,learned_event_learned_qr,45,3,110,64,3,0.49839877773788077,0.0372155420893385,0.4850401718420844,0.02370133042420187,0.023511132379057373,0.015154780462869964,0.07533465195095013,0.039634992774180214,0.039634992774180214
43007,learned_event_learned_qr,46,3,111,96,12,1.26396951493415,0.11382080028815748,1.0020942386568414,0.11463596681600716,0.03126059473599871,0.03472485701984726,0.17194513499592987,0.08435102944893019,0.08435102944893019
43007,learned_event_learned_qr,47,3,110,96,3,0.28108953936142383,0.026468325772809397,0.17445448693154547,0.011231791146441735,0.03397175234054632,0.014004083038998862,0.06969913820478635,0.029060376072709754,0.029060376072709754
43007,oracle_event_learned_qr,0,0,101,96,5,0.9873687795641524,0.05551444717222409,0.7582930617206118,0.07486726231861203,0.012887004679121539,0.06088216632920331,0.09700572499494402,0.0452517130213434,0.052083333333333336
43007,oracle_event_learned_qr,1,0,111,64,3,0.9427520241222871,0.06168960896287671,0.6734747460719348,0.03441244449130772,0.017722082594151305,0.049980071308961,0.1320800515108395,0.04151511448889053,0.046875
43007,oracle_event_learned_qr,2,0,011,96,0,0.7271262590645541,0.05473340931059242,0.6785782267256786,0.041395729068104826,0.01874011288869611,0.04281474544113913,0.14043647861942624,0.012711357700843582,0.0
43007,oracle_event_learned_qr,3,0,111,96,3,0.852783057891885,0.05323716244491544,1.013309178373245,0.08016769568953638,0.019321598533390074,0.03137871849993635,0.13093308323765793,0.039899092979260205,0.03125
43007,oracle_event_learned_qr,4,0,101,64,3,0.8944617924518035,0.03232666142366909,1.833923818474728,0.022599960910814395,0.021983129233528704,0.02391233568934696,0.11015032335879124,0.0467929625417239,0.046875
43007,oracle_event_learned_qr,5,0,011,128,2,0.9179237794642521,0.06148009269903977,0.8201653614725262,0.049583697944712846,0.026406847227560166,0.03780926769617621,0.17947880086534818,0.023576558612902757,0.015625
43007,oracle_event_learned_qr,6,0,110,128,9,0.560936060352049,0.03593721414210598,0.002043167609015538,0.01621845887861538,0.03227591188567722,0.013894508451475645,0.06849931442279014,0.06912027300947457,0.0703125
43007,oracle_event_learned_qr,7,0,101,128,9,0.9117667122128363,0.04468614117508776,0.849951189078611,0.07083720038009296,0.038435512288243504,0.023578132042405567,0.11603793852717403,0.06601725970408745,0.0703125
43007,oracle_event_learned_qr,8,0,111,128,9,1.0237033123836685,0.06918421108769428,1.3273821037319438,0.11764031379737533,0.0428731092823463,0.03136689046501523,0.15478524747397132,0.06732829476863174,0.0703125
43007,oracle_event_learned_qr,9,0,110,64,3,0.5136427378330444,0.028750093593155994,0.6590190820304065,0.037685780703749575,0.04751059406521062,0.015432958122586927,0.07699092723147982,0.05392193433779884,0.046875
43007,oracle_event_learned_qr,10,0,110,96,6,0.37682000800709387,0.01889323510527167,0.47944090752874047,0.01989852042127182,0.050844352194154833,0.008461427578483576,0.04225862374640859,0.07745273465306789,0.0625
43007,oracle_event_learned_qr,11,0,011,64,0,0.9991035689015735,0.05922153859036208,0.7183524082202732,0.050305623772607624,0.05820589508563734,0.018569695257508793,0.09264769505768042,0.09132606308936016,0.0
43007,oracle_event_learned_qr,12,1,011,128,0,0.9398075660618943,0.06774011474372624,0.9005021367794486,0.04255012827483621,0.011701732057514156,0.07650549709724716,0.11325292881183432,0.017435934200648616,0.0
43007,oracle_event_learned_qr,13,1,110,64,8,0.7555159922317654,0.015133635285691744,0.8803085461840032,0.011145271458332683,0.014395193649044562,0.027455333473930227,0.08810125627413325,0.08953534349163932,0.125
43007,oracle_event_learned_qr,14,1,111,128,9,1.0528322652704212,0.06181096623300414,1.0047052412150108,0.08875464546155144,0.027675686463546265,0.0356555726754543,0.14368184748227936,0.0625096161139527,0.0703125
43007,oracle_event_learned_qr,15,1,101,96,5,0.9311539259342965,0.06434623798870988,0.5805931488301168,0.04928711784747762,0.03292194079210815,0.030683164575366007,0.14107531817672522,0.04971696494535393,0.052083333333333336
43007,oracle_event_learned_qr,16,1,101,64,2,0.7317520747322421,0.04962849651436428,1.021797539446893,0.07516583790900659,0.03207746388961516,0.025737388367372376,0.12277275159565357,0.03013758403735531,0.03125
43007,oracle_event_learned_qr,17,1,111,64,3,1.0735241995367826,0.11140659108985523,1.0234088290419656,0.10048567773504455,0.03434776372920334,0.03484926531919035,0.16705157041797086,0.05727353302528142,0.046875
43007,oracle_event_learned_qr,18,1,011,96,0,0.838019646897501,0.04297633639296291,0.7887914891766032,0.04396751504410569,0.03451143550503262,0.03489777662280117,0.1699078672761729,0.01993330242478242,0.0
43007,oracle_event_learned_qr,19,1,101,128,11,1.176037534930004,0.037321912380014845,1.416543498245629,0.05258427733302457,0.039867462907859016,0.028775245807563438,0.14705750740184353,0.09332733754889444,0.0859375
43007,oracle_event_learned_qr,20,1,011,64,0,0.788898729778605,0.08367444637705714,0.5805293300313735,0.06987925559747081,0.04549613166853147,0.029688342015791677,0.15468419793931704,0.02398815700492525,0.0
43007,oracle_event_learned_qr,21,1,110,128,8,0.4242395957587855,0.022424155662557378,0.16634253342659108,0.01333197753772694,0.048509723694604094,0.01188868365296273,0.0604943295104564,0.06889322709163523,0.0625
43007,oracle_event_learned_qr,22,1,110,96,4,0.41930191802028566,0.02872631263346657,1.165333469566877,0.04230384911461696,0.04848640786833206,0.008378875408225513,0.042045258838076534,0.05650544341677292,0.041666666666666664
43007,oracle_event_learned_qr,23,1,111,96,3,1.0156256436090685,0.07261515562014609,1.1020610771759316,0.11932840482298288,0.04692281589566364,0.03471988775143278,0.1776184523163137,0.023656996167469715,0.03125
43007,oracle_event_learned_qr,24,2,101,96,4,0.8993352595583327,0.04642692764299522,0.5860245257710872,0.05287010932908002,0.011627079927688055,0.06201320015956887,0.09489745918182586,0.025050658635525126,0.041666666666666664
43007,oracle_event_learned_qr,25,2,101,128,11,1.0938202779096762,0.05811652709528091,0.8398671660157799,0.06916833209517702,0.016674713350592237,0.05331981586836905,0.1421179688173211,0.06056559076799525,0.0859375
43007,oracle_event_learned_qr,26,2,111,64,4,1.0451153164052034,0.10082503182743283,0.9987945099811568,0.1251016218333839,0.026512901931682497,0.036855203373106424,0.14926699563792234,0.05839549325200363,0.0625
43007,oracle_event_learned_qr,27,2,110,96,4,0.3938577524209074,0.026137695180171523,0.7071445630521501,0.039314816731964866,0.02803811390099521,0.015327639891461778,0.06995158282018553,0.03677940701106963,0.041666666666666664
43007,oracle_event_learned_qr,28,2,101,64,5,1.0135236432357408,0.04500135526441399,0.9525580131597895,0.05005100716403082,0.03229341638398647,0.019873815149352055,0.09475135363437799,0.08270842677861547,0.078125
43007,oracle_event_learned_qr,29,2,011,64,0,0.7643154783185604,0.06185781642530888,0.6096842165528588,0.051554952024001205,0.03548311702371883,0.03174839634826997,0.15065954967342937,0.023911008521158426,0.0
43007,oracle_event_learned_qr,30,2,111,96,5,0.8860269510063749,0.05085812466455669,1.1017396517043054,0.0483563822348005,0.0382777361211038,0.025209390155045683,0.12177028242726763,0.06663831709795787,0.052083333333333336
43007,oracle_event_learned_qr,31,2,011,96,0,0.7670569681951193,0.04610204270152792,1.0601204568134601,0.02841703698691867,0.03679969641404415,0.027731863776952543,0.13647165755135998,0.0037667011985421128,0.0
43007,oracle_event_learned_qr,32,2,111,128,4,1.0144005501194633,0.06564282642735222,1.0712593422296794,0.026285476780418707,0.03364976033234708,0.03540367975228875,0.17874256149187423,0.03536082261991512,0.03125
43007,oracle_event_learned_qr,33,2,110,64,3,0.4314154022357798,0.02337011771235577,0.24120177447502705,0.033520508832537994,0.03502996320016324,0.016932755028449313,0.0859000375020877,0.03824186427882655,0.046875
43007,oracle_event_learned_qr,34,2,011,128,0,0.7491030232218052,0.08430413348338531,0.8274302574924888,0.15508949107926567,0.032170222698567286,0.028089740268208017,0.14178481896270922,0.014010923878246255,0.0
43007,oracle_event_learned_qr,35,2,110,128,9,0.571878916178142,0.028716344698860856,0.7669345382992013,0.03834956333839673,0.0320340269353144,0.013224427514924116,0.06631734882479853,0.060236344031955984,0.0703125
43007,oracle_event_learned_qr,36,3,101,64,6,1.2288650674183255,0.13254768300757563,0.5439880357713887,0.05326182577720681,0.01386862805339963,0.13674968098554324,0.0994954664486031,0.0463209507843525,0.09375
43007,oracle_event_learned_qr,37,3,101,128,13,1.0260320903963114,0.06560103973614033,0.706262719273825,0.02798588051612433,0.019514374206176036,0.04444782649732597,0.12132006965075737,0.061261853140779886,0.1015625
43007,oracle_event_learned_qr,38,3,011,64,0,0.7508576970266903,0.05400902693075939,0.7706060571013048,0.07519285167865358,0.023822902936903284,0.03615902164594302,0.13473610914813303,0.007073095564378189,0.0
43007,oracle_event_learned_qr,39,3,101,96,7,0.9158453939407988,0.04596219239287417,0.8404632668194587,0.062202997933399624,0.023891069904319245,0.03956425922651851,0.16542208950033493,0.03291026676836664,0.07291666666666667
43007,oracle_event_learned_qr,40,3,011,96,0,0.7656284931824909,0.06448763846705695,0.9425772784344649,0.02611430559457652,0.023367114021808865,0.035163168000649524,0.1594575781869539,0.009282755529208183,0.0
43007,oracle_event_learned_qr,41,3,111,128,6,0.9265822698627297,0.09401309378263269,0.9289511577648417,0.0938201475247334,0.020608867433742132,0.04368020850591724,0.20562878835763815,0.013835515341990793,0.046875
43007,oracle_event_learned_qr,42,3,011,128,1,0.8542164285695101,0.059655114306015805,0.6336471694094772,0.08093712357294994,0.020425967070955894,0.03712092511148727,0.18030668218027346,0.01907809623717882,0.0078125
43007,oracle_event_learned_qr,43,3,111,64,3,0.9991122882969956,0.06326963584702062,0.7693626662101969,0.06568470600383289,0.02107722513422473,0.033467246305122614,0.16459910747038403,0.04227770789520344,0.046875
43007,oracle_event_learned_qr,44,3,110,128,4,0.4659449981648285,0.03440961156311455,1.0266999758223576,0.06796677728025698,0.021445038620416825,0.015857102370977386,0.07879805973993648,0.02521981094865354,0.03125
43007,oracle_event_learned_qr,45,3,110,64,3,0.49098151717602967,0.03395204675550802,0.48548307450272254,0.024330464243453115,0.023299018324338318,0.015817206099798625,0.07863720119736069,0.03926086263107964,0.046875
43007,oracle_event_learned_qr,46,3,111,96,12,1.2595335111076509,0.08705065650864814,1.0039462319800057,0.09508344110216037,0.03148784332625468,0.033704852469670615,0.16704141688128984,0.08878008639042743,0.125
43007,oracle_event_learned_qr,47,3,110,96,3,0.2944245013908013,0.02852227165094824,0.1798609995168325,0.011613721662393672,0.034530151480114187,0.01403298386465742,0.06986019834605411,0.029341704924204685,0.03125
43007,learned_event_oracle_qr,0,0,101,96,5,0.8759276893395875,0.030417035831734232,0.6583117188070065,0.021734614209033415,0.012806479762439774,0.0024999999999999996,0.15999999999999998,0.04603204404881889,0.04603204404881889
43007,learned_event_oracle_qr,1,0,111,64,3,0.9250201813512771,0.06399119671465955,0.6710034057070455,0.036735417116635756,0.017694235983030063,0.04,0.16,0.03885056036338072,0.03885056036338072
43007,learned_event_oracle_qr,2,0,011,96,0,0.7331791453814013,0.05409672532944093,0.6515544365889399,0.03933511510942452,0.01848664554046765,0.039999999999999994,0.15999999999999998,0.010603413028310192,0.010603413028310192
43007,learned_event_oracle_qr,3,0,111,96,3,0.8480875971116761,0.049353843755999084,0.9409681138687667,0.06250050088593403,0.01872155949280231,0.039999999999999994,0.15999999999999998,0.030026915574135893,0.030026915574135893
43007,learned_event_oracle_qr,4,0,101,64,3,0.885673904630015,0.023185523597297426,1.799773776476331,0.0143442966459495,0.019545680701410405,0.0025,0.16,0.039882937693314975,0.039882937693314975
43007,learned_event_oracle_qr,5,0,011,128,2,0.8895434300620104,0.05877365624662498,0.7986140136020898,0.04761269670488877,0.023641065287788525,0.04,0.16,0.021790370188888585,0.021790370188888585
43007,learned_event_oracle_qr,6,0,110,128,9,0.30261994421887645,0.008907011731261346,-0.1667921867906536,0.006419381810099197,0.02987477622397359,0.04,0.01,0.06693081950417926,0.06693081950417926
43007,learned_event_oracle_qr,7,0,101,128,9,0.8694904742791707,0.03484122463268033,0.8708658221442014,0.07215605357652807,0.03565585479066648,0.0025,0.16,0.0626287305846586,0.0626287305846586
43007,learned_event_oracle_qr,8,0,111,128,9,1.0511284799794507,0.07976006091459059,1.4094313238250533,0.14139714554848465,0.040527898937915856,0.04,0.16,0.06875454364134637,0.06875454364134637
43007,learned_event_oracle_qr,9,0,110,64,3,0.45557824090874605,0.008918539087943498,0.6235559073250603,0.009837046001251144,0.04607485679389496,0.04,0.01,0.0651337286282993,0.0651337286282993
43007,learned_event_oracle_qr,10,0,110,96,6,0.2896466389836651,0.007639996195727301,0.41205685221150523,0.012564505763191111,0.05068242558293253,0.039999999999999994,0.009999999999999998,0.07097597767175644,0.07097597767175644
43007,learned_event_oracle_qr,11,0,011,64,0,0.8063676804639295,0.059932506117052586,0.7141237113207836,0.05338414511141097,0.05008586059020668,0.04,0.16,0.020001433422167772,0.020001433422167772
43007,learned_event_oracle_qr,12,1,011,128,0,0.8646842689394676,0.05794603544714109,0.8672384775772115,0.03532358171253455,0.009391303329154235,0.04,0.16,0.005423942367172124,0.005423942367172124
43007,learned_event_oracle_qr,13,1,110,64,8,0.5536738104125143,0.010544568560857764,0.8963335113857245,0.012285161614014436,0.012763944583069654,0.04,0.01,0.095821961245508,0.095821961245508
43007,learned_event_oracle_qr,14,1,111,128,9,1.0224110825000376,0.06989345490225074,0.9882210783826765,0.07987165163864408,0.023450672050831296,0.04,0.16,0.04713035536872676,0.04713035536872676
43007,learned_event_oracle_qr,15,1,101,96,5,0.9424211968368686,0.08998048254597264,0.5355622360799066,0.024867158172795147,0.028943825831301978,0.0024999999999999996,0.15999999999999998,0.04986305690984299,0.04986305690984299
43007,learned_event_oracle_qr,16,1,101,64,2,0.7205981579356304,0.0674167496198188,0.9478898213607995,0.062366786787584255,0.029126396048313154,0.0025,0.16,0.03938550282171847,0.03938550282171847
43007,learned_event_oracle_qr,17,1,111,64,3,1.043651834050751,0.11202882593252875,0.9919736313347882,0.09091536656905064,0.03220117926970453,0.04,0.16,0.052305304289244604,0.052305304289244604
43007,learned_event_oracle_qr,18,1,011,96,0,0.8255829710798359,0.04756379019297698,0.7516789509364781,0.056238764561269985,0.032156746411053545,0.039999999999999994,0.15999999999999998,0.01646163828827576,0.01646163828827576
43007,learned_event_oracle_qr,19,1,101,128,11,1.1454446859673093,0.029278496735975993,1.3650058517075667,0.05694905917787662,0.03787695239872186,0.0025,0.16,0.09068214023375748,0.09068214023375748
43007,learned_event_oracle_qr,20,1,011,64,0,0.7618849857003591,0.08603684719654908,0.5877577704364216,0.07562910354716854,0.042609432803269384,0.04,0.16,0.01946266658826503,0.01946266658826503
43007,learned_event_oracle_qr,21,1,110,128,8,0.32961535988746704,0.009222514147482343,0.1950936859797597,0.007533433359704446,0.0463292079556481,0.04,0.01,0.07050761379533127,0.07050761379533127
43007,learned_event_oracle_qr,22,1,110,96,4,0.27955278335895345,0.008904370895446757,1.1140877795316821,0.007114033393588249,0.045806466717243956,0.039999999999999994,0.009999999999999998,0.055015828452399884,0.055015828452399884
43007,learned_event_oracle_qr,23,1,111,96,3,0.9664706151663743,0.06782273487152682,1.0841532268847558,0.11724139475253748,0.045330932004020476,0.039999999999999994,0.15999999999999998,0.023131652450929036,0.023131652450929036
43007,learned_event_oracle_qr,24,2,101,96,4,0.7984618671994724,0.026348876228057164,0.625666406797214,0.00676320492127939,0.01148566969888643,0.0024999999999999996,0.15999999999999998,0.024031275740519765,0.024031275740519765
43007,learned_event_oracle_qr,25,2,101,128,11,1.070278700214221,0.0608463420080807,0.6502420639445581,0.045170390222663906,0.01664170754876563,0.0025,0.16,0.0619935951265019,0.0619935951265019
43007,learned_event_oracle_qr,26,2,111,64,4,1.0341412717823224,0.10967542552264953,0.9836586328753638,0.12084359795086305,0.02595234423591225,0.04,0.16,0.05042889086108423,0.05042889086108423
43007,learned_event_oracle_qr,27,2,110,96,4,0.28897628099236305,0.008879220577708838,0.6569260049611401,0.009300905857045563,0.027470348791658956,0.039999999999999994,0.009999999999999998,0.040603948757014556,0.040603948757014556
43007,learned_event_oracle_qr,28,2,101,64,5,0.9938172039542651,0.049380994744022064,0.9033326632749723,0.07046456860786407,0.03223516561520684,0.0025,0.16,0.07248455779832302,0.07248455779832302
43007,learned_event_oracle_qr,29,2,011,64,0,0.7526167672206308,0.059783188555341565,0.6394627932950829,0.053949581747768,0.034061686024222326,0.04,0.16,0.01988038410526483,0.01988038410526483
43007,learned_event_oracle_qr,30,2,111,96,5,0.8843236545302187,0.04579208476667013,1.0641179927968982,0.04564579116676641,0.035875775909586606,0.039999999999999994,0.15999999999999998,0.054347456996175665,0.054347456996175665
43007,learned_event_oracle_qr,31,2,011,96,0,0.7395413667140968,0.047365491158711866,0.961608339221219,0.03321672433581724,0.0334884167950783,0.039999999999999994,0.15999999999999998,0.0019186433990938834,0.0019186433990938834
43007,learned_event_oracle_qr,32,2,111,128,4,0.9925262153225356,0.06286961930652052,1.033116033234703,0.02794891917157931,0.030807195894896708,0.04,0.16,0.034880167157679956,0.034880167157679956
43007,learned_event_oracle_qr,33,2,110,64,3,0.2612165422273248,0.006407135641253546,-0.010647948382969383,0.007996396455663194,0.03276234231377282,0.04,0.01,0.04024903247760974,0.04024903247760974
43007,learned_event_oracle_qr,34,2,011,128,0,0.7312146081619442,0.0831862302829934,0.7386196976741475,0.1395048052625193,0.029960146520857513,0.04,0.16,0.010304537954030584,0.010304537954030584
43007,learned_event_oracle_qr,35,2,110,128,9,0.3738933891205816,0.008510256764550878,0.41634039315549054,0.010737304963789456,0.030134338956029197,0.04,0.01,0.06446885157768495,0.06446885157768495
43007,learned_event_oracle_qr,36,3,101,64,6,1.1670877280543634,0.10596207000820067,0.6420411661003941,0.20465725749470895,0.012673651591326086,0.0025,0.16,0.04091173904273116,0.04091173904273116
43007,learned_event_oracle_qr,37,3,101,128,13,1.0731473639758278,0.07114648733421997,0.8753315606483608,0.052219149224874827,0.019472633466476576,0.0025,0.16,0.06806863026851645,0.06806863026851645
43007,learned_event_oracle_qr,38,3,011,64,0,0.7173549665963914,0.05272309873273098,0.7563080357596266,0.07573778856522725,0.02487914851414107,0.04,0.16,0.005522733215936394,0.005522733215936394
43007,learned_event_oracle_qr,39,3,101,96,7,0.9261487666337634,0.09249412561737462,0.6691579586175243,0.057261194890804085,0.024675951674065322,0.0024999999999999996,0.15999999999999998,0.03755204385775525,0.03755204385775525
43007,learned_event_oracle_qr,40,3,011,96,0,0.7672056518468039,0.06446050090065267,0.8449258870213991,0.030806749029564123,0.02488360935566127,0.039999999999999994,0.15999999999999998,0.009516109049990876,0.009516109049990876
43007,learned_event_oracle_qr,41,3,111,128,6,0.942284306910715,0.09777935405923488,0.9894497382332902,0.10253263150440613,0.02230479971062744,0.04,0.16,0.01807664599156855,0.01807664599156855
43007,learned_event_oracle_qr,42,3,011,128,1,0.8439135086824692,0.060727953200134674,0.6396349277005857,0.08101652899573857,0.022011301319808295,0.04,0.16,0.016641294103408186,0.016641294103408186
43007,learned_event_oracle_qr,43,3,111,64,3,0.9820963631858296,0.07294831499414076,0.7675060620179134,0.06609449720921362,0.021936889140418234,0.04,0.16,0.04138446913502615,0.04138446913502615
43007,learned_event_oracle_qr,44,3,110,128,4,0.2832664364310349,0.008622014255641377,0.7906698328222774,0.01405471695885262,0.02304640770837638,0.04,0.01,0.033461726595876845,0.033461726595876845
43007,learned_event_oracle_qr,45,3,110,64,3,0.2292501101375516,0.009098705202143398,0.24772424383562636,0.010421420690768426,0.025801523436491246,0.04,0.01,0.042784062505137124,0.042784062505137124
43007,learned_event_oracle_qr,46,3,111,96,12,1.2002544463817488,0.10648860370594633,0.9631710775413824,0.10109787604418011,0.03282100347389979,0.039999999999999994,0.15999999999999998,0.08390103316053117,0.08390103316053117
43007,learned_event_oracle_qr,47,3,110,96,3,0.11048013286267479,0.0077539155412666635,0.2206275122384068,0.0054360917821251915,0.03589323124085712,0.039999999999999994,0.009999999999999998,0.03005702946296317,0.03005702946296317
43007,oracle_event_oracle_qr,0,0,101,96,5,0.873933407019921,0.03048970245488865,0.6295797252537372,0.021304579248145425,0.012805524240699565,0.0024999999999999996,0.15999999999999998,0.04599437214758933,0.052083333333333336
43007,oracle_event_oracle_qr,1,0,111,64,3,0.9181901589473939,0.06154502567568443,0.6622631864667923,0.03626976574543053,0.017692004635524616,0.04,0.16,0.038943966033613726,0.046875
43007,oracle_event_oracle_qr,2,0,011,96,0,0.7259895871639218,0.053333385917275454,0.6456986992502358,0.039700004461143024,0.018487719711489856,0.039999999999999994,0.15999999999999998,0.010561863437778846,0.0
43007,oracle_event_oracle_qr,3,0,111,96,3,0.8444792133589746,0.05201111505309002,0.9258516569962465,0.07670949450168468,0.018719772252372202,0.039999999999999994,0.15999999999999998,0.030208100641152813,0.03125
43007,oracle_event_oracle_qr,4,0,101,64,3,0.875785669031677,0.01937188585571797,1.7756669563910006,0.013249038887115802,0.019632956583206778,0.0025,0.16,0.040829969380806005,0.046875
43007,oracle_event_oracle_qr,5,0,011,128,2,0.8921809341515704,0.05900571010050087,0.7962050349599423,0.04762048137535452,0.02379222416438208,0.04,0.16,0.021937939121261074,0.015625
43007,oracle_event_oracle_qr,6,0,110,128,9,0.30228771518300057,0.008940565389563006,-0.16683126224095568,0.0064221545885019375,0.030001842708190663,0.04,0.01,0.06695238307207524,0.0703125
43007,oracle_event_oracle_qr,7,0,101,128,9,0.8574343244148743,0.028685331263763436,0.8240371549428225,0.055380952637462635,0.03580822003370796,0.0025,0.16,0.06312556347726785,0.0703125
43007,oracle_event_oracle_qr,8,0,111,128,9,1.009554530162382,0.07009813897937539,1.3247523668469636,0.12031956146819064,0.0399989628389114,0.04,0.16,0.0632547287901401,0.0703125
43007,oracle_event_oracle_qr,9,0,110,64,3,0.45767712091109475,0.00896846089898862,0.6313119816771156,0.010144385262135496,0.04505614309159467,0.04,0.01,0.06486950048827653,0.046875
43007,oracle_event_oracle_qr,10,0,110,96,6,0.28938108380008043,0.007568721322290371,0.4065151419721321,0.012072499125154651,0.04978300526421523,0.039999999999999994,0.009999999999999998,0.07079705082287642,0.0625
43007,oracle_event_oracle_qr,11,0,011,64,0,0.7952675252853327,0.058575980184641066,0.7026942719186315,0.051479547067051906,0.04929428034771477,0.04,0.16,0.019832612717742684,0.0
43007,oracle_event_oracle_qr,12,1,011,128,0,0.8638059156763981,0.05796179023893566,0.8686515110844784,0.03422105258957401,0.009392777041865084,0.04,0.16,0.005446345989235155,0.0
43007,oracle_event_oracle_qr,13,1,110,64,8,0.5485626792281879,0.009739457151979165,0.8767601782065729,0.009072637083264489,0.01276868791274931,0.04,0.01,0.09580995001612592,0.125
43007,oracle_event_oracle_qr,14,1,111,128,9,0.9985619837996585,0.06214262218077973,0.9950670707521772,0.08542532133367157,0.02359522929810716,0.04,0.16,0.04833637863583438,0.0703125
43007,oracle_event_oracle_qr,15,1,101,96,5,0.888658406952387,0.05583915826143471,0.5221338579327777,0.016703761909623596,0.029123292366269694,0.0024999999999999996,0.15999999999999998,0.048621654183204355,0.052083333333333336
43007,oracle_event_oracle_qr,16,1,101,64,2,0.6461800114687095,0.034099488487056406,0.9275381908808762,0.06245407466964381,0.02854962796441303,0.0025,0.16,0.026321780618133315,0.03125
43007,oracle_event_oracle_qr,17,1,111,64,3,1.0459865124115555,0.11039406936677078,0.993932787466995,0.09420705590728641,0.030773013133519884,0.04,0.16,0.05359876176074056,0.046875
43007,oracle_event_oracle_qr,18,1,011,96,0,0.8147294963973833,0.045125241500692755,0.7570177462984542,0.04967476402182051,0.030972027375037917,0.039999999999999994,0.15999999999999998,0.016116255608756683,0.0
43007,oracle_event_oracle_qr,19,1,101,128,11,1.1377670608059243,0.02678298584931106,1.301149172504865,0.04069097037575737,0.03699905280933843,0.0025,0.16,0.09113336075245136,0.0859375
43007,oracle_event_oracle_qr,20,1,011,64,0,0.7568861548843281,0.08374191009550949,0.5687088054754886,0.0718944280569768,0.04191236597655408,0.04,0.16,0.0194990388859125,0.0
43007,oracle_event_oracle_qr,21,1,110,128,8,0.3297260350505309,0.00926222278810081,0.19504172013584836,0.007520242263259969,0.04574017430535101,0.04,0.01,0.07040463154035201,0.0625
43007,oracle_event_oracle_qr,22,1,110,96,4,0.2793453843081906,0.008927248860548707,1.115795858281105,0.007338968679253825,0.04531647702781525,0.039999999999999994,0.009999999999999998,0.054899725656278646,0.041666666666666664
43007,oracle_event_oracle_qr,23,1,111,96,3,0.9654833198886115,0.06804936428023457,1.0787016487747496,0.12051167280998898,0.04491522841957729,0.039999999999999994,0.15999999999999998,0.02313369004984754,0.03125
43007,oracle_event_oracle_qr,24,2,101,96,4,0.7799229985920485,0.01633178580512371,0.643479040994962,0.007274926014483271,0.011486721414846716,0.0024999999999999996,0.15999999999999998,0.024043267373135623,0.041666666666666664
43007,oracle_event_oracle_qr,25,2,101,128,11,1.0160785163044905,0.0352379936510543,0.7585509681818274,0.026905519648292263,0.016328646592163744,0.0025,0.16,0.06021298759274656,0.0859375
43007,oracle_event_oracle_qr,26,2,111,64,4,1.0076810982666156,0.10021996453616877,0.9814041464492791,0.12646517670506513,0.025556453055223,0.04,0.16,0.049260853233108984,0.0625
43007,oracle_event_oracle_qr,27,2,110,96,4,0.29019109298428275,0.009019388071454772,0.6567930194702846,0.009283123021893366,0.027037944854337637,0.039999999999999994,0.009999999999999998,0.040494152305071036,0.041666666666666664
43007,oracle_event_oracle_qr,28,2,101,64,5,0.9802768151964547,0.036658288317741955,0.8473006933239615,0.01670964727237005,0.03185839679132364,0.0025,0.16,0.0734718451324102,0.078125
43007,oracle_event_oracle_qr,29,2,011,64,0,0.7455439443552774,0.06206898477727808,0.631309704709164,0.053210795443947405,0.03384281183758915,0.04,0.16,0.019858861459658587,0.0
43007,oracle_event_oracle_qr,30,2,111,96,5,0.8859712821570102,0.05086109230209218,1.0637980884237117,0.04651464307491515,0.0358306521847827,0.039999999999999994,0.15999999999999998,0.05526482326236962,0.052083333333333336
43007,oracle_event_oracle_qr,31,2,011,96,0,0.7384761025451879,0.047129525276102334,0.9619007311249834,0.03198874455835575,0.03346455753700036,0.039999999999999994,0.15999999999999998,0.0019169558946856256,0.0
43007,oracle_event_oracle_qr,32,2,111,128,4,0.9931145283702943,0.06255812012887457,1.0336128552674517,0.027912543260760658,0.03078687452706069,0.04,0.16,0.034874538066978475,0.03125
43007,oracle_event_oracle_qr,33,2,110,64,3,0.25638112937518637,0.0061224791943981375,-0.022819300957458995,0.008069316484567095,0.032746408204461994,0.04,0.01,0.0403000361984905,0.046875
43007,oracle_event_oracle_qr,34,2,011,128,0,0.729359041912153,0.08403108474837885,0.7437346068526837,0.1454939590420472,0.029956182313253636,0.04,0.16,0.010368947303858473,0.0
43007,oracle_event_oracle_qr,35,2,110,128,9,0.3698861628872333,0.008193437536658014,0.42326610373532003,0.010645453539472306,0.030140484762800027,0.04,0.01,0.06449485451573415,0.0703125
43007,oracle_event_oracle_qr,36,3,101,64,6,1.1298068867928064,0.08632022068912196,0.41858931179035913,0.039172580918254735,0.012777514959872914,0.0025,0.16,0.04180875310476814,0.09375
43007,oracle_event_oracle_qr,37,3,101,128,13,1.019733457941462,0.044254595661518965,0.8341335794081638,0.024187931499507064,0.018935058907506817,0.0025,0.16,0.06523798289978296,0.1015625
43007,oracle_event_oracle_qr,38,3,011,64,0,0.7137314134189044,0.052784509813434036,0.7554819413526956,0.07547639293494685,0.024410499857628658,0.04,0.16,0.005378628459257793,0.0
43007,oracle_event_oracle_qr,39,3,101,96,7,0.8558590824225902,0.03244545030059696,0.6547361877788493,0.04540523014862083,0.024164356698452363,0.0024999999999999996,0.15999999999999998,0.03783349441029029,0.07291666666666667
43007,oracle_event_oracle_qr,40,3,011,96,0,0.7612853554563753,0.06387383139701613,0.8421376928300679,0.02932008820829442,0.024597123570205968,0.039999999999999994,0.15999999999999998,0.009368665558141318,0.0
43007,oracle_event_oracle_qr,41,3,111,128,6,0.9332725984321978,0.09449614708453613,0.9166897640959942,0.09743707249386413,0.021953072184332033,0.04,0.16,0.017133478684067796,0.046875
43007,oracle_event_oracle_qr,42,3,011,128,1,0.8394509439837705,0.06010504636378247,0.6391691844462003,0.0813282774362547,0.021629084055176627,0.04,0.16,0.016527411931908976,0.0078125
43007,oracle_event_oracle_qr,43,3,111,64,3,0.9805678783225137,0.064158024272445,0.7607493665368813,0.06592507596545022,0.02160038265834137,0.04,0.16,0.041239777229714863,0.046875
43007,oracle_event_oracle_qr,44,3,110,128,4,0.28558050984748534,0.008742018686970464,0.7946182394103457,0.014130296960258346,0.022747506970313053,0.04,0.01,0.033354879272826425,0.03125
43007,oracle_event_oracle_qr,45,3,110,64,3,0.228399746987554,0.008880199120493924,0.24843349910401794,0.010408353273662022,0.025537820545843803,0.04,0.01,0.04266907174663528,0.046875
43007,oracle_event_oracle_qr,46,3,111,96,12,1.1931087889391743,0.08906491272104756,0.9795000126981728,0.0977111179484701,0.032652957689037136,0.039999999999999994,0.15999999999999998,0.0839696747343016,0.125
43007,oracle_event_oracle_qr,47,3,110,96,3,0.11519417438539285,0.00781616946105305,0.22015106426971498,0.005446360557200346,0.03570557711508393,0.039999999999999994,0.009999999999999998,0.030077512974538357,0.03125
43007,h_plus_total_variance,0,0,101,96,5,0.965722499951073,0.041955141390639134,0.7234475397793683,0.05425685208099432,0.013253679241996127,0.027748269704286007,0.12486721366928703,0.04833573488920384,0.04833573488920384
43007,h_plus_total_variance,1,0,111,64,3,0.9474254374392157,0.06557606085991724,0.6867556906816359,0.0377662937987966,0.01820724312505956,0.034043875867114055,0.15319744140201325,0.042179941425357276,0.042179941425357276
43007,h_plus_total_variance,2,0,011,96,0,0.7593917421048243,0.05672747898487384,0.6916479617819489,0.0373656033923309,0.01977018180662192,0.033927404833192204,0.1526733217493649,0.01653058224440011,0.01653058224440011
43007,h_plus_total_variance,3,0,111,96,3,0.8450923457634502,0.0526507486875892,0.9901571747351388,0.08280647869281602,0.020299582323720852,0.02932491794747752,0.13196213076364882,0.0413098991618144,0.0413098991618144
43007,h_plus_total_variance,4,0,101,64,3,0.9049997693560117,0.03868207516329951,1.8695822838385,0.02521180066918964,0.02323833665850694,0.02328552253797609,0.1047848514208924,0.04936645304144765,0.04936645304144765
43007,h_plus_total_variance,5,0,011,128,2,0.908833659403868,0.06049549017270342,0.8266067115370044,0.048650568230016594,0.027632239376209424,0.037148940641283754,0.1671702328857769,0.023957680048604043,0.023957680048604043
43007,h_plus_total_variance,6,0,110,128,9,0.5428607562290122,0.02446415163002468,-0.17935840910738404,0.015416509709829107,0.03316882244242665,0.011309575887404642,0.050893091493320886,0.07102702394785185,0.07102702394785185
43007,h_plus_total_variance,7,0,101,128,9,0.9510208725473998,0.05563198893645608,0.836409245890041,0.07417942928175081,0.0402418661065623,0.02389926744181951,0.10754670348818778,0.07006497239097564,0.07006497239097564
43007,h_plus_total_variance,8,0,111,128,9,1.0727450536357288,0.08042015211811511,1.413890789957302,0.13514223408246856,0.045887343122977056,0.0315055725361344,0.1417750764126048,0.07742473569142036,0.07742473569142036
43007,h_plus_total_variance,9,0,110,64,3,0.4871431005993948,0.02472277596699894,0.6750046924569618,0.029484906822588204,0.05109411286384661,0.012631800039308434,0.056843100176887956,0.05611717121555815,0.05611717121555815
43007,h_plus_total_variance,10,0,110,96,6,0.40580402790857645,0.016784720761979052,0.7728737020257779,0.02405002390295042,0.05443311770527515,0.005788928666220603,0.026050178997992713,0.08249151344619973,0.08249151344619973
43007,h_plus_total_variance,11,0,011,64,0,1.575823061381291,0.1318591177446044,0.8524310565014311,0.06600826065666929,0.07474852719862085,0.010025233696036308,0.045113551632163386,0.2598836982155562,0.2598836982155562
43007,h_plus_total_variance,12,1,011,128,0,0.9616367291311761,0.06277168461028691,0.8962837606512777,0.03413722780034196,0.011620792177467226,0.034391070081008196,0.1547598153645369,0.016518932585171217,0.016518932585171217
43007,h_plus_total_variance,13,1,110,64,8,0.8253321541162207,0.02916843574869482,1.015205056644615,0.04092657799142871,0.013893274391802981,0.023899493441219426,0.10754772048548741,0.08692031195525472,0.08692031195525472
43007,h_plus_total_variance,14,1,111,128,9,1.0699562862529697,0.06776343554515855,0.9958206524312148,0.08007360791291908,0.026804680967282293,0.03562292776779725,0.16030317495508759,0.05955450124057883,0.05955450124057883
43007,h_plus_total_variance,15,1,101,96,5,0.9581648449072903,0.08188604235288435,0.5871383783929001,0.052362280646407404,0.03178982803058346,0.033628815990349385,0.15132967195657224,0.048129456615643364,0.048129456615643364
43007,h_plus_total_variance,16,1,101,64,2,0.7965189381382248,0.06669588712910209,1.064914469180889,0.05906356939264358,0.03141739456020139,0.030172648418625735,0.1357769178838158,0.037261543690885225,0.037261543690885225
43007,h_plus_total_variance,17,1,111,64,3,1.0516630870061399,0.11002533349929981,1.0009865196747045,0.09317004319341267,0.03419966620538303,0.03266570509194555,0.14699567291375498,0.05728283364197952,0.05728283364197952
43007,h_plus_total_variance,18,1,011,96,0,0.8643053596701513,0.045483566702718664,0.7840196836728426,0.05193057170648316,0.03436518830342311,0.0426096464923064,0.1917434092153788,0.017869799641401885,0.017869799641401885
43007,h_plus_total_variance,19,1,101,128,11,1.1781807687572547,0.041993482227886084,1.425218560742849,0.05737091744010864,0.03953065595563389,0.031183944388562528,0.1403277497485314,0.09393980267543162,0.09393980267543162
43007,h_plus_total_variance,20,1,011,64,0,0.7914025594975286,0.08574360646025445,0.601397886288648,0.0751453139359685,0.04528999498596396,0.031277921423180616,0.14075064640431273,0.02399092992992688,0.02399092992992688
43007,h_plus_total_variance,21,1,110,128,8,0.39258257932627516,0.01834609981883481,0.15813845195121037,0.012454906836548953,0.04846075441708099,0.011096289074772699,0.049933300836477144,0.06973783702183056,0.06973783702183056
43007,h_plus_total_variance,22,1,110,96,4,0.4179357923591909,0.019114198271774543,1.2221551105609836,0.020112461331692734,0.04972422313267316,0.005189186444356165,0.023351338999602744,0.07744602772760793,0.07744602772760793
43007,h_plus_total_variance,23,1,111,96,3,1.0805614358273654,0.06997834471046017,1.1471553725839838,0.11542181552272697,0.0504737704534359,0.027840025441870104,0.12528011448841547,0.0255912552335157,0.0255912552335157
43007,h_plus_total_variance,24,2,101,96,4,0.8730090782233407,0.030284587576952026,0.5942157122810329,0.03316750803058441,0.011629731578733227,0.02968117982240374,0.1335653092008168,0.02495084027391989,0.02495084027391989
43007,h_plus_total_variance,25,2,101,128,11,1.1056757644993314,0.07147290553495819,0.7979452848569917,0.06865603109127877,0.016231404163944984,0.038355315940420756,0.1725989217318934,0.05749908375451284,0.05749908375451284
43007,h_plus_total_variance,26,2,111,64,4,1.081030524133065,0.10954771246626807,1.0188299070021754,0.1185011682322187,0.025691195841575684,0.03165584549777139,0.14245130473997125,0.05850324056414373,0.05850324056414373
43007,h_plus_total_variance,27,2,110,96,4,0.4193155134872713,0.023506720102403688,0.8033219502606896,0.03571478505507565,0.02761745303965141,0.013893450938130778,0.0625205292215885,0.039929500180665836,0.039929500180665836
43007,h_plus_total_variance,28,2,101,64,5,1.075169087378354,0.07200838936039095,1.1339070418261217,0.15590039474655065,0.032479496413207284,0.01869850071588094,0.08414325322146424,0.0850521478188109,0.0850521478188109
43007,h_plus_total_variance,29,2,011,64,0,0.7731218155924775,0.059129697334369506,0.6248928126203703,0.052132505783996405,0.03613747470681068,0.029457960671665208,0.13256082302249345,0.028034839103266315,0.028034839103266315
43007,h_plus_total_variance,30,2,111,96,5,0.8792722100261118,0.05091183284502785,1.1042775109874834,0.04609888815222637,0.03908207966972225,0.023711526155165096,0.10670186769824293,0.06814002589216135,0.06814002589216135
43007,h_plus_total_variance,31,2,011,96,0,0.7570728956533608,0.04672946096935763,1.0018562466226546,0.031661949281202056,0.037616867156209974,0.032483350338553534,0.1461750765234909,0.0029244661638500023,0.0029244661638500023
43007,h_plus_total_variance,32,2,111,128,4,1.0189013070560167,0.06280948637435388,1.041296283709602,0.028126116725891055,0.03426344154106967,0.03416647394334471,0.1537491327450512,0.03584439092503904,0.03584439092503904
43007,h_plus_total_variance,33,2,110,64,3,0.40098928724489347,0.02238753970455447,0.18394273993947935,0.026789886683080317,0.03563723308860634,0.014876768171179841,0.06694545677030928,0.0391454956473713,0.0391454956473713
43007,h_plus_total_variance,34,2,011,128,0,0.7636165410800216,0.08323157497713361,0.7802861753839083,0.1381140642445497,0.033189692023650984,0.02989832250374136,0.13454245126683612,0.015754192320763687,0.015754192320763687
43007,h_plus_total_variance,35,2,110,128,9,0.5675256795762376,0.024071558178644613,0.6871323003179403,0.021556329635917373,0.0334751987624485,0.008853875798704605,0.03984244109417072,0.07490535722220887,0.07490535722220887
43007,h_plus_total_variance,36,3,101,64,6,1.2895144316309561,0.11074547522649873,0.5815344151070501,0.11302013575839873,0.015117468479806231,0.03675489646955475,0.1653970341129964,0.05740431856591519,0.05740431856591519
43007,h_plus_total_variance,37,3,101,128,13,1.0433193673926222,0.07985469434221021,0.8058980940331331,0.07372234295551364,0.020643605607698047,0.0318921155960175,0.14351452018207872,0.061843735067463546,0.061843735067463546
43007,h_plus_total_variance,38,3,011,64,0,0.7485504255445516,0.053170662733373356,0.7720724996395729,0.07632401946216155,0.024874309313165702,0.03264432890893341,0.14689948009020032,0.007009250262189986,0.007009250262189986
43007,h_plus_total_variance,39,3,101,96,7,0.9501461751954144,0.09307843540591053,0.8779645905071805,0.07468734230372917,0.024544322254373672,0.040166886044946205,0.1807509872022579,0.030651586109265983,0.030651586109265983
43007,h_plus_total_variance,40,3,011,96,0,0.7700727459186791,0.06433064779800278,1.0056217387448636,0.029804090019898255,0.0235653194111461,0.036690928059840554,0.16510917626928245,0.0083545170440876,0.0083545170440876
43007,h_plus_total_variance,41,3,111,128,6,0.9341911017298681,0.09980282112163283,0.9714274498667137,0.09783151396235906,0.020910038031360635,0.04321440295269989,0.19446481328714954,0.014868137543889604,0.014868137543889604
43007,h_plus_total_variance,42,3,011,128,1,0.8532916155287966,0.05984819509874263,0.6165922075188965,0.08147483972736899,0.020408010914605496,0.04250952115829064,0.1912928452123079,0.016138849097332642,0.016138849097332642
43007,h_plus_total_variance,43,3,111,64,3,1.00721349696727,0.07365173438457293,0.7887456179682213,0.06551412852539791,0.020733023270563963,0.03577837765889917,0.16100269946504628,0.04220019722245179,0.04220019722245179
43007,h_plus_total_variance,44,3,110,128,4,0.468458908241964,0.02473041047966369,1.0761017431130449,0.02828027464501384,0.021637074945812546,0.012355589534701082,0.055600152906154866,0.035106872328907975,0.035106872328907975
43007,h_plus_total_variance,45,3,110,64,3,0.4854651286351984,0.025799362400360813,0.5077748289503583,0.022140251044224537,0.02628298304069346,0.006184908128106864,0.02783208657648089,0.0558410390083868,0.0558410390083868
43007,h_plus_total_variance,46,3,111,96,12,1.3730060188061657,0.12096096431645438,0.9696319109913898,0.11047763278346001,0.03875862316448583,0.03075505849834557,0.13839776324255507,0.11302368262596518,0.11302368262596518
43007,h_plus_total_variance,47,3,110,96,3,0.24412209037964439,0.022765820612230148,0.11109019574945925,0.010392864050190562,0.041491142179180346,0.010730390184115639,0.04828675582852038,0.035082908450122595,0.035082908450122595
43007,generator_supported_seen_mode_imm,0,0,101,96,5,0.9511857239807436,0.030000799407337814,0.6480242817826016,0.017461577960608078,0.0070967650918873915,0.004525856518910636,0.1374844198351953,0.05275767321815588,0.05275767321815588
43007,generator_supported_seen_mode_imm,1,0,111,64,3,1.148995168149394,0.10061599141932002,0.9151039925427656,0.10694545178246376,0.0032041277798030114,0.0042504506238538395,0.1504813990159552,0.032711670464694934,0.032711670464694934
43007,generator_supported_seen_mode_imm,2,0,011,96,0,0.7273505176440609,0.06659130378370082,0.5872339693089954,0.0354387748794351,0.0030379410030059854,0.0035973222941251847,0.15298571559930352,0.002368865849561713,0.002368865849561713
43007,generator_supported_seen_mode_imm,3,0,111,96,3,1.017943481504206,0.0965373240092801,1.477557049873628,0.1617447313125895,0.00443430392793789,0.0057728689766829685,0.14084853437131656,0.033615705318706335,0.033615705318706335
43007,generator_supported_seen_mode_imm,4,0,101,64,3,0.9780736364017004,0.027119125346344503,2.0311832318904424,0.012737163374673828,0.003859451610726759,0.003619356272125748,0.15023698845599176,0.033758612111913125,0.033758612111913125
43007,generator_supported_seen_mode_imm,5,0,011,128,2,1.0554369166909559,0.08951371677597474,0.8263215312102143,0.0478804345900001,0.003466721217691463,0.005207542304502068,0.14517036356732166,0.017708992540530995,0.017708992540530995
43007,generator_supported_seen_mode_imm,6,0,110,128,9,0.382978051409952,0.009784517094455008,-0.18542014305136606,0.006264989785119973,0.021870314856982452,0.023895679491162232,0.02049171490961868,0.06783656946272984,0.06783656946272984
43007,generator_supported_seen_mode_imm,7,0,101,128,9,1.024307647447523,0.04339825962439537,1.0657313937361905,0.11606083159322865,0.0072469593071874255,0.005343682996713573,0.13473469420495274,0.05394715027044804,0.05394715027044804
43007,generator_supported_seen_mode_imm,8,0,111,128,9,1.2745990223128332,0.10420103469060872,2.008433663735097,0.17479553416468407,0.007917619891499746,0.003931796796776053,0.13878035301660085,0.06941479866154181,0.06941479866154181
43007,generator_supported_seen_mode_imm,9,0,110,64,3,0.6335623051612993,0.021476833630096594,0.8433691159525325,0.014895559671638251,0.007694664126227758,0.024347701795934217,0.05682767241062654,0.04967950214494236,0.04967950214494236
43007,generator_supported_seen_mode_imm,10,0,110,96,6,0.423156371261234,0.008802872091873429,0.6399507058860345,0.015191337942118032,0.017651873885117086,0.027520698558586586,0.013822320525463816,0.06599841347256928,0.06599841347256928
43007,generator_supported_seen_mode_imm,11,0,011,64,0,0.8658237569494343,0.08688879977312573,0.6566767238548314,0.04877453241974191,0.004126837080030309,0.0034010032044904026,0.15069130375485607,0.014585440196644824,0.014585440196644824
43007,generator_supported_seen_mode_imm,12,1,011,128,0,1.0468062642659859,0.08047866456759524,1.042608825249108,0.06039958258900147,0.003847470422833509,0.005077688734475883,0.14492563598705763,0.008465739877603537,0.008465739877603537
43007,generator_supported_seen_mode_imm,13,1,110,64,8,0.7167243119469149,0.01102468699463963,1.1199902515280011,0.012251668357369171,0.02305035125342099,0.022565984931416407,0.02252204094082336,0.10743310850234337,0.10743310850234337
43007,generator_supported_seen_mode_imm,14,1,111,128,9,1.288177922123258,0.09933056437236328,1.2635829022182476,0.16456649577553922,0.006768248456436667,0.0067486406373347034,0.1306511514445129,0.05477918533676248,0.05477918533676248
43007,generator_supported_seen_mode_imm,15,1,101,96,5,1.0826578377917793,0.0951035904461061,0.5090269012393954,0.018678481926907697,0.004626921694232718,0.00486838060596007,0.14380261107706738,0.043907379376765227,0.043907379376765227
43007,generator_supported_seen_mode_imm,16,1,101,64,2,0.7698510697165963,0.06937694787047122,1.0434636335915797,0.06050933071268693,0.004095037848322937,0.0030511771969769772,0.15155776170658847,0.03134647360585478,0.03134647360585478
43007,generator_supported_seen_mode_imm,17,1,111,64,3,1.3221514920228508,0.1467900206359674,1.4062864442610443,0.1367615081545196,0.004254706977424763,0.009046947514829545,0.1276033445755344,0.049027155359936896,0.049027155359936896
43007,generator_supported_seen_mode_imm,18,1,011,96,0,0.8588907593500563,0.04701857590121273,0.7423301930361408,0.024321050335750202,0.003181502128937689,0.003364905232766104,0.15359000125560454,0.004909807462061571,0.004909807462061571
43007,generator_supported_seen_mode_imm,19,1,101,128,11,1.3487823536199162,0.040652451273702525,1.7565286751051055,0.119750930844286,0.005531616639362141,0.0032411925048513503,0.14464276694870495,0.07428806127546715,0.07428806127546715
43007,generator_supported_seen_mode_imm,20,1,011,64,0,0.9956811440567578,0.14371559440542284,0.42324344515450246,0.0692167825307114,0.003708413951723019,0.005535061839621051,0.14380996293603923,0.007171840962532072,0.007171840962532072
43007,generator_supported_seen_mode_imm,21,1,110,128,8,0.5010615444454591,0.021201387258366393,0.3383893448478251,0.0075991564497687805,0.01543069819193996,0.027683230716232347,0.022518439235155147,0.06316948131517598,0.06316948131517598
43007,generator_supported_seen_mode_imm,22,1,110,96,4,0.3450056111288344,0.012112166528945442,1.324045948020904,0.02394921622565445,0.008360583255304319,0.03349179036555829,0.017852695958064282,0.03235969052869049,0.03235969052869049
43007,generator_supported_seen_mode_imm,23,1,111,96,3,1.4093311501763341,0.10948556441059754,1.8533091502458743,0.17485726640609925,0.003575002862430549,0.012847508022951357,0.11509575672528104,0.02318524564453164,0.02318524564453164
43007,generator_supported_seen_mode_imm,24,2,101,96,4,0.8505638443996952,0.02798869767753168,0.6387207180197203,0.007064676825946022,0.003479838498346991,0.003488777049853215,0.15149563431524005,0.022035025783822455,0.022035025783822455
43007,generator_supported_seen_mode_imm,25,2,101,128,11,1.2024315867557451,0.07872126051560394,0.546384267790455,0.03840755029201791,0.008862739405355325,0.0032870109284476243,0.13691160748561126,0.06553704859214986,0.06553704859214986
43007,generator_supported_seen_mode_imm,26,2,111,64,4,1.2636248554016234,0.13041271508970192,1.1011732987143175,0.13477704894024767,0.005689090149510145,0.0033898272254796608,0.14557048225050634,0.050263907348095396,0.050263907348095396
43007,generator_supported_seen_mode_imm,27,2,110,96,4,0.40285184851511824,0.02026002033308701,0.8248548149391937,0.016449865221654716,0.006419758435047604,0.03323586532466346,0.02401779539606973,0.03303970299783985,0.03303970299783985
43007,generator_supported_seen_mode_imm,28,2,101,64,5,1.1637381338734394,0.04254058442384078,0.8671522004158778,0.03797726407551413,0.004863367416343902,0.006174964401966887,0.1379345955517708,0.06668883570426859,0.06668883570426859
43007,generator_supported_seen_mode_imm,29,2,011,64,0,0.805448159279212,0.08022096784175092,0.5829836584600473,0.06360488244360578,0.002833091696460053,0.003209558646911379,0.15578363997241787,0.003027580747573265,0.003027580747573265
43007,generator_supported_seen_mode_imm,30,2,111,96,5,1.0412341596160173,0.06117705403048699,1.264404237155396,0.09273061302676036,0.004210058480803588,0.0041582696820682595,0.14761835039461713,0.050664868031723216,0.050664868031723216
43007,generator_supported_seen_mode_imm,31,2,011,96,0,0.8235758562932108,0.07772931456591393,1.1098023053931065,0.023680893214849525,0.002908166367184687,0.0031161413972579806,0.15530449245486191,0.00043422089655753717,0.00043422089655753717
43007,generator_supported_seen_mode_imm,32,2,111,128,4,1.269226971332702,0.12397234779667354,1.1875655680517578,0.08196883898583555,0.0040727932672136435,0.007988699985234287,0.13296628155306328,0.03212376085992327,0.03212376085992327
43007,generator_supported_seen_mode_imm,33,2,110,64,3,0.3884450497077422,0.02171893802533601,0.024673676606244224,0.011669632919620613,0.012672678481063702,0.022870946234006127,0.04976914410906817,0.040220185635761053,0.040220185635761053
43007,generator_supported_seen_mode_imm,34,2,011,128,0,0.8051815708552427,0.10928809211742282,1.059842135610397,0.23184178019736973,0.00305698026873295,0.0050437974215324765,0.1475713528919167,0.004319330718901129,0.004319330718901129
43007,generator_supported_seen_mode_imm,35,2,110,128,9,0.527360090690901,0.027338939332674117,0.5974584954230395,0.05970083295463109,0.008854934199953864,0.03025774969759628,0.030060623419802805,0.042974737528056556,0.042974737528056556
43007,generator_supported_seen_mode_imm,36,3,101,64,6,1.2987049655787155,0.11091358020424949,0.7042945800838221,0.22298538249189168,0.006380269061316618,0.004062652440763164,0.14037404464043557,0.03582770815969379,0.03582770815969379
43007,generator_supported_seen_mode_imm,37,3,101,128,13,1.2306081817143828,0.0973500565622179,1.0861436707907384,0.10171369934898217,0.005058608083261127,0.0038464157293375103,0.146959148214107,0.053951938890326415,0.053951938890326415
43007,generator_supported_seen_mode_imm,38,3,011,64,0,0.8691055494156585,0.09450593427269752,0.8914639552997433,0.10291532719221792,0.0033788272834483182,0.004337888124757426,0.1495418775527743,0.0026770370828164787,0.0026770370828164787
43007,generator_supported_seen_mode_imm,39,3,101,96,7,1.099705598606355,0.1246322220076062,0.8101708893101705,0.0732085471563942,0.006520818518555745,0.0029718612587911497,0.14634560940426514,0.028421803703770798,0.028421803703770798
43007,generator_supported_seen_mode_imm,40,3,011,96,0,0.8996125823986038,0.08053196500310879,1.1515171860912503,0.03397246118003122,0.0029252281189483405,0.010783598907204464,0.12479994329678745,0.00305118020520001,0.00305118020520001
43007,generator_supported_seen_mode_imm,41,3,111,128,6,1.167132107759474,0.1397529358382077,1.2413936644928885,0.07689118312288987,0.003221007705924711,0.0028769064776474618,0.15592066155795306,0.008249853945940317,0.008249853945940317
43007,generator_supported_seen_mode_imm,42,3,011,128,1,1.1212123844430073,0.1045439930052425,0.8951888046247252,0.10065903398551249,0.0033543401661859503,0.007158806467519922,0.1384850801828168,0.013926631416915376,0.013926631416915376
43007,generator_supported_seen_mode_imm,43,3,111,64,3,1.0856262386721371,0.09657740912219258,0.769570481950934,0.06322525922065494,0.0030923168992215205,0.002785496437422739,0.15664644758951443,0.033608096838573256,0.033608096838573256
43007,generator_supported_seen_mode_imm,44,3,110,128,4,0.3527986559970929,0.0215773246345616,0.9439953839782399,0.015813650892701155,0.011527232460005839,0.028046385643423044,0.03149791295416114,0.02475043935226791,0.02475043935226791
43007,generator_supported_seen_mode_imm,45,3,110,64,3,0.30053636104907744,0.009582287189457878,0.3860865339349232,0.010385598954158724,0.004003132941612222,0.03826835642450996,0.011301346414923058,0.03352728519201152,0.03352728519201152
43007,generator_supported_seen_mode_imm,46,3,111,96,12,1.552266840096075,0.13887601682523218,1.1726625760477098,0.11356171672421005,0.008686265683316168,0.006146385071122344,0.1280486514703422,0.08713279823769304,0.08713279823769304
43007,generator_supported_seen_mode_imm,47,3,110,96,3,0.15105167067705672,0.016434004719532443,0.2393852284967048,0.00494617443472862,0.013081058876973223,0.030016652984257246,0.018502502326915683,0.02430951072381424,0.02430951072381424
43007,selected_fixed_jump,0,0,101,96,5,1.2797083276204313,0.06831408478968932,1.2620438820027626,0.08504195057672329,0.009999999999999998,0.019999999999999997,0.039999999999999994,0.07721139491051036,0.07721139491051036
43007,selected_fixed_jump,1,0,111,64,3,1.4263510152298708,0.09141087917374768,0.9618993412052406,0.028240355238415837,0.01,0.02,0.04,0.09444864749502281,0.09444864749502281
43007,selected_fixed_jump,2,0,011,96,0,1.1873191021577016,0.07810160535271182,0.9627477340542021,0.05886819393006351,0.009999999999999998,0.019999999999999997,0.039999999999999994,0.050877083946986514,0.050877083946986514
43007,selected_fixed_jump,3,0,111,96,3,1.1640861855747036,0.056648416952461735,1.0219935239581772,0.09696295441640104,0.009999999999999998,0.019999999999999997,0.039999999999999994,0.05579595695079193,0.05579595695079193
43007,selected_fixed_jump,4,0,101,64,3,1.2275147553905215,0.061951052873699564,2.8861189054133316,0.05252905819932323,0.01,0.02,0.04,0.0722608238903929,0.0722608238903929
43007,selected_fixed_jump,5,0,011,128,2,1.4455424516850912,0.07507627509957476,1.4362098474840792,0.05345562414474583,0.01,0.02,0.04,0.0650438178516418,0.0650438178516418
43007,selected_fixed_jump,6,0,110,128,9,0.4625292611886037,0.019396145889718396,-0.12480607505482719,0.010600647839772694,0.01,0.02,0.04,0.06396292053449534,0.06396292053449534
43007,selected_fixed_jump,7,0,101,128,9,1.2535493786768264,0.07337587957219315,1.2644129555988626,0.07709066325273127,0.01,0.02,0.04,0.08607915083490901,0.08607915083490901
43007,selected_fixed_jump,8,0,111,128,9,1.5499859169023544,0.10913714208057651,1.876430958786187,0.12404681622725233,0.01,0.02,0.04,0.11227768795801861,0.11227768795801861
43007,selected_fixed_jump,9,0,110,64,3,0.4885301795509598,0.018005282617787336,0.6929445537194674,0.025041686142656783,0.01,0.02,0.04,0.04851131474965381,0.04851131474965381
43007,selected_fixed_jump,10,0,110,96,6,0.420484173856059,0.011360623420701522,0.506186468623663,0.01299534960544127,0.009999999999999998,0.019999999999999997,0.039999999999999994,0.060441543839823385,0.060441543839823385
43007,selected_fixed_jump,11,0,011,64,0,1.3886330097135131,0.09437734783169224,1.0960865631998766,0.07266078903795367,0.01,0.02,0.04,0.077601365274125,0.077601365274125
43007,selected_fixed_jump,12,1,011,128,0,1.5168470356573005,0.10688865108767781,1.4037966640194743,0.1255704469926961,0.01,0.02,0.04,0.08720220127822073,0.08720220127822073
43007,selected_fixed_jump,13,1,110,64,8,0.6392999817134688,0.017025611749168813,1.0124359935172664,0.028133412203063483,0.01,0.02,0.04,0.09530783659366232,0.09530783659366232
43007,selected_fixed_jump,14,1,111,128,9,1.455393933605382,0.09386289267514009,1.1624441966860866,0.07241540322496748,0.01,0.02,0.04,0.11313936290390213,0.11313936290390213
43007,selected_fixed_jump,15,1,101,96,5,1.3655306695548293,0.09013967749899883,0.7569310196972348,0.07042828786592374,0.009999999999999998,0.019999999999999997,0.039999999999999994,0.0609959857714705,0.0609959857714705
43007,selected_fixed_jump,16,1,101,64,2,1.1312180552822926,0.08088990689034338,1.6093452125525598,0.09419614563387922,0.01,0.02,0.04,0.055554686452845614,0.055554686452845614
43007,selected_fixed_jump,17,1,111,64,3,1.47659864170931,0.11588487410277479,1.2393222663910266,0.07920687517990994,0.01,0.02,0.04,0.08771267777572195,0.08771267777572195
43007,selected_fixed_jump,18,1,011,96,0,1.4523166864263113,0.08561686735386953,1.1962093418653805,0.10338914308854887,0.009999999999999998,0.019999999999999997,0.039999999999999994,0.08024619370314076,0.08024619370314076
43007,selected_fixed_jump,19,1,101,128,11,1.6185470671675535,0.06936596532673434,1.9635679425032122,0.07226082985179588,0.01,0.02,0.04,0.10817533350470798,0.10817533350470798
43007,selected_fixed_jump,20,1,011,64,0,1.1846959039124894,0.10815948056347201,0.7788327048307215,0.08081167588427868,0.01,0.02,0.04,0.04720556412926996,0.04720556412926996
43007,selected_fixed_jump,21,1,110,128,8,0.45183705769513094,0.014784570158212646,0.3104294767681257,0.009501312325896419,0.01,0.02,0.04,0.06416627457388942,0.06416627457388942
43007,selected_fixed_jump,22,1,110,96,4,0.3562916712081388,0.01736251043271484,1.2131189767952624,0.02697000849834604,0.009999999999999998,0.019999999999999997,0.039999999999999994,0.03534027860111946,0.03534027860111946
43007,selected_fixed_jump,23,1,111,96,3,1.5585130268296383,0.07286714578408239,1.600463119809047,0.1272778272619367,0.009999999999999998,0.019999999999999997,0.039999999999999994,0.03789850973554496,0.03789850973554496
43007,selected_fixed_jump,24,2,101,96,4,1.2138478857824406,0.04664409517511323,0.7701798290967848,0.057310230385870777,0.009999999999999998,0.019999999999999997,0.039999999999999994,0.03487915019139779,0.03487915019139779
43007,selected_fixed_jump,25,2,101,128,11,1.555598727308288,0.08577264856465144,1.2948668493217323,0.13436936812834124,0.01,0.02,0.04,0.11168605362932431,0.11168605362932431
43007,selected_fixed_jump,26,2,111,64,4,1.5718065266174899,0.1257140273072815,1.841917335353695,0.1622154885322711,0.01,0.02,0.04,0.13478137269024734,0.13478137269024734
43007,selected_fixed_jump,27,2,110,96,4,0.3062262832805596,0.016455493869400234,0.7104248156169743,0.023709528052732975,0.009999999999999998,0.019999999999999997,0.039999999999999994,0.033079885764697836,0.033079885764697836
43007,selected_fixed_jump,28,2,101,64,5,1.4035048816802587,0.09497452980087452,1.7636499219535609,0.2168128608196231,0.01,0.02,0.04,0.09578034149693651,0.09578034149693651
43007,selected_fixed_jump,29,2,011,64,0,1.1976136344195196,0.08490077188794536,0.9612372698015574,0.06387624384636925,0.01,0.02,0.04,0.05411376870351437,0.05411376870351437
43007,selected_fixed_jump,30,2,111,96,5,1.1283926695217705,0.06075304749153043,1.3513923071064158,0.053433124321925304,0.009999999999999998,0.019999999999999997,0.039999999999999994,0.07878543001871378,0.07878543001871378
43007,selected_fixed_jump,31,2,011,96,0,1.1895460267485212,0.07368114920904363,1.7588097578429298,0.11345532510371849,0.009999999999999998,0.019999999999999997,0.039999999999999994,0.031191027871508698,0.031191027871508698
43007,selected_fixed_jump,32,2,111,128,4,1.4757413695798847,0.07730562622577211,1.261543432927165,0.04804973418739818,0.01,0.02,0.04,0.057760470485807736,0.057760470485807736
43007,selected_fixed_jump,33,2,110,64,3,0.3358663047124655,0.014298011500787376,0.1114082923512935,0.01685943385040621,0.01,0.02,0.04,0.0331493127504121,0.0331493127504121
43007,selected_fixed_jump,34,2,011,128,0,1.1511296509170346,0.0986468604477924,1.095637823320509,0.12492029145087835,0.01,0.02,0.04,0.040137059070229714,0.040137059070229714
43007,selected_fixed_jump,35,2,110,128,9,0.5248389633714372,0.021019893002849704,0.7163134498620719,0.03709176798524177,0.01,0.02,0.04,0.054101364647098,0.054101364647098
43007,selected_fixed_jump,36,3,101,64,6,1.635353471710817,0.16467767889265977,0.6473338660754807,0.09430638333217983,0.01,0.02,0.04,0.14333785655131281,0.14333785655131281
43007,selected_fixed_jump,37,3,101,128,13,1.418269255919607,0.07810898659306625,0.8732323481212081,0.03332014947700668,0.01,0.02,0.04,0.0877383007284442,0.0877383007284442
43007,selected_fixed_jump,38,3,011,64,0,1.1616581071057541,0.06600751108537284,1.2561135467092206,0.07656920148340755,0.01,0.02,0.04,0.03344009319460772,0.03344009319460772
43007,selected_fixed_jump,39,3,101,96,7,1.3383873119936027,0.08878639809938427,0.715427582798118,0.06715301014191317,0.009999999999999998,0.019999999999999997,0.039999999999999994,0.0848537917337776,0.0848537917337776
43007,selected_fixed_jump,40,3,011,96,0,1.230844462296569,0.09934279354810993,1.6091047982433606,0.053774222428621114,0.009999999999999998,0.019999999999999997,0.039999999999999994,0.057808089927070073,0.057808089927070073
43007,selected_fixed_jump,41,3,111,128,6,1.6807337772448432,0.13088297883370198,1.9486574191960244,0.21041586838319914,0.01,0.02,0.04,0.0993563303028096,0.0993563303028096
43007,selected_fixed_jump,42,3,011,128,1,1.4184705571393665,0.09383392713503634,0.8128305982604722,0.07858092320170912,0.01,0.02,0.04,0.06408609880477746,0.06408609880477746
43007,selected_fixed_jump,43,3,111,64,3,1.619385814625108,0.10355470091816817,1.3696605175249026,0.07488772933512641,0.01,0.02,0.04,0.07968236428627512,0.07968236428627512
43007,selected_fixed_jump,44,3,110,128,4,0.36272373873924024,0.017965041945262814,0.9539498552992987,0.029649176856655152,0.01,0.02,0.04,0.024095276271726564,0.024095276271726564
43007,selected_fixed_jump,45,3,110,64,3,0.3989510045203132,0.021271709002431066,0.4546709423632649,0.015961565321232177,0.01,0.02,0.04,0.03591652325048002,0.03591652325048002
43007,selected_fixed_jump,46,3,111,96,12,1.7468072937768782,0.10970030268005193,1.194717443842594,0.11447803921737588,0.009999999999999998,0.019999999999999997,0.039999999999999994,0.12357809458904952,0.12357809458904952
43007,selected_fixed_jump,47,3,110,96,3,0.20166973949077474,0.01647659991267074,0.3250888701423572,0.008301521978663679,0.009999999999999998,0.019999999999999997,0.039999999999999994,0.023242937590320718,0.023242937590320718
43007,dynamic_parameter_oracle,0,0,101,96,5,0.8525553535401486,0.032867208332513255,0.7115282947752243,0.030739213379297272,0.06000000000000002,0.0024999999999999996,0.15999999999999998,0.06237327753096649,0.06237327753096649
43007,dynamic_parameter_oracle,1,0,111,64,3,0.9153075370419275,0.06742998999904802,0.695261838274054,0.03437698344768887,0.06,0.04,0.16,0.05587498018609284,0.05587498018609284
43007,dynamic_parameter_oracle,2,0,011,96,0,0.7205006555171419,0.053082129133591,0.6379414871560749,0.039627000389832176,0.0024999999999999996,0.039999999999999994,0.15999999999999998,0.001529132562730926,0.001529132562730926
43007,dynamic_parameter_oracle,3,0,111,96,3,0.8460317608170533,0.0493861537999243,0.9119073880613845,0.06419477962312112,0.06000000000000002,0.039999999999999994,0.15999999999999998,0.04455435695135415,0.04455435695135415
43007,dynamic_parameter_oracle,4,0,101,64,3,0.8723259773935297,0.024139844965844738,1.7120013536998793,0.015551291880919757,0.06,0.0025,0.16,0.05530307408874073,0.05530307408874073
43007,dynamic_parameter_oracle,5,0,011,128,2,0.9130748863940661,0.06309128426482973,0.7808929195521301,0.04761729253292423,0.0025,0.04,0.16,0.013776903804642943,0.013776903804642943
43007,dynamic_parameter_oracle,6,0,110,128,9,0.2769989117200361,0.008886440458654162,-0.14023666983792996,0.006416931067636197,0.060000000000000026,0.04,0.01,0.07140872908187954,0.07140872908187954
43007,dynamic_parameter_oracle,7,0,101,128,9,0.8605507020960573,0.03736396260954733,0.8650236479247637,0.06646995976858916,0.060000000000000026,0.0025,0.16,0.07201901536450851,0.07201901536450851
43007,dynamic_parameter_oracle,8,0,111,128,9,1.0427271170564039,0.08065790412832945,1.3709953826892125,0.1403982718004595,0.060000000000000026,0.04,0.16,0.07733297152644114,0.07733297152644114
43007,dynamic_parameter_oracle,9,0,110,64,3,0.4506815527297936,0.00893592299375565,0.6065485560879527,0.009863946671865832,0.06,0.04,0.01,0.06854389064258498,0.06854389064258498
43007,dynamic_parameter_oracle,10,0,110,96,6,0.28536079194542846,0.007652212564815442,0.4074477685290063,0.012633483009970817,0.06000000000000002,0.039999999999999994,0.009999999999999998,0.07260760422710677,0.07260760422710677
43007,dynamic_parameter_oracle,11,0,011,64,0,0.7671669651552162,0.05863165528687135,0.6731793351138387,0.0515809005360902,0.0025,0.04,0.16,0.0010001799340032705,0.0010001799340032705
43007,dynamic_parameter_oracle,12,1,011,128,0,0.8609310044926652,0.0578818290532264,0.8655545741593209,0.03445861580929386,0.0025,0.04,0.16,0.0014821011737945638,0.0014821011737945638
43007,dynamic_parameter_oracle,13,1,110,64,8,0.4458268999841894,0.010521655067777354,0.7650712767545209,0.012136917310712788,0.06,0.04,0.01,0.10356027972410918,0.10356027972410918
43007,dynamic_parameter_oracle,14,1,111,128,9,0.998087464266994,0.06691549960667212,0.9482516685470616,0.07505895935251636,0.060000000000000026,0.04,0.16,0.06452157353811637,0.06452157353811637
43007,dynamic_parameter_oracle,15,1,101,96,5,0.9221947199725987,0.08474572257642692,0.5663922146915599,0.031042265613788513,0.06000000000000002,0.0024999999999999996,0.15999999999999998,0.05758704028482308,0.05758704028482308
43007,dynamic_parameter_oracle,16,1,101,64,2,0.7245184844289934,0.06556819290290365,0.937330151124236,0.06368293626074939,0.06,0.0025,0.16,0.048158763294950745,0.048158763294950745
43007,dynamic_parameter_oracle,17,1,111,64,3,1.0299523251641565,0.11196439360056977,0.9692431918345715,0.08990983775111591,0.06,0.04,0.16,0.06075910334328286,0.06075910334328286
43007,dynamic_parameter_oracle,18,1,011,96,0,0.8034993137507033,0.04528250934787662,0.739334587717787,0.05031239751992534,0.0024999999999999996,0.039999999999999994,0.15999999999999998,0.001389889761523177,0.001389889761523177
43007,dynamic_parameter_oracle,19,1,101,128,11,1.1236279430648042,0.03016888463076661,1.340858111681113,0.05037190589107909,0.060000000000000026,0.0025,0.16,0.09804345879444087,0.09804345879444087
43007,dynamic_parameter_oracle,20,1,011,64,0,0.7348323633510959,0.08332688156659314,0.542589737164092,0.072374646577934,0.0025,0.04,0.16,0.0011976164862246667,0.0011976164862246667
43007,dynamic_parameter_oracle,21,1,110,128,8,0.32213534424790047,0.00921367705642645,0.189633146395401,0.0075374379358839816,0.060000000000000026,0.04,0.01,0.07288432660607065,0.07288432660607065
43007,dynamic_parameter_oracle,22,1,110,96,4,0.2780388866982674,0.008912480546335795,1.0829499396066624,0.0071326903695125565,0.06000000000000002,0.039999999999999994,0.009999999999999998,0.05847127927433408,0.05847127927433408
43007,dynamic_parameter_oracle,23,1,111,96,3,0.9736356227056454,0.06785066237222799,1.076517308281181,0.11672410052046903,0.06000000000000002,0.039999999999999994,0.15999999999999998,0.023949872394814675,0.023949872394814675
43007,dynamic_parameter_oracle,24,2,101,96,4,0.7919720938156241,0.022542210434374415,0.6273065187251916,0.010903589444918108,0.06000000000000002,0.0024999999999999996,0.15999999999999998,0.03779154049532559,0.03779154049532559
43007,dynamic_parameter_oracle,25,2,101,128,11,1.005874997429522,0.0547478456573255,0.7276759588393207,0.055038421081826494,0.060000000000000026,0.0025,0.16,0.0808949759393443,0.0808949759393443
43007,dynamic_parameter_oracle,26,2,111,64,4,1.0177484093454066,0.10581370340151486,0.9988231746580232,0.11859242107418368,0.06,0.04,0.16,0.07237589025086422,0.07237589025086422
43007,dynamic_parameter_oracle,27,2,110,96,4,0.28695927372097363,0.008930728477828746,0.6337978151437335,0.009321145262608528,0.06000000000000002,0.039999999999999994,0.009999999999999998,0.0490108616931564,0.0490108616931564
43007,dynamic_parameter_oracle,28,2,101,64,5,0.9754766478220578,0.05245949801906024,0.9210800577101704,0.08376732467423717,0.06,0.0025,0.16,0.07906510554155881,0.07906510554155881
43007,dynamic_parameter_oracle,29,2,011,64,0,0.7350570130282241,0.061726916836990164,0.6112409619811463,0.05326071654007899,0.0025,0.04,0.16,0.001750980429191939,0.001750980429191939
43007,dynamic_parameter_oracle,30,2,111,96,5,0.8761281922919965,0.04654931459341669,1.0483529891554126,0.045354683780797427,0.06000000000000002,0.039999999999999994,0.15999999999999998,0.06382938108354666,0.06382938108354666
43007,dynamic_parameter_oracle,31,2,011,96,0,0.7089407433738028,0.0471587681767738,0.9348806343787355,0.03208536642447959,0.0024999999999999996,0.039999999999999994,0.15999999999999998,0.00013828450203529825,0.00013828450203529825
43007,dynamic_parameter_oracle,32,2,111,128,4,0.9951883935360153,0.06322154507518643,1.0146976383773503,0.028012005628364117,0.060000000000000026,0.04,0.16,0.03836907967218835,0.03836907967218835
43007,dynamic_parameter_oracle,33,2,110,64,3,0.26231635538912607,0.0064391819623225545,0.011550706446087251,0.008035263709460066,0.06,0.04,0.01,0.04711222378848856,0.04711222378848856
43007,dynamic_parameter_oracle,34,2,011,128,0,0.7111617099881159,0.08391266476709644,0.7295138807553079,0.14483351930015398,0.0025,0.04,0.16,0.0008633974240613871,0.0008633974240613871
43007,dynamic_parameter_oracle,35,2,110,128,9,0.3555772974808533,0.008427197915287812,0.38443424313793684,0.010641014577973383,0.060000000000000026,0.04,0.01,0.0718812788077754,0.0718812788077754
43007,dynamic_parameter_oracle,36,3,101,64,6,1.0791127022201015,0.11221338259595667,0.5861875027197695,0.1557661390233245,0.06,0.0025,0.16,0.07619665744726847,0.07619665744726847
43007,dynamic_parameter_oracle,37,3,101,128,13,1.0033865498951529,0.06103512152889105,0.8295390244036712,0.03909766967779928,0.060000000000000026,0.0025,0.16,0.08277147350830422,0.08277147350830422
43007,dynamic_parameter_oracle,38,3,011,64,0,0.6990852426324752,0.05288109909269895,0.7369359110544125,0.07550688952611265,0.0025,0.04,0.16,0.0005431354187092854,0.0005431354187092854
43007,dynamic_parameter_oracle,39,3,101,96,7,0.8993466590555372,0.07794000404389458,0.6496093661278091,0.05681277311199197,0.06000000000000002,0.0024999999999999996,0.15999999999999998,0.051847540707134536,0.051847540707134536
43007,dynamic_parameter_oracle,40,3,011,96,0,0.7483914597786855,0.0638003804880738,0.8270208123775766,0.029478813006307454,0.0024999999999999996,0.039999999999999994,0.15999999999999998,0.0009844785993954844,0.0009844785993954844
43007,dynamic_parameter_oracle,41,3,111,128,6,0.9569494759734541,0.09849687184890442,1.0092110487660717,0.1211162866418776,0.060000000000000026,0.04,0.16,0.04371138411475699,0.04371138411475699
43007,dynamic_parameter_oracle,42,3,011,128,1,0.8417708158043509,0.05689587662721826,0.622582856043854,0.08129110761757129,0.0025,0.04,0.16,0.00678003622535032,0.00678003622535032
43007,dynamic_parameter_oracle,43,3,111,64,3,0.9764007802425637,0.07615961053386947,0.8004826557418561,0.06646494196937262,0.06,0.04,0.16,0.05706052015263036,0.05706052015263036
43007,dynamic_parameter_oracle,44,3,110,128,4,0.28233576280605277,0.008641719345360335,0.7434136823674404,0.014027270124932132,0.060000000000000026,0.04,0.01,0.04626404600049617,0.04626404600049617
43007,dynamic_parameter_oracle,45,3,110,64,3,0.2216956291488565,0.009025905255649263,0.22274816378931916,0.010436687341278762,0.06,0.04,0.01,0.052545338569239305,0.052545338569239305
43007,dynamic_parameter_oracle,46,3,111,96,12,1.1648221794761369,0.1039350259714092,0.9425811307319009,0.10076726602427774,0.06000000000000002,0.039999999999999994,0.15999999999999998,0.09570955053481338,0.09570955053481338
43007,dynamic_parameter_oracle,47,3,110,96,3,0.116526967059927,0.007735009039589083,0.20739304991246812,0.005429325741877237,0.06000000000000002,0.039999999999999994,0.009999999999999998,0.03614713102083956,0.03614713102083956
