seed,relative_path,size_bytes,sha256
9200,run_receipts/seed_9200/config.json,2486,293ac626d43ee7e7cd8659303f740bb08e15d66bd6f5d8ffde8b7d214884927b
9200,run_receipts/seed_9200/environment.json,556,245ef1d216f492749984bcefeb33569146dbd64b8c76958ba5c4cc234085f4e1
9200,run_receipts/seed_9200/manifest.json,1822,de683b9a433a6fd80cd2ebc22aa8d2c6f50bb72627b31a0b28f304cac18e5882
9200,run_receipts/seed_9200/metrics.jsonl,2211877,5aa19dbc08a648624df4ead361fef52ca02aff806bae2b6d853e4260322a5956
9200,run_receipts/seed_9200/planned_conditions.json,225217,383a127607d224c811f1bdcfa081381837be9fbba17e47690862cf0761563a0f
9200,run_receipts/seed_9200/run.log,84,c0505edcd1857d1fdf990caf1b9de36403e16da24ba148bbe4bbf53baac76246
9200,run_receipts/seed_9200/status.json,271,bad06c450c17a6edd1ff5ade85b63be8beb76df9e7e24eb6cd2abaf4c7de335a
9201,run_receipts/seed_9201/config.json,2486,3dc69e1038db3bbd90d3af9203c8428dde6523c33d2b82d6eeb30e70128b5b9c
9201,run_receipts/seed_9201/environment.json,556,245ef1d216f492749984bcefeb33569146dbd64b8c76958ba5c4cc234085f4e1
9201,run_receipts/seed_9201/manifest.json,1822,039e853069bccd04f79928db13659efa8cf3c06a7561c337d59602cd32b98521
9201,run_receipts/seed_9201/metrics.jsonl,2212309,f8bdbf436af02afbff5c9a3e9f8f76fca15c4e65ee4f3d75a3c9856bdb9b2bf5
9201,run_receipts/seed_9201/planned_conditions.json,225217,383a127607d224c811f1bdcfa081381837be9fbba17e47690862cf0761563a0f
9201,run_receipts/seed_9201/run.log,84,78a04475d5ecd1c368e0422fcc7823706d1cd0066b5769a85ebea46059af1a18
9201,run_receipts/seed_9201/status.json,271,0dc6a19965926397c3eedf0428ef3f517dbddcb05c50a56b347edfedfb877209
9202,run_receipts/seed_9202/config.json,2486,dbaaa755e690b458ba5ee2e96f06704b7438e4c5977f654ed40b48514ac239ef
9202,run_receipts/seed_9202/environment.json,556,245ef1d216f492749984bcefeb33569146dbd64b8c76958ba5c4cc234085f4e1
9202,run_receipts/seed_9202/manifest.json,1822,cb01d01245adbb09a8db78aec4ac536e174894526629428d69d6b93df373a16d
9202,run_receipts/seed_9202/metrics.jsonl,2211941,8d3402ef7657de1ee1febb1144f48c5b51e167ceec09b97cb64fb9a9cd3c6131
9202,run_receipts/seed_9202/planned_conditions.json,225217,383a127607d224c811f1bdcfa081381837be9fbba17e47690862cf0761563a0f
9202,run_receipts/seed_9202/run.log,84,9e67a71136325f233699b6b7eb88dc20e997a883524cf0d9b294a258311bc0b3
9202,run_receipts/seed_9202/status.json,271,786bef543cfc9eb4a5a53ef246f510d29adbea7428c629c3f5bb155d98642f79
9203,run_receipts/seed_9203/config.json,2486,59fcc32fd26792a9f80f9dfec95880a0dd996b70758e7818c30d8105c877dff8
9203,run_receipts/seed_9203/environment.json,556,245ef1d216f492749984bcefeb33569146dbd64b8c76958ba5c4cc234085f4e1
9203,run_receipts/seed_9203/manifest.json,1822,e9f9e90b27651b71c37a696b2c16e86637cc572ca9b9cfa108493ac13046f666
9203,run_receipts/seed_9203/metrics.jsonl,2215190,5e9be6185767d0ab8af420359dadda3121a67d3475389760b8fb63ed24893455
9203,run_receipts/seed_9203/planned_conditions.json,225217,383a127607d224c811f1bdcfa081381837be9fbba17e47690862cf0761563a0f
9203,run_receipts/seed_9203/run.log,84,4fe79a6ba1daba47e8b8db252e15f6c1888b8db3a27ef5c3b423cb2a29221222
9203,run_receipts/seed_9203/status.json,270,6c8031bbf52333696f66a815a1c97aa786d566de677f3018308e616e03a97d38
9204,run_receipts/seed_9204/config.json,2486,7fdd2838341ede16931ee72cd63224509a8210ceac8898815e4b316f12d7cd57
9204,run_receipts/seed_9204/environment.json,556,245ef1d216f492749984bcefeb33569146dbd64b8c76958ba5c4cc234085f4e1
9204,run_receipts/seed_9204/manifest.json,1822,6ea05a3f04fa216c6356aa697fd194491f7983cf0267791778e47c9f34ab3704
9204,run_receipts/seed_9204/metrics.jsonl,2211899,7892c2a63a73c92c27d9695d8c97fbae9a01a0daab07f2ac40a0cb4adfdd80b6
9204,run_receipts/seed_9204/planned_conditions.json,225217,383a127607d224c811f1bdcfa081381837be9fbba17e47690862cf0761563a0f
9204,run_receipts/seed_9204/run.log,84,c4cf985faae1422d5284e9a38dffd1ef4fa452d9ab4e5f716b682c2a4f793720
9204,run_receipts/seed_9204/status.json,271,b014c566e891e328dcfd9754847330116913fd32b54b3d7d8bb9c8cf65756077
