analysis_fingerprint,data_fingerprint,dataset_pair,profile,computational_seed,latent_dim,shared_minus_common_nll,shared_minus_separate_nll,retained_switching_gain,random_minus_shared_nll,orthogonal_minus_shared_nll,shuffled_minus_shared_nll,shared_parameter_fraction_of_separate
a22062f9bfdb67fa59b7fa12cd9765583b5d11b073a1abdd6b722b38b6032a35,86cdca0dfb8317686a405ef5dfe5eb2f459b448d83c0b8de0f76f04d1240fbe4,visual_responding__visual_spontaneous,formal,0,1,0.00013060061262271105,-0.035876811697250405,,0.001535348605134601,0.0011808313357598577,0.0008481060028344145,0.5744444444444444
a22062f9bfdb67fa59b7fa12cd9765583b5d11b073a1abdd6b722b38b6032a35,86cdca0dfb8317686a405ef5dfe5eb2f459b448d83c0b8de0f76f04d1240fbe4,visual_responding__visual_spontaneous,formal,0,2,0.00023610831709169888,-0.03543721546673728,,0.0017960089964821901,0.0009761425601285123,0.0010631852998882474,0.5619621342512908
a22062f9bfdb67fa59b7fa12cd9765583b5d11b073a1abdd6b722b38b6032a35,86cdca0dfb8317686a405ef5dfe5eb2f459b448d83c0b8de0f76f04d1240fbe4,visual_responding__visual_spontaneous,formal,0,4,0.00027627869108226566,-0.03556939336663753,,0.0028158530689145755,0.002796661070322004,0.002250589018411464,0.5520094562647754
a22062f9bfdb67fa59b7fa12cd9765583b5d11b073a1abdd6b722b38b6032a35,86cdca0dfb8317686a405ef5dfe5eb2f459b448d83c0b8de0f76f04d1240fbe4,visual_responding__visual_spontaneous,formal,0,8,0.00019877502953258297,-0.03596229036966575,,0.00251109449524059,0.0034589480755681523,0.0019610790821306123,0.5518731988472623
a22062f9bfdb67fa59b7fa12cd9765583b5d11b073a1abdd6b722b38b6032a35,86cdca0dfb8317686a405ef5dfe5eb2f459b448d83c0b8de0f76f04d1240fbe4,visual_responding__visual_spontaneous,formal,0,16,9.665660420504762e-05,-0.03751469079893255,,0.0010154503596058462,0.0044911480719281305,5.358396676985455e-05,0.5698412698412698
a22062f9bfdb67fa59b7fa12cd9765583b5d11b073a1abdd6b722b38b6032a35,86cdca0dfb8317686a405ef5dfe5eb2f459b448d83c0b8de0f76f04d1240fbe4,visual_responding__visual_spontaneous,formal,0,32,0.0002902904946988083,-0.04055024064754045,,-0.006068789352141224,-0.0005211336290688595,-0.007720771259739245,0.6157556270096463
a22062f9bfdb67fa59b7fa12cd9765583b5d11b073a1abdd6b722b38b6032a35,86cdca0dfb8317686a405ef5dfe5eb2f459b448d83c0b8de0f76f04d1240fbe4,visual_responding__visual_spontaneous,formal,1,1,5.6485620494095556e-05,-0.013799160816409112,,0.0016520420406392067,0.0009933125147515154,0.0012041210958559645,0.5744444444444444
a22062f9bfdb67fa59b7fa12cd9765583b5d11b073a1abdd6b722b38b6032a35,86cdca0dfb8317686a405ef5dfe5eb2f459b448d83c0b8de0f76f04d1240fbe4,visual_responding__visual_spontaneous,formal,1,2,0.00014007381886155246,-0.013762644802036483,,0.002442205587688401,0.001991854734543441,0.001862062434712125,0.5619621342512908
a22062f9bfdb67fa59b7fa12cd9765583b5d11b073a1abdd6b722b38b6032a35,86cdca0dfb8317686a405ef5dfe5eb2f459b448d83c0b8de0f76f04d1240fbe4,visual_responding__visual_spontaneous,formal,1,4,0.00010159678009205586,-0.013657169491889776,,0.0027482401859497685,0.0029194966556989332,0.002454032545092605,0.5520094562647754
a22062f9bfdb67fa59b7fa12cd9765583b5d11b073a1abdd6b722b38b6032a35,86cdca0dfb8317686a405ef5dfe5eb2f459b448d83c0b8de0f76f04d1240fbe4,visual_responding__visual_spontaneous,formal,1,8,8.676865873144535e-05,-0.014176416577720535,,0.002913107649001656,0.004158771525540839,0.0026648487706115997,0.5518731988472623
a22062f9bfdb67fa59b7fa12cd9765583b5d11b073a1abdd6b722b38b6032a35,86cdca0dfb8317686a405ef5dfe5eb2f459b448d83c0b8de0f76f04d1240fbe4,visual_responding__visual_spontaneous,formal,1,16,-4.8296420510324234e-05,-0.015710864677821457,,0.0007311457689753442,0.004691163283759764,0.00045085436019995373,0.5698412698412698
a22062f9bfdb67fa59b7fa12cd9765583b5d11b073a1abdd6b722b38b6032a35,86cdca0dfb8317686a405ef5dfe5eb2f459b448d83c0b8de0f76f04d1240fbe4,visual_responding__visual_spontaneous,formal,1,32,4.1798700965295366e-05,-0.01754151882224453,,-0.006278200814482743,-0.0017048249917306357,-0.007363966087536228,0.6157556270096463
a22062f9bfdb67fa59b7fa12cd9765583b5d11b073a1abdd6b722b38b6032a35,86cdca0dfb8317686a405ef5dfe5eb2f459b448d83c0b8de0f76f04d1240fbe4,visual_responding__visual_spontaneous,formal,2,1,0.0002294765464435633,-0.011948000321547442,,0.0020265678060054915,0.001483639779607998,0.0008377833394106748,0.5744444444444444
a22062f9bfdb67fa59b7fa12cd9765583b5d11b073a1abdd6b722b38b6032a35,86cdca0dfb8317686a405ef5dfe5eb2f459b448d83c0b8de0f76f04d1240fbe4,visual_responding__visual_spontaneous,formal,2,2,0.00023640429901716775,-0.012277279546076825,,0.002437708031272884,0.0022576335070181586,0.001259330355802224,0.5619621342512908
a22062f9bfdb67fa59b7fa12cd9765583b5d11b073a1abdd6b722b38b6032a35,86cdca0dfb8317686a405ef5dfe5eb2f459b448d83c0b8de0f76f04d1240fbe4,visual_responding__visual_spontaneous,formal,2,4,0.00017022677650790907,-0.012507099173401759,,0.0029428499339633485,0.0034089338920918755,0.0014300337201971214,0.5520094562647754
a22062f9bfdb67fa59b7fa12cd9765583b5d11b073a1abdd6b722b38b6032a35,86cdca0dfb8317686a405ef5dfe5eb2f459b448d83c0b8de0f76f04d1240fbe4,visual_responding__visual_spontaneous,formal,2,8,8.942588328442191e-05,-0.012997105882454951,,0.002336415577336798,0.0034779507505870444,0.0008818868968152593,0.5518731988472623
a22062f9bfdb67fa59b7fa12cd9765583b5d11b073a1abdd6b722b38b6032a35,86cdca0dfb8317686a405ef5dfe5eb2f459b448d83c0b8de0f76f04d1240fbe4,visual_responding__visual_spontaneous,formal,2,16,5.918004273927635e-05,-0.014734418321554255,,-0.0003894704677158689,0.0028397724796880297,-0.0017324741424977197,0.5698412698412698
a22062f9bfdb67fa59b7fa12cd9765583b5d11b073a1abdd6b722b38b6032a35,86cdca0dfb8317686a405ef5dfe5eb2f459b448d83c0b8de0f76f04d1240fbe4,visual_responding__visual_spontaneous,formal,2,32,0.00017285364500943534,-0.017288295284632715,,-0.007630683409467404,-0.0025409581048102814,-0.009383919528559076,0.6157556270096463
a22062f9bfdb67fa59b7fa12cd9765583b5d11b073a1abdd6b722b38b6032a35,86cdca0dfb8317686a405ef5dfe5eb2f459b448d83c0b8de0f76f04d1240fbe4,visual_responding__visual_spontaneous,formal,3,1,0.00027178087703097487,-0.02153232409643077,,0.0016247663049568095,0.0014841843726056403,0.0007558010373944768,0.5744444444444444
a22062f9bfdb67fa59b7fa12cd9765583b5d11b073a1abdd6b722b38b6032a35,86cdca0dfb8317686a405ef5dfe5eb2f459b448d83c0b8de0f76f04d1240fbe4,visual_responding__visual_spontaneous,formal,3,2,0.00029361502517344373,-0.02123400105587836,,0.0017788236430006377,0.0021852077374873713,0.0009374361851513247,0.5619621342512908
a22062f9bfdb67fa59b7fa12cd9765583b5d11b073a1abdd6b722b38b6032a35,86cdca0dfb8317686a405ef5dfe5eb2f459b448d83c0b8de0f76f04d1240fbe4,visual_responding__visual_spontaneous,formal,3,4,0.0003465297064488282,-0.02051100547801324,,0.0017072865266734016,0.0014853961668639948,0.0005977206831652426,0.5520094562647754
a22062f9bfdb67fa59b7fa12cd9765583b5d11b073a1abdd6b722b38b6032a35,86cdca0dfb8317686a405ef5dfe5eb2f459b448d83c0b8de0f76f04d1240fbe4,visual_responding__visual_spontaneous,formal,3,8,0.0003551940135818332,-0.021064118397665504,,0.0011875308818725394,0.002513804750906651,0.0003457181662222253,0.5518731988472623
a22062f9bfdb67fa59b7fa12cd9765583b5d11b073a1abdd6b722b38b6032a35,86cdca0dfb8317686a405ef5dfe5eb2f459b448d83c0b8de0f76f04d1240fbe4,visual_responding__visual_spontaneous,formal,3,16,0.00044304423642016477,-0.022974128323489912,,-0.0013028349883928148,0.0026659362799453523,-0.0017538336638659169,0.5698412698412698
a22062f9bfdb67fa59b7fa12cd9765583b5d11b073a1abdd6b722b38b6032a35,86cdca0dfb8317686a405ef5dfe5eb2f459b448d83c0b8de0f76f04d1240fbe4,visual_responding__visual_spontaneous,formal,3,32,0.0006559672412572437,-0.026017075458844158,,-0.009082264353926506,-0.0033893034520115772,-0.009807359860942944,0.6157556270096463
a22062f9bfdb67fa59b7fa12cd9765583b5d11b073a1abdd6b722b38b6032a35,86cdca0dfb8317686a405ef5dfe5eb2f459b448d83c0b8de0f76f04d1240fbe4,visual_responding__visual_spontaneous,formal,4,1,0.00012745900906693808,-0.01656843543869524,,0.0015020075021600077,0.0012339471795803636,0.0006270970420844402,0.5744444444444444
a22062f9bfdb67fa59b7fa12cd9765583b5d11b073a1abdd6b722b38b6032a35,86cdca0dfb8317686a405ef5dfe5eb2f459b448d83c0b8de0f76f04d1240fbe4,visual_responding__visual_spontaneous,formal,4,2,0.00019718214107750098,-0.01661069428917039,,0.0015713497553945799,0.001219295992374192,0.000805818394080976,0.5619621342512908
a22062f9bfdb67fa59b7fa12cd9765583b5d11b073a1abdd6b722b38b6032a35,86cdca0dfb8317686a405ef5dfe5eb2f459b448d83c0b8de0f76f04d1240fbe4,visual_responding__visual_spontaneous,formal,4,4,0.00017314969806006553,-0.016735125420899527,,0.0020047052340032845,0.0022903638298935602,0.0012094552891298849,0.5520094562647754
a22062f9bfdb67fa59b7fa12cd9765583b5d11b073a1abdd6b722b38b6032a35,86cdca0dfb8317686a405ef5dfe5eb2f459b448d83c0b8de0f76f04d1240fbe4,visual_responding__visual_spontaneous,formal,4,8,0.00013929157004488602,-0.017071642381099983,,0.0016067417959444996,0.0029907265926560345,0.0007992824580852487,0.5518731988472623
a22062f9bfdb67fa59b7fa12cd9765583b5d11b073a1abdd6b722b38b6032a35,86cdca0dfb8317686a405ef5dfe5eb2f459b448d83c0b8de0f76f04d1240fbe4,visual_responding__visual_spontaneous,formal,4,16,0.00016071417842655755,-0.01862608143764352,,-0.001146742033598075,0.002509465449972742,-0.001562508538766938,0.5698412698412698
a22062f9bfdb67fa59b7fa12cd9765583b5d11b073a1abdd6b722b38b6032a35,86cdca0dfb8317686a405ef5dfe5eb2f459b448d83c0b8de0f76f04d1240fbe4,visual_responding__visual_spontaneous,formal,4,32,0.00026877325185048484,-0.02142987004637706,,-0.0076847675320380615,-0.0028648863536827607,-0.008782649354308947,0.6157556270096463
a22062f9bfdb67fa59b7fa12cd9765583b5d11b073a1abdd6b722b38b6032a35,86cdca0dfb8317686a405ef5dfe5eb2f459b448d83c0b8de0f76f04d1240fbe4,visual_responding__visual_spontaneous,formal,5,1,0.00022438364837024105,-0.013698134667706141,,0.0017851480833361855,0.0016568966092851412,0.0007371346017426283,0.5744444444444444
a22062f9bfdb67fa59b7fa12cd9765583b5d11b073a1abdd6b722b38b6032a35,86cdca0dfb8317686a405ef5dfe5eb2f459b448d83c0b8de0f76f04d1240fbe4,visual_responding__visual_spontaneous,formal,5,2,0.0002355249287969985,-0.013566631423807762,,0.0017556568010234641,0.0022200343461731276,0.0008955047147526929,0.5619621342512908
a22062f9bfdb67fa59b7fa12cd9765583b5d11b073a1abdd6b722b38b6032a35,86cdca0dfb8317686a405ef5dfe5eb2f459b448d83c0b8de0f76f04d1240fbe4,visual_responding__visual_spontaneous,formal,5,4,0.0002853738247903248,-0.01331042464127874,,0.0017554289861665406,0.0022670825905243552,0.0004992950175405075,0.5520094562647754
a22062f9bfdb67fa59b7fa12cd9765583b5d11b073a1abdd6b722b38b6032a35,86cdca0dfb8317686a405ef5dfe5eb2f459b448d83c0b8de0f76f04d1240fbe4,visual_responding__visual_spontaneous,formal,5,8,0.00031649516282949985,-0.013604909150409655,,0.0010262169324097847,0.0024322926985397286,-0.00017292956993872344,0.5518731988472623
a22062f9bfdb67fa59b7fa12cd9765583b5d11b073a1abdd6b722b38b6032a35,86cdca0dfb8317686a405ef5dfe5eb2f459b448d83c0b8de0f76f04d1240fbe4,visual_responding__visual_spontaneous,formal,5,16,0.00033941363058848095,-0.015323017131974648,,-0.0011261013780692608,0.0020737179938676575,-0.002250604304026821,0.5698412698412698
a22062f9bfdb67fa59b7fa12cd9765583b5d11b073a1abdd6b722b38b6032a35,86cdca0dfb8317686a405ef5dfe5eb2f459b448d83c0b8de0f76f04d1240fbe4,visual_responding__visual_spontaneous,formal,5,32,0.0005741152675405314,-0.01686881042957572,,-0.00911038246087531,-0.004765326542232939,-0.010273576650956184,0.6157556270096463
a22062f9bfdb67fa59b7fa12cd9765583b5d11b073a1abdd6b722b38b6032a35,86cdca0dfb8317686a405ef5dfe5eb2f459b448d83c0b8de0f76f04d1240fbe4,visual_responding__visual_spontaneous,formal,6,1,0.00013097547427082246,-0.014698694214689029,,0.001623503682451094,0.0006588724978148219,0.0008909951707228303,0.5744444444444444
a22062f9bfdb67fa59b7fa12cd9765583b5d11b073a1abdd6b722b38b6032a35,86cdca0dfb8317686a405ef5dfe5eb2f459b448d83c0b8de0f76f04d1240fbe4,visual_responding__visual_spontaneous,formal,6,2,0.000207433648499733,-0.015083061787719648,,0.0024920055597475177,0.0016849792120030294,0.0017739039139220425,0.5619621342512908
a22062f9bfdb67fa59b7fa12cd9765583b5d11b073a1abdd6b722b38b6032a35,86cdca0dfb8317686a405ef5dfe5eb2f459b448d83c0b8de0f76f04d1240fbe4,visual_responding__visual_spontaneous,formal,6,4,0.00023663462323048057,-0.015458774226467908,,0.003248075191192412,0.003625049311223677,0.0029470296413919572,0.5520094562647754
a22062f9bfdb67fa59b7fa12cd9765583b5d11b073a1abdd6b722b38b6032a35,86cdca0dfb8317686a405ef5dfe5eb2f459b448d83c0b8de0f76f04d1240fbe4,visual_responding__visual_spontaneous,formal,6,8,0.0002724640662042921,-0.015914795465654302,,0.0030791809970068806,0.004670869905792907,0.002380181917762958,0.5518731988472623
a22062f9bfdb67fa59b7fa12cd9765583b5d11b073a1abdd6b722b38b6032a35,86cdca0dfb8317686a405ef5dfe5eb2f459b448d83c0b8de0f76f04d1240fbe4,visual_responding__visual_spontaneous,formal,6,16,0.0003122844478692377,-0.016711043480664295,,0.0007232334258917561,0.004294260538888789,-9.719122435636329e-05,0.5698412698412698
a22062f9bfdb67fa59b7fa12cd9765583b5d11b073a1abdd6b722b38b6032a35,86cdca0dfb8317686a405ef5dfe5eb2f459b448d83c0b8de0f76f04d1240fbe4,visual_responding__visual_spontaneous,formal,6,32,0.0005169719363200542,-0.018913249496923384,,-0.00721986944146305,-0.0017619510926442095,-0.0077081653809418504,0.6157556270096463
a22062f9bfdb67fa59b7fa12cd9765583b5d11b073a1abdd6b722b38b6032a35,86cdca0dfb8317686a405ef5dfe5eb2f459b448d83c0b8de0f76f04d1240fbe4,visual_responding__visual_spontaneous,formal,7,1,0.00015737373630519969,-0.018094280737213753,,0.0016510551832928377,0.0009953379576104204,0.0010315133085104233,0.5744444444444444
a22062f9bfdb67fa59b7fa12cd9765583b5d11b073a1abdd6b722b38b6032a35,86cdca0dfb8317686a405ef5dfe5eb2f459b448d83c0b8de0f76f04d1240fbe4,visual_responding__visual_spontaneous,formal,7,2,0.00020987894936558282,-0.018146179673638768,,0.002533084411644737,0.0025283025876237097,0.0016360438773949382,0.5619621342512908
a22062f9bfdb67fa59b7fa12cd9765583b5d11b073a1abdd6b722b38b6032a35,86cdca0dfb8317686a405ef5dfe5eb2f459b448d83c0b8de0f76f04d1240fbe4,visual_responding__visual_spontaneous,formal,7,4,0.00022107821356015522,-0.018016435059210356,,0.0024294885076499295,0.002971120233130564,0.0015333643197885938,0.5520094562647754
a22062f9bfdb67fa59b7fa12cd9765583b5d11b073a1abdd6b722b38b6032a35,86cdca0dfb8317686a405ef5dfe5eb2f459b448d83c0b8de0f76f04d1240fbe4,visual_responding__visual_spontaneous,formal,7,8,0.0002899160242532117,-0.018434744778686424,,0.0016680639360624472,0.0034313326199489347,0.0008774248069792212,0.5518731988472623
a22062f9bfdb67fa59b7fa12cd9765583b5d11b073a1abdd6b722b38b6032a35,86cdca0dfb8317686a405ef5dfe5eb2f459b448d83c0b8de0f76f04d1240fbe4,visual_responding__visual_spontaneous,formal,7,16,0.00030257967250746365,-0.0199389156961996,,-0.00032237961865283493,0.0035381232872471746,-0.0015297215285905441,0.5698412698412698
a22062f9bfdb67fa59b7fa12cd9765583b5d11b073a1abdd6b722b38b6032a35,86cdca0dfb8317686a405ef5dfe5eb2f459b448d83c0b8de0f76f04d1240fbe4,visual_responding__visual_spontaneous,formal,7,32,0.0005441399406597158,-0.02126188232239387,,-0.008555241557983734,-0.004116592664195118,-0.009919557464042716,0.6157556270096463
a22062f9bfdb67fa59b7fa12cd9765583b5d11b073a1abdd6b722b38b6032a35,86cdca0dfb8317686a405ef5dfe5eb2f459b448d83c0b8de0f76f04d1240fbe4,visual_responding__visual_spontaneous,formal,8,1,0.0002693940224540725,-0.013687810688120583,,0.0015706389685576638,0.001475251428450508,0.0008125928791718473,0.5744444444444444
a22062f9bfdb67fa59b7fa12cd9765583b5d11b073a1abdd6b722b38b6032a35,86cdca0dfb8317686a405ef5dfe5eb2f459b448d83c0b8de0f76f04d1240fbe4,visual_responding__visual_spontaneous,formal,8,2,0.00028839288850665556,-0.012821637888264487,,0.001863915190733395,0.001327136550825142,0.0009040805180962064,0.5619621342512908
a22062f9bfdb67fa59b7fa12cd9765583b5d11b073a1abdd6b722b38b6032a35,86cdca0dfb8317686a405ef5dfe5eb2f459b448d83c0b8de0f76f04d1240fbe4,visual_responding__visual_spontaneous,formal,8,4,0.0002910286716453214,-0.012881527495635758,,0.002344935165231876,0.002274268543335789,0.0013832554250029216,0.5520094562647754
a22062f9bfdb67fa59b7fa12cd9765583b5d11b073a1abdd6b722b38b6032a35,86cdca0dfb8317686a405ef5dfe5eb2f459b448d83c0b8de0f76f04d1240fbe4,visual_responding__visual_spontaneous,formal,8,8,0.00018955586070945607,-0.014471880073874538,,0.0022020971038737847,0.0036696410994574713,0.0016268477150381544,0.5518731988472623
a22062f9bfdb67fa59b7fa12cd9765583b5d11b073a1abdd6b722b38b6032a35,86cdca0dfb8317686a405ef5dfe5eb2f459b448d83c0b8de0f76f04d1240fbe4,visual_responding__visual_spontaneous,formal,8,16,0.00018079785023855655,-0.01572758919148809,,0.000307124254979696,0.004497062314950284,-0.0006370085208358134,0.5698412698412698
a22062f9bfdb67fa59b7fa12cd9765583b5d11b073a1abdd6b722b38b6032a35,86cdca0dfb8317686a405ef5dfe5eb2f459b448d83c0b8de0f76f04d1240fbe4,visual_responding__visual_spontaneous,formal,8,32,0.0004139850278795376,-0.01688037803032008,,-0.007708740766978445,-0.0032068333089783907,-0.009350134520468234,0.6157556270096463
a22062f9bfdb67fa59b7fa12cd9765583b5d11b073a1abdd6b722b38b6032a35,86cdca0dfb8317686a405ef5dfe5eb2f459b448d83c0b8de0f76f04d1240fbe4,visual_responding__visual_spontaneous,formal,9,1,7.07497935870105e-05,-0.024330808675809612,,0.0022440371673032034,0.001577456604578642,0.0015862279328697215,0.5744444444444444
a22062f9bfdb67fa59b7fa12cd9765583b5d11b073a1abdd6b722b38b6032a35,86cdca0dfb8317686a405ef5dfe5eb2f459b448d83c0b8de0f76f04d1240fbe4,visual_responding__visual_spontaneous,formal,9,2,0.00010315271454308661,-0.02378179570272121,,0.0029662339993734577,0.00244965022533733,0.0021354566794965224,0.5619621342512908
a22062f9bfdb67fa59b7fa12cd9765583b5d11b073a1abdd6b722b38b6032a35,86cdca0dfb8317686a405ef5dfe5eb2f459b448d83c0b8de0f76f04d1240fbe4,visual_responding__visual_spontaneous,formal,9,4,1.3945470343335042e-05,-0.023955294597026805,,0.003589180633563893,0.0033307465414001702,0.0027757376503219633,0.5520094562647754
a22062f9bfdb67fa59b7fa12cd9765583b5d11b073a1abdd6b722b38b6032a35,86cdca0dfb8317686a405ef5dfe5eb2f459b448d83c0b8de0f76f04d1240fbe4,visual_responding__visual_spontaneous,formal,9,8,-7.438463817541208e-05,-0.024360972530330288,,0.0037830150040856214,0.005036769929612717,0.0028566369793920354,0.5518731988472623
a22062f9bfdb67fa59b7fa12cd9765583b5d11b073a1abdd6b722b38b6032a35,86cdca0dfb8317686a405ef5dfe5eb2f459b448d83c0b8de0f76f04d1240fbe4,visual_responding__visual_spontaneous,formal,9,16,-0.00018135133725474817,-0.025555563505370138,,0.0018398245544546388,0.004964120092764368,0.001081041988073711,0.5698412698412698
a22062f9bfdb67fa59b7fa12cd9765583b5d11b073a1abdd6b722b38b6032a35,86cdca0dfb8317686a405ef5dfe5eb2f459b448d83c0b8de0f76f04d1240fbe4,visual_responding__visual_spontaneous,formal,9,32,-0.00013555822163224818,-0.02897436775593079,,-0.004935702880602744,0.0006609109615980657,-0.006101293604359875,0.6157556270096463
a22062f9bfdb67fa59b7fa12cd9765583b5d11b073a1abdd6b722b38b6032a35,86cdca0dfb8317686a405ef5dfe5eb2f459b448d83c0b8de0f76f04d1240fbe4,visual_responding__visual_spontaneous,formal,10,1,0.0002453583573989171,-0.017542797160920776,,0.002101132002191003,0.0015939160836012933,0.001153494718664494,0.5744444444444444
a22062f9bfdb67fa59b7fa12cd9765583b5d11b073a1abdd6b722b38b6032a35,86cdca0dfb8317686a405ef5dfe5eb2f459b448d83c0b8de0f76f04d1240fbe4,visual_responding__visual_spontaneous,formal,10,2,0.0002783596986638548,-0.01751558063812922,,0.0024284201655074833,0.002187295153609853,0.0015832124336494502,0.5619621342512908
a22062f9bfdb67fa59b7fa12cd9765583b5d11b073a1abdd6b722b38b6032a35,86cdca0dfb8317686a405ef5dfe5eb2f459b448d83c0b8de0f76f04d1240fbe4,visual_responding__visual_spontaneous,formal,10,4,0.00028424447798355845,-0.017812126956784247,,0.0029097301165487977,0.002531115257663169,0.001797306642878388,0.5520094562647754
a22062f9bfdb67fa59b7fa12cd9765583b5d11b073a1abdd6b722b38b6032a35,86cdca0dfb8317686a405ef5dfe5eb2f459b448d83c0b8de0f76f04d1240fbe4,visual_responding__visual_spontaneous,formal,10,8,0.00025629495403772795,-0.01846884245939756,,0.0030946808033250617,0.004118550781820607,0.0019190010155465953,0.5518731988472623
a22062f9bfdb67fa59b7fa12cd9765583b5d11b073a1abdd6b722b38b6032a35,86cdca0dfb8317686a405ef5dfe5eb2f459b448d83c0b8de0f76f04d1240fbe4,visual_responding__visual_spontaneous,formal,10,16,0.00027719985737145736,-0.019169830582466157,,0.0007907447858489514,0.004798636452597288,-3.89154087199195e-05,0.5698412698412698
a22062f9bfdb67fa59b7fa12cd9765583b5d11b073a1abdd6b722b38b6032a35,86cdca0dfb8317686a405ef5dfe5eb2f459b448d83c0b8de0f76f04d1240fbe4,visual_responding__visual_spontaneous,formal,10,32,0.0004992245814542107,-0.02082121273111001,,-0.005715566717954507,-0.0017374306394282446,-0.007829197801987098,0.6157556270096463
a22062f9bfdb67fa59b7fa12cd9765583b5d11b073a1abdd6b722b38b6032a35,86cdca0dfb8317686a405ef5dfe5eb2f459b448d83c0b8de0f76f04d1240fbe4,visual_responding__visual_spontaneous,formal,11,1,0.0001786793352257232,-0.010051254836626056,,0.0013761270015047733,0.001192975087272924,0.000527299777296486,0.5744444444444444
a22062f9bfdb67fa59b7fa12cd9765583b5d11b073a1abdd6b722b38b6032a35,86cdca0dfb8317686a405ef5dfe5eb2f459b448d83c0b8de0f76f04d1240fbe4,visual_responding__visual_spontaneous,formal,11,2,0.0001948136845663362,-0.009689958834338402,,0.0014647324454994115,0.001309186514193983,0.0007966421897958043,0.5619621342512908
a22062f9bfdb67fa59b7fa12cd9765583b5d11b073a1abdd6b722b38b6032a35,86cdca0dfb8317686a405ef5dfe5eb2f459b448d83c0b8de0f76f04d1240fbe4,visual_responding__visual_spontaneous,formal,11,4,0.0002687737368638199,-0.0094490623265919,,0.0019774149629442628,0.0019652960876078984,0.0009905246171592885,0.5520094562647754
a22062f9bfdb67fa59b7fa12cd9765583b5d11b073a1abdd6b722b38b6032a35,86cdca0dfb8317686a405ef5dfe5eb2f459b448d83c0b8de0f76f04d1240fbe4,visual_responding__visual_spontaneous,formal,11,8,0.00018690375836083462,-0.01029836281019264,,0.0014403628112769074,0.003281401393296829,0.0006798932162478399,0.5518731988472623
a22062f9bfdb67fa59b7fa12cd9765583b5d11b073a1abdd6b722b38b6032a35,86cdca0dfb8317686a405ef5dfe5eb2f459b448d83c0b8de0f76f04d1240fbe4,visual_responding__visual_spontaneous,formal,11,16,0.00018231081500005852,-0.012115753601177531,,-0.0012342002868872826,0.0024168786374035023,-0.0020140248220356094,0.5698412698412698
a22062f9bfdb67fa59b7fa12cd9765583b5d11b073a1abdd6b722b38b6032a35,86cdca0dfb8317686a405ef5dfe5eb2f459b448d83c0b8de0f76f04d1240fbe4,visual_responding__visual_spontaneous,formal,11,32,0.0002873095529964398,-0.014962045746434671,,-0.007927909085895996,-0.0031777032822239426,-0.009396533882077035,0.6157556270096463
a22062f9bfdb67fa59b7fa12cd9765583b5d11b073a1abdd6b722b38b6032a35,86cdca0dfb8317686a405ef5dfe5eb2f459b448d83c0b8de0f76f04d1240fbe4,visual_responding__visual_spontaneous,formal,12,1,9.2666116886575e-05,-0.010809807864152254,,0.0016994411952214183,0.0014684765468145344,0.0008703364576279071,0.5744444444444444
a22062f9bfdb67fa59b7fa12cd9765583b5d11b073a1abdd6b722b38b6032a35,86cdca0dfb8317686a405ef5dfe5eb2f459b448d83c0b8de0f76f04d1240fbe4,visual_responding__visual_spontaneous,formal,12,2,0.00013066046393384045,-0.010633268987153693,,0.0020863128767350803,0.0019503449421806873,0.0011260591762674022,0.5619621342512908
a22062f9bfdb67fa59b7fa12cd9765583b5d11b073a1abdd6b722b38b6032a35,86cdca0dfb8317686a405ef5dfe5eb2f459b448d83c0b8de0f76f04d1240fbe4,visual_responding__visual_spontaneous,formal,12,4,8.923186340459299e-05,-0.010760413462928081,,0.002170298635550072,0.002141797229420511,0.0011581886336623215,0.5520094562647754
a22062f9bfdb67fa59b7fa12cd9765583b5d11b073a1abdd6b722b38b6032a35,86cdca0dfb8317686a405ef5dfe5eb2f459b448d83c0b8de0f76f04d1240fbe4,visual_responding__visual_spontaneous,formal,12,8,-6.32544759504583e-06,-0.011981300521912097,,0.0022113987934091195,0.003709451459675328,0.0010918647837698525,0.5518731988472623
a22062f9bfdb67fa59b7fa12cd9765583b5d11b073a1abdd6b722b38b6032a35,86cdca0dfb8317686a405ef5dfe5eb2f459b448d83c0b8de0f76f04d1240fbe4,visual_responding__visual_spontaneous,formal,12,16,3.641507606985672e-05,-0.013178221813494179,,-0.0003403898449720888,0.003058637138359882,-0.0011967448721501295,0.5698412698412698
a22062f9bfdb67fa59b7fa12cd9765583b5d11b073a1abdd6b722b38b6032a35,86cdca0dfb8317686a405ef5dfe5eb2f459b448d83c0b8de0f76f04d1240fbe4,visual_responding__visual_spontaneous,formal,12,32,9.274467287520571e-05,-0.01578006837000237,,-0.008055327980532323,-0.00200761957947182,-0.007846894172214625,0.6157556270096463
a22062f9bfdb67fa59b7fa12cd9765583b5d11b073a1abdd6b722b38b6032a35,86cdca0dfb8317686a405ef5dfe5eb2f459b448d83c0b8de0f76f04d1240fbe4,visual_responding__visual_spontaneous,formal,13,1,0.00015571582105500248,-0.007822623677351315,,0.0010101730862529523,0.001175023042440937,0.00038664681699396297,0.5744444444444444
a22062f9bfdb67fa59b7fa12cd9765583b5d11b073a1abdd6b722b38b6032a35,86cdca0dfb8317686a405ef5dfe5eb2f459b448d83c0b8de0f76f04d1240fbe4,visual_responding__visual_spontaneous,formal,13,2,0.00010421228314533293,-0.0071914962579769925,,0.0009047310999726332,0.000771509100481127,0.0002337066795313758,0.5619621342512908
a22062f9bfdb67fa59b7fa12cd9765583b5d11b073a1abdd6b722b38b6032a35,86cdca0dfb8317686a405ef5dfe5eb2f459b448d83c0b8de0f76f04d1240fbe4,visual_responding__visual_spontaneous,formal,13,4,6.469651499479978e-05,-0.007292369011229399,,0.0009862325581220244,0.0009026274572711546,0.0002164187544043128,0.5520094562647754
a22062f9bfdb67fa59b7fa12cd9765583b5d11b073a1abdd6b722b38b6032a35,86cdca0dfb8317686a405ef5dfe5eb2f459b448d83c0b8de0f76f04d1240fbe4,visual_responding__visual_spontaneous,formal,13,8,1.88614020378286e-05,-0.008510728963335962,,0.0005451895176612487,0.002293099070932003,0.0002369740635858597,0.5518731988472623
a22062f9bfdb67fa59b7fa12cd9765583b5d11b073a1abdd6b722b38b6032a35,86cdca0dfb8317686a405ef5dfe5eb2f459b448d83c0b8de0f76f04d1240fbe4,visual_responding__visual_spontaneous,formal,13,16,2.2422995868492945e-05,-0.01068786120455037,,-0.0010223892201432772,0.0027980633192955517,-0.0017345471261204781,0.5698412698412698
a22062f9bfdb67fa59b7fa12cd9765583b5d11b073a1abdd6b722b38b6032a35,86cdca0dfb8317686a405ef5dfe5eb2f459b448d83c0b8de0f76f04d1240fbe4,visual_responding__visual_spontaneous,formal,13,32,9.003019506267917e-05,-0.01313799378935096,,-0.008711832074819875,-0.004219034858006787,-0.009842505846688748,0.6157556270096463
a22062f9bfdb67fa59b7fa12cd9765583b5d11b073a1abdd6b722b38b6032a35,86cdca0dfb8317686a405ef5dfe5eb2f459b448d83c0b8de0f76f04d1240fbe4,visual_responding__visual_spontaneous,formal,14,1,8.435337655329778e-05,-0.009952284614620055,,0.0014199723301168143,0.001204219939307416,0.0007799019183790667,0.5744444444444444
a22062f9bfdb67fa59b7fa12cd9765583b5d11b073a1abdd6b722b38b6032a35,86cdca0dfb8317686a405ef5dfe5eb2f459b448d83c0b8de0f76f04d1240fbe4,visual_responding__visual_spontaneous,formal,14,2,0.00013332516989869592,-0.009564644863842675,,0.0016900106917535629,0.0009615564097286422,0.0008830354999327383,0.5619621342512908
a22062f9bfdb67fa59b7fa12cd9765583b5d11b073a1abdd6b722b38b6032a35,86cdca0dfb8317686a405ef5dfe5eb2f459b448d83c0b8de0f76f04d1240fbe4,visual_responding__visual_spontaneous,formal,14,4,3.0050979109436105e-05,-0.010268688728877762,,0.0023795131517071466,0.002355263381346756,0.0015401210550008981,0.5520094562647754
a22062f9bfdb67fa59b7fa12cd9765583b5d11b073a1abdd6b722b38b6032a35,86cdca0dfb8317686a405ef5dfe5eb2f459b448d83c0b8de0f76f04d1240fbe4,visual_responding__visual_spontaneous,formal,14,8,2.5020791208113513e-05,-0.011204925726340825,,0.002015904917781336,0.003748311856922787,0.0012921747954747487,0.5518731988472623
a22062f9bfdb67fa59b7fa12cd9765583b5d11b073a1abdd6b722b38b6032a35,86cdca0dfb8317686a405ef5dfe5eb2f459b448d83c0b8de0f76f04d1240fbe4,visual_responding__visual_spontaneous,formal,14,16,-1.7581439599623216e-05,-0.012650019920248307,,-0.00019681674912583325,0.0036151968842997317,-0.0010872466368446465,0.5698412698412698
a22062f9bfdb67fa59b7fa12cd9765583b5d11b073a1abdd6b722b38b6032a35,86cdca0dfb8317686a405ef5dfe5eb2f459b448d83c0b8de0f76f04d1240fbe4,visual_responding__visual_spontaneous,formal,14,32,9.476318159862274e-05,-0.014635001158360528,,-0.007431793559189437,-0.0028852330786907354,-0.009284610318459285,0.6157556270096463
a22062f9bfdb67fa59b7fa12cd9765583b5d11b073a1abdd6b722b38b6032a35,86cdca0dfb8317686a405ef5dfe5eb2f459b448d83c0b8de0f76f04d1240fbe4,visual_responding__visual_spontaneous,formal,15,1,0.0001388997425163796,-0.013595195927087494,,0.001561980219000697,0.001454007178466471,0.0009658667308275748,0.5744444444444444
a22062f9bfdb67fa59b7fa12cd9765583b5d11b073a1abdd6b722b38b6032a35,86cdca0dfb8317686a405ef5dfe5eb2f459b448d83c0b8de0f76f04d1240fbe4,visual_responding__visual_spontaneous,formal,15,2,0.0002044119382383358,-0.012848806817911423,,0.0016649311292946112,0.0011458686303446874,0.0009029726645355951,0.5619621342512908
a22062f9bfdb67fa59b7fa12cd9765583b5d11b073a1abdd6b722b38b6032a35,86cdca0dfb8317686a405ef5dfe5eb2f459b448d83c0b8de0f76f04d1240fbe4,visual_responding__visual_spontaneous,formal,15,4,0.00020990187812816585,-0.012464163527143746,,0.0018363154273318971,0.0020957146443646157,0.0012976099856302492,0.5520094562647754
a22062f9bfdb67fa59b7fa12cd9765583b5d11b073a1abdd6b722b38b6032a35,86cdca0dfb8317686a405ef5dfe5eb2f459b448d83c0b8de0f76f04d1240fbe4,visual_responding__visual_spontaneous,formal,15,8,0.00012452557125358643,-0.013100750700388436,,0.001306296565830506,0.0025600658895699457,0.0011366459545008312,0.5518731988472623
a22062f9bfdb67fa59b7fa12cd9765583b5d11b073a1abdd6b722b38b6032a35,86cdca0dfb8317686a405ef5dfe5eb2f459b448d83c0b8de0f76f04d1240fbe4,visual_responding__visual_spontaneous,formal,15,16,5.173309184078323e-05,-0.014720086608937533,,0.00020274066237283006,0.0036631686220696957,-0.0006643383103012157,0.5698412698412698
a22062f9bfdb67fa59b7fa12cd9765583b5d11b073a1abdd6b722b38b6032a35,86cdca0dfb8317686a405ef5dfe5eb2f459b448d83c0b8de0f76f04d1240fbe4,visual_responding__visual_spontaneous,formal,15,32,6.0899807525188754e-05,-0.018500050105717203,,-0.006915517547201128,-0.0019445871496441003,-0.007984014557884472,0.6157556270096463
a22062f9bfdb67fa59b7fa12cd9765583b5d11b073a1abdd6b722b38b6032a35,86cdca0dfb8317686a405ef5dfe5eb2f459b448d83c0b8de0f76f04d1240fbe4,visual_responding__visual_spontaneous,formal,16,1,0.00011883126142886447,-0.01739857466293715,,0.0017969224238404413,0.0016498868663961663,0.0007954730402270904,0.5744444444444444
a22062f9bfdb67fa59b7fa12cd9765583b5d11b073a1abdd6b722b38b6032a35,86cdca0dfb8317686a405ef5dfe5eb2f459b448d83c0b8de0f76f04d1240fbe4,visual_responding__visual_spontaneous,formal,16,2,0.00013507269301318847,-0.01726739859733345,,0.0019568097243977955,0.0019055100270820025,0.0009596321788203077,0.5619621342512908
a22062f9bfdb67fa59b7fa12cd9765583b5d11b073a1abdd6b722b38b6032a35,86cdca0dfb8317686a405ef5dfe5eb2f459b448d83c0b8de0f76f04d1240fbe4,visual_responding__visual_spontaneous,formal,16,4,0.0001621811160454345,-0.017108871279513688,,0.0016729138110496422,0.0017312350558214007,0.0010330625889551914,0.5520094562647754
a22062f9bfdb67fa59b7fa12cd9765583b5d11b073a1abdd6b722b38b6032a35,86cdca0dfb8317686a405ef5dfe5eb2f459b448d83c0b8de0f76f04d1240fbe4,visual_responding__visual_spontaneous,formal,16,8,0.00012601833536290963,-0.017889772821662958,,0.0018630399907077488,0.0033982965316611546,0.0012719192721218908,0.5518731988472623
a22062f9bfdb67fa59b7fa12cd9765583b5d11b073a1abdd6b722b38b6032a35,86cdca0dfb8317686a405ef5dfe5eb2f459b448d83c0b8de0f76f04d1240fbe4,visual_responding__visual_spontaneous,formal,16,16,9.701267235698308e-05,-0.019155935340546937,,-0.00030098865243388673,0.003497894926740547,-0.0008924382985009693,0.5698412698412698
a22062f9bfdb67fa59b7fa12cd9765583b5d11b073a1abdd6b722b38b6032a35,86cdca0dfb8317686a405ef5dfe5eb2f459b448d83c0b8de0f76f04d1240fbe4,visual_responding__visual_spontaneous,formal,16,32,0.0002752603276236498,-0.022038843099880856,,-0.00721463357245386,-0.0026755687533999983,-0.008672750702424403,0.6157556270096463
a22062f9bfdb67fa59b7fa12cd9765583b5d11b073a1abdd6b722b38b6032a35,86cdca0dfb8317686a405ef5dfe5eb2f459b448d83c0b8de0f76f04d1240fbe4,visual_responding__visual_spontaneous,formal,17,1,0.0002005666389766625,-0.01385763782611893,,0.0014590648343829615,0.0007533059853649382,0.0007665731670902787,0.5744444444444444
a22062f9bfdb67fa59b7fa12cd9765583b5d11b073a1abdd6b722b38b6032a35,86cdca0dfb8317686a405ef5dfe5eb2f459b448d83c0b8de0f76f04d1240fbe4,visual_responding__visual_spontaneous,formal,17,2,0.00023289889334526803,-0.013735242099946754,,0.002459790874819623,0.0021198380930166905,0.0016039945957248003,0.5619621342512908
a22062f9bfdb67fa59b7fa12cd9765583b5d11b073a1abdd6b722b38b6032a35,86cdca0dfb8317686a405ef5dfe5eb2f459b448d83c0b8de0f76f04d1240fbe4,visual_responding__visual_spontaneous,formal,17,4,0.0001754445983392916,-0.013618327883484715,,0.0026502139217156606,0.0027275308513369234,0.0018398128841189965,0.5520094562647754
a22062f9bfdb67fa59b7fa12cd9765583b5d11b073a1abdd6b722b38b6032a35,86cdca0dfb8317686a405ef5dfe5eb2f459b448d83c0b8de0f76f04d1240fbe4,visual_responding__visual_spontaneous,formal,17,8,0.00015177364446333774,-0.01438601617188115,,0.0023121793255665435,0.004522521986323413,0.0014143382017382522,0.5518731988472623
a22062f9bfdb67fa59b7fa12cd9765583b5d11b073a1abdd6b722b38b6032a35,86cdca0dfb8317686a405ef5dfe5eb2f459b448d83c0b8de0f76f04d1240fbe4,visual_responding__visual_spontaneous,formal,17,16,0.00017675013979012721,-0.015101194596238099,,-0.00030792217074021577,0.0034868883900495695,-0.0014923812260581037,0.5698412698412698
a22062f9bfdb67fa59b7fa12cd9765583b5d11b073a1abdd6b722b38b6032a35,86cdca0dfb8317686a405ef5dfe5eb2f459b448d83c0b8de0f76f04d1240fbe4,visual_responding__visual_spontaneous,formal,17,32,0.00027640698650927,-0.017699816802844215,,-0.007302437888217828,-0.003011450056689624,-0.008895760958962856,0.6157556270096463
a22062f9bfdb67fa59b7fa12cd9765583b5d11b073a1abdd6b722b38b6032a35,86cdca0dfb8317686a405ef5dfe5eb2f459b448d83c0b8de0f76f04d1240fbe4,visual_responding__visual_spontaneous,formal,18,1,0.0001848079766397226,-0.010455062160060147,,0.0014600354991004538,0.0012485759223095916,0.0006189364659718866,0.5744444444444444
a22062f9bfdb67fa59b7fa12cd9765583b5d11b073a1abdd6b722b38b6032a35,86cdca0dfb8317686a405ef5dfe5eb2f459b448d83c0b8de0f76f04d1240fbe4,visual_responding__visual_spontaneous,formal,18,2,0.00018386890433907954,-0.010052109518557062,,0.0018116908030925138,0.0017384513514715483,0.0009265249295122846,0.5619621342512908
a22062f9bfdb67fa59b7fa12cd9765583b5d11b073a1abdd6b722b38b6032a35,86cdca0dfb8317686a405ef5dfe5eb2f459b448d83c0b8de0f76f04d1240fbe4,visual_responding__visual_spontaneous,formal,18,4,0.0001964844009549327,-0.01025284121917519,,0.0019235562858173072,0.0018667709692996026,0.0008999168030994209,0.5520094562647754
a22062f9bfdb67fa59b7fa12cd9765583b5d11b073a1abdd6b722b38b6032a35,86cdca0dfb8317686a405ef5dfe5eb2f459b448d83c0b8de0f76f04d1240fbe4,visual_responding__visual_spontaneous,formal,18,8,0.00024452893120663344,-0.010301163286768833,,0.0012920265877912618,0.0029608005096120604,0.0008458373578215106,0.5518731988472623
a22062f9bfdb67fa59b7fa12cd9765583b5d11b073a1abdd6b722b38b6032a35,86cdca0dfb8317686a405ef5dfe5eb2f459b448d83c0b8de0f76f04d1240fbe4,visual_responding__visual_spontaneous,formal,18,16,0.0002999836776774456,-0.011830613598958317,,-0.0006956566263801589,0.00295618987456564,-0.0015413740232594342,0.5698412698412698
a22062f9bfdb67fa59b7fa12cd9765583b5d11b073a1abdd6b722b38b6032a35,86cdca0dfb8317686a405ef5dfe5eb2f459b448d83c0b8de0f76f04d1240fbe4,visual_responding__visual_spontaneous,formal,18,32,0.0004476076830552955,-0.01641688215114942,,-0.008894248358950085,-0.0036530854763346388,-0.009897807215203752,0.6157556270096463
a22062f9bfdb67fa59b7fa12cd9765583b5d11b073a1abdd6b722b38b6032a35,86cdca0dfb8317686a405ef5dfe5eb2f459b448d83c0b8de0f76f04d1240fbe4,visual_responding__visual_spontaneous,formal,19,1,0.00023805946812027745,-0.015361270390558485,,0.0011129079985250645,0.0010744913790835253,0.0005457202351134838,0.5744444444444444
a22062f9bfdb67fa59b7fa12cd9765583b5d11b073a1abdd6b722b38b6032a35,86cdca0dfb8317686a405ef5dfe5eb2f459b448d83c0b8de0f76f04d1240fbe4,visual_responding__visual_spontaneous,formal,19,2,0.0002967163088484215,-0.014933915207648196,,0.0012330357753932986,0.0009495712037454196,0.0005489820725582129,0.5619621342512908
a22062f9bfdb67fa59b7fa12cd9765583b5d11b073a1abdd6b722b38b6032a35,86cdca0dfb8317686a405ef5dfe5eb2f459b448d83c0b8de0f76f04d1240fbe4,visual_responding__visual_spontaneous,formal,19,4,0.0003286061169537058,-0.014785503516990067,,0.0014189640190559738,0.001643411463103539,0.0008198602096386176,0.5520094562647754
a22062f9bfdb67fa59b7fa12cd9765583b5d11b073a1abdd6b722b38b6032a35,86cdca0dfb8317686a405ef5dfe5eb2f459b448d83c0b8de0f76f04d1240fbe4,visual_responding__visual_spontaneous,formal,19,8,0.00032420863982488,-0.015306327751095056,,0.0011300371673997611,0.002810091418777083,0.0004863793398655891,0.5518731988472623
a22062f9bfdb67fa59b7fa12cd9765583b5d11b073a1abdd6b722b38b6032a35,86cdca0dfb8317686a405ef5dfe5eb2f459b448d83c0b8de0f76f04d1240fbe4,visual_responding__visual_spontaneous,formal,19,16,0.00035278320720694145,-0.016716850326746635,,-0.0012019375888525086,0.0026020527892260947,-0.001740389149087973,0.5698412698412698
a22062f9bfdb67fa59b7fa12cd9765583b5d11b073a1abdd6b722b38b6032a35,86cdca0dfb8317686a405ef5dfe5eb2f459b448d83c0b8de0f76f04d1240fbe4,visual_responding__visual_spontaneous,formal,19,32,0.0005098627351186324,-0.018180097221350305,,-0.008769092489555458,-0.004210853604147413,-0.009782971066191554,0.6157556270096463
