candidate_type,temperature,natural_current_frame_accuracy,eligible,retention,hidden_switch_accuracy,window_frames,hazard,prior_concentration,alarm_threshold,min_run_frames,max_run_length,natural_accuracy,natural_accuracy_loss,natural_false_alarms_per_1000,post_switch_accuracy,mean_detection_delay,selected
temperature,1.0,0.9626171875,True,,,,,,,,,,,,,,True
temperature,2.0,0.9626171875,True,,,,,,,,,,,,,,False
temperature,5.0,0.9626171875,True,,,,,,,,,,,,,,False
temperature,10.0,0.9626171875,True,,,,,,,,,,,,,,False
temperature,20.0,0.9626171875,True,,,,,,,,,,,,,,False
fixed_forgetting,,,True,0.0,0.9689583333333334,,,,,,,,,,,,True
fixed_forgetting,,,True,0.5,0.9589583333333334,,,,,,,,,,,,False
fixed_forgetting,,,True,0.7,0.9328125,,,,,,,,,,,,False
fixed_forgetting,,,True,0.85,0.8747916666666666,,,,,,,,,,,,False
fixed_forgetting,,,True,0.93,0.7583333333333333,,,,,,,,,,,,False
fixed_forgetting,,,True,0.97,0.5972916666666667,,,,,,,,,,,,False
fixed_forgetting,,,True,0.99,0.4671875,,,,,,,,,,,,False
fixed_forgetting,,,True,1.0,0.38916666666666666,,,,,,,,,,,,False
sliding_window,,,True,,0.9591666666666666,2.0,,,,,,,,,,,True
sliding_window,,,True,,0.9354166666666667,4.0,,,,,,,,,,,False
sliding_window,,,True,,0.88875,8.0,,,,,,,,,,,False
sliding_window,,,True,,0.7940625,16.0,,,,,,,,,,,False
sliding_window,,,True,,0.5922916666666667,32.0,,,,,,,,,,,False
sliding_window,,,True,,0.3871875,64.0,,,,,,,,,,,False
bocpd_change_reset,,,True,,0.38916666666666666,,0.0078125,0.1,0.2,2.0,128.0,0.989921875,0.0,0.0,0.1865,,True
bocpd_change_reset,,,True,,0.38916666666666666,,0.0078125,0.1,0.2,4.0,128.0,0.989921875,0.0,0.0,0.1865,,False
bocpd_change_reset,,,True,,0.38916666666666666,,0.0078125,0.1,0.2,8.0,128.0,0.989921875,0.0,0.0,0.1865,,False
bocpd_change_reset,,,True,,0.38916666666666666,,0.0078125,0.1,0.4,2.0,128.0,0.989921875,0.0,0.0,0.1865,,False
bocpd_change_reset,,,True,,0.38916666666666666,,0.0078125,0.1,0.4,4.0,128.0,0.989921875,0.0,0.0,0.1865,,False
bocpd_change_reset,,,True,,0.38916666666666666,,0.0078125,0.1,0.4,8.0,128.0,0.989921875,0.0,0.0,0.1865,,False
bocpd_change_reset,,,True,,0.38916666666666666,,0.0078125,0.1,0.6,2.0,128.0,0.989921875,0.0,0.0,0.1865,,False
bocpd_change_reset,,,True,,0.38916666666666666,,0.0078125,0.1,0.6,4.0,128.0,0.989921875,0.0,0.0,0.1865,,False
bocpd_change_reset,,,True,,0.38916666666666666,,0.0078125,0.1,0.6,8.0,128.0,0.989921875,0.0,0.0,0.1865,,False
bocpd_change_reset,,,True,,0.38916666666666666,,0.0078125,0.1,0.8,2.0,128.0,0.989921875,0.0,0.0,0.1865,,False
bocpd_change_reset,,,True,,0.38916666666666666,,0.0078125,0.1,0.8,4.0,128.0,0.989921875,0.0,0.0,0.1865,,False
bocpd_change_reset,,,True,,0.38916666666666666,,0.0078125,0.1,0.8,8.0,128.0,0.989921875,0.0,0.0,0.1865,,False
bocpd_change_reset,,,True,,0.38916666666666666,,0.0078125,1.0,0.2,2.0,128.0,0.989921875,0.0,0.0,0.1865,,False
bocpd_change_reset,,,True,,0.38916666666666666,,0.0078125,1.0,0.2,4.0,128.0,0.989921875,0.0,0.0,0.1865,,False
bocpd_change_reset,,,True,,0.38916666666666666,,0.0078125,1.0,0.2,8.0,128.0,0.989921875,0.0,0.0,0.1865,,False
bocpd_change_reset,,,True,,0.38916666666666666,,0.0078125,1.0,0.4,2.0,128.0,0.989921875,0.0,0.0,0.1865,,False
bocpd_change_reset,,,True,,0.38916666666666666,,0.0078125,1.0,0.4,4.0,128.0,0.989921875,0.0,0.0,0.1865,,False
bocpd_change_reset,,,True,,0.38916666666666666,,0.0078125,1.0,0.4,8.0,128.0,0.989921875,0.0,0.0,0.1865,,False
bocpd_change_reset,,,True,,0.38916666666666666,,0.0078125,1.0,0.6,2.0,128.0,0.989921875,0.0,0.0,0.1865,,False
bocpd_change_reset,,,True,,0.38916666666666666,,0.0078125,1.0,0.6,4.0,128.0,0.989921875,0.0,0.0,0.1865,,False
bocpd_change_reset,,,True,,0.38916666666666666,,0.0078125,1.0,0.6,8.0,128.0,0.989921875,0.0,0.0,0.1865,,False
bocpd_change_reset,,,True,,0.38916666666666666,,0.0078125,1.0,0.8,2.0,128.0,0.989921875,0.0,0.0,0.1865,,False
bocpd_change_reset,,,True,,0.38916666666666666,,0.0078125,1.0,0.8,4.0,128.0,0.989921875,0.0,0.0,0.1865,,False
bocpd_change_reset,,,True,,0.38916666666666666,,0.0078125,1.0,0.8,8.0,128.0,0.989921875,0.0,0.0,0.1865,,False
bocpd_change_reset,,,True,,0.38916666666666666,,0.0078125,5.0,0.2,2.0,128.0,0.989921875,0.0,0.0,0.1865,,False
bocpd_change_reset,,,True,,0.38916666666666666,,0.0078125,5.0,0.2,4.0,128.0,0.989921875,0.0,0.0,0.1865,,False
bocpd_change_reset,,,True,,0.38916666666666666,,0.0078125,5.0,0.2,8.0,128.0,0.989921875,0.0,0.0,0.1865,,False
bocpd_change_reset,,,True,,0.38916666666666666,,0.0078125,5.0,0.4,2.0,128.0,0.989921875,0.0,0.0,0.1865,,False
bocpd_change_reset,,,True,,0.38916666666666666,,0.0078125,5.0,0.4,4.0,128.0,0.989921875,0.0,0.0,0.1865,,False
bocpd_change_reset,,,True,,0.38916666666666666,,0.0078125,5.0,0.4,8.0,128.0,0.989921875,0.0,0.0,0.1865,,False
bocpd_change_reset,,,True,,0.38916666666666666,,0.0078125,5.0,0.6,2.0,128.0,0.989921875,0.0,0.0,0.1865,,False
bocpd_change_reset,,,True,,0.38916666666666666,,0.0078125,5.0,0.6,4.0,128.0,0.989921875,0.0,0.0,0.1865,,False
bocpd_change_reset,,,True,,0.38916666666666666,,0.0078125,5.0,0.6,8.0,128.0,0.989921875,0.0,0.0,0.1865,,False
bocpd_change_reset,,,True,,0.38916666666666666,,0.0078125,5.0,0.8,2.0,128.0,0.989921875,0.0,0.0,0.1865,,False
bocpd_change_reset,,,True,,0.38916666666666666,,0.0078125,5.0,0.8,4.0,128.0,0.989921875,0.0,0.0,0.1865,,False
bocpd_change_reset,,,True,,0.38916666666666666,,0.0078125,5.0,0.8,8.0,128.0,0.989921875,0.0,0.0,0.1865,,False
bocpd_change_reset,,,True,,0.38916666666666666,,0.015625,0.1,0.2,2.0,128.0,0.989921875,0.0,0.0,0.1865,,False
bocpd_change_reset,,,True,,0.38916666666666666,,0.015625,0.1,0.2,4.0,128.0,0.989921875,0.0,0.0,0.1865,,False
bocpd_change_reset,,,True,,0.38916666666666666,,0.015625,0.1,0.2,8.0,128.0,0.989921875,0.0,0.0,0.1865,,False
bocpd_change_reset,,,True,,0.38916666666666666,,0.015625,0.1,0.4,2.0,128.0,0.989921875,0.0,0.0,0.1865,,False
bocpd_change_reset,,,True,,0.38916666666666666,,0.015625,0.1,0.4,4.0,128.0,0.989921875,0.0,0.0,0.1865,,False
bocpd_change_reset,,,True,,0.38916666666666666,,0.015625,0.1,0.4,8.0,128.0,0.989921875,0.0,0.0,0.1865,,False
bocpd_change_reset,,,True,,0.38916666666666666,,0.015625,0.1,0.6,2.0,128.0,0.989921875,0.0,0.0,0.1865,,False
bocpd_change_reset,,,True,,0.38916666666666666,,0.015625,0.1,0.6,4.0,128.0,0.989921875,0.0,0.0,0.1865,,False
bocpd_change_reset,,,True,,0.38916666666666666,,0.015625,0.1,0.6,8.0,128.0,0.989921875,0.0,0.0,0.1865,,False
bocpd_change_reset,,,True,,0.38916666666666666,,0.015625,0.1,0.8,2.0,128.0,0.989921875,0.0,0.0,0.1865,,False
bocpd_change_reset,,,True,,0.38916666666666666,,0.015625,0.1,0.8,4.0,128.0,0.989921875,0.0,0.0,0.1865,,False
bocpd_change_reset,,,True,,0.38916666666666666,,0.015625,0.1,0.8,8.0,128.0,0.989921875,0.0,0.0,0.1865,,False
bocpd_change_reset,,,True,,0.38916666666666666,,0.015625,1.0,0.2,2.0,128.0,0.989921875,0.0,0.0,0.1865,,False
bocpd_change_reset,,,True,,0.38916666666666666,,0.015625,1.0,0.2,4.0,128.0,0.989921875,0.0,0.0,0.1865,,False
bocpd_change_reset,,,True,,0.38916666666666666,,0.015625,1.0,0.2,8.0,128.0,0.989921875,0.0,0.0,0.1865,,False
bocpd_change_reset,,,True,,0.38916666666666666,,0.015625,1.0,0.4,2.0,128.0,0.989921875,0.0,0.0,0.1865,,False
bocpd_change_reset,,,True,,0.38916666666666666,,0.015625,1.0,0.4,4.0,128.0,0.989921875,0.0,0.0,0.1865,,False
bocpd_change_reset,,,True,,0.38916666666666666,,0.015625,1.0,0.4,8.0,128.0,0.989921875,0.0,0.0,0.1865,,False
bocpd_change_reset,,,True,,0.38916666666666666,,0.015625,1.0,0.6,2.0,128.0,0.989921875,0.0,0.0,0.1865,,False
bocpd_change_reset,,,True,,0.38916666666666666,,0.015625,1.0,0.6,4.0,128.0,0.989921875,0.0,0.0,0.1865,,False
bocpd_change_reset,,,True,,0.38916666666666666,,0.015625,1.0,0.6,8.0,128.0,0.989921875,0.0,0.0,0.1865,,False
bocpd_change_reset,,,True,,0.38916666666666666,,0.015625,1.0,0.8,2.0,128.0,0.989921875,0.0,0.0,0.1865,,False
bocpd_change_reset,,,True,,0.38916666666666666,,0.015625,1.0,0.8,4.0,128.0,0.989921875,0.0,0.0,0.1865,,False
bocpd_change_reset,,,True,,0.38916666666666666,,0.015625,1.0,0.8,8.0,128.0,0.989921875,0.0,0.0,0.1865,,False
bocpd_change_reset,,,True,,0.38916666666666666,,0.015625,5.0,0.2,2.0,128.0,0.989921875,0.0,0.0,0.1865,,False
bocpd_change_reset,,,True,,0.38916666666666666,,0.015625,5.0,0.2,4.0,128.0,0.989921875,0.0,0.0,0.1865,,False
bocpd_change_reset,,,True,,0.38916666666666666,,0.015625,5.0,0.2,8.0,128.0,0.989921875,0.0,0.0,0.1865,,False
bocpd_change_reset,,,True,,0.38916666666666666,,0.015625,5.0,0.4,2.0,128.0,0.989921875,0.0,0.0,0.1865,,False
bocpd_change_reset,,,True,,0.38916666666666666,,0.015625,5.0,0.4,4.0,128.0,0.989921875,0.0,0.0,0.1865,,False
bocpd_change_reset,,,True,,0.38916666666666666,,0.015625,5.0,0.4,8.0,128.0,0.989921875,0.0,0.0,0.1865,,False
bocpd_change_reset,,,True,,0.38916666666666666,,0.015625,5.0,0.6,2.0,128.0,0.989921875,0.0,0.0,0.1865,,False
bocpd_change_reset,,,True,,0.38916666666666666,,0.015625,5.0,0.6,4.0,128.0,0.989921875,0.0,0.0,0.1865,,False
bocpd_change_reset,,,True,,0.38916666666666666,,0.015625,5.0,0.6,8.0,128.0,0.989921875,0.0,0.0,0.1865,,False
bocpd_change_reset,,,True,,0.38916666666666666,,0.015625,5.0,0.8,2.0,128.0,0.989921875,0.0,0.0,0.1865,,False
bocpd_change_reset,,,True,,0.38916666666666666,,0.015625,5.0,0.8,4.0,128.0,0.989921875,0.0,0.0,0.1865,,False
bocpd_change_reset,,,True,,0.38916666666666666,,0.015625,5.0,0.8,8.0,128.0,0.989921875,0.0,0.0,0.1865,,False
bocpd_change_reset,,,True,,0.38916666666666666,,0.03125,0.1,0.2,2.0,128.0,0.989921875,0.0,0.0,0.1865,,False
bocpd_change_reset,,,True,,0.38916666666666666,,0.03125,0.1,0.2,4.0,128.0,0.989921875,0.0,0.0,0.1865,,False
bocpd_change_reset,,,True,,0.38916666666666666,,0.03125,0.1,0.2,8.0,128.0,0.989921875,0.0,0.0,0.1865,,False
bocpd_change_reset,,,True,,0.38916666666666666,,0.03125,0.1,0.4,2.0,128.0,0.989921875,0.0,0.0,0.1865,,False
bocpd_change_reset,,,True,,0.38916666666666666,,0.03125,0.1,0.4,4.0,128.0,0.989921875,0.0,0.0,0.1865,,False
bocpd_change_reset,,,True,,0.38916666666666666,,0.03125,0.1,0.4,8.0,128.0,0.989921875,0.0,0.0,0.1865,,False
bocpd_change_reset,,,True,,0.38916666666666666,,0.03125,0.1,0.6,2.0,128.0,0.989921875,0.0,0.0,0.1865,,False
bocpd_change_reset,,,True,,0.38916666666666666,,0.03125,0.1,0.6,4.0,128.0,0.989921875,0.0,0.0,0.1865,,False
bocpd_change_reset,,,True,,0.38916666666666666,,0.03125,0.1,0.6,8.0,128.0,0.989921875,0.0,0.0,0.1865,,False
bocpd_change_reset,,,True,,0.38916666666666666,,0.03125,0.1,0.8,2.0,128.0,0.989921875,0.0,0.0,0.1865,,False
bocpd_change_reset,,,True,,0.38916666666666666,,0.03125,0.1,0.8,4.0,128.0,0.989921875,0.0,0.0,0.1865,,False
bocpd_change_reset,,,True,,0.38916666666666666,,0.03125,0.1,0.8,8.0,128.0,0.989921875,0.0,0.0,0.1865,,False
bocpd_change_reset,,,True,,0.38916666666666666,,0.03125,1.0,0.2,2.0,128.0,0.989921875,0.0,0.0,0.1865,,False
bocpd_change_reset,,,True,,0.38916666666666666,,0.03125,1.0,0.2,4.0,128.0,0.989921875,0.0,0.0,0.1865,,False
bocpd_change_reset,,,True,,0.38916666666666666,,0.03125,1.0,0.2,8.0,128.0,0.989921875,0.0,0.0,0.1865,,False
bocpd_change_reset,,,True,,0.38916666666666666,,0.03125,1.0,0.4,2.0,128.0,0.989921875,0.0,0.0,0.1865,,False
bocpd_change_reset,,,True,,0.38916666666666666,,0.03125,1.0,0.4,4.0,128.0,0.989921875,0.0,0.0,0.1865,,False
bocpd_change_reset,,,True,,0.38916666666666666,,0.03125,1.0,0.4,8.0,128.0,0.989921875,0.0,0.0,0.1865,,False
bocpd_change_reset,,,True,,0.38916666666666666,,0.03125,1.0,0.6,2.0,128.0,0.989921875,0.0,0.0,0.1865,,False
bocpd_change_reset,,,True,,0.38916666666666666,,0.03125,1.0,0.6,4.0,128.0,0.989921875,0.0,0.0,0.1865,,False
bocpd_change_reset,,,True,,0.38916666666666666,,0.03125,1.0,0.6,8.0,128.0,0.989921875,0.0,0.0,0.1865,,False
bocpd_change_reset,,,True,,0.38916666666666666,,0.03125,1.0,0.8,2.0,128.0,0.989921875,0.0,0.0,0.1865,,False
bocpd_change_reset,,,True,,0.38916666666666666,,0.03125,1.0,0.8,4.0,128.0,0.989921875,0.0,0.0,0.1865,,False
bocpd_change_reset,,,True,,0.38916666666666666,,0.03125,1.0,0.8,8.0,128.0,0.989921875,0.0,0.0,0.1865,,False
bocpd_change_reset,,,True,,0.38916666666666666,,0.03125,5.0,0.2,2.0,128.0,0.989921875,0.0,0.0,0.1865,,False
bocpd_change_reset,,,True,,0.38916666666666666,,0.03125,5.0,0.2,4.0,128.0,0.989921875,0.0,0.0,0.1865,,False
bocpd_change_reset,,,True,,0.38916666666666666,,0.03125,5.0,0.2,8.0,128.0,0.989921875,0.0,0.0,0.1865,,False
bocpd_change_reset,,,True,,0.38916666666666666,,0.03125,5.0,0.4,2.0,128.0,0.989921875,0.0,0.0,0.1865,,False
bocpd_change_reset,,,True,,0.38916666666666666,,0.03125,5.0,0.4,4.0,128.0,0.989921875,0.0,0.0,0.1865,,False
bocpd_change_reset,,,True,,0.38916666666666666,,0.03125,5.0,0.4,8.0,128.0,0.989921875,0.0,0.0,0.1865,,False
bocpd_change_reset,,,True,,0.38916666666666666,,0.03125,5.0,0.6,2.0,128.0,0.989921875,0.0,0.0,0.1865,,False
bocpd_change_reset,,,True,,0.38916666666666666,,0.03125,5.0,0.6,4.0,128.0,0.989921875,0.0,0.0,0.1865,,False
bocpd_change_reset,,,True,,0.38916666666666666,,0.03125,5.0,0.6,8.0,128.0,0.989921875,0.0,0.0,0.1865,,False
bocpd_change_reset,,,True,,0.38916666666666666,,0.03125,5.0,0.8,2.0,128.0,0.989921875,0.0,0.0,0.1865,,False
bocpd_change_reset,,,True,,0.38916666666666666,,0.03125,5.0,0.8,4.0,128.0,0.989921875,0.0,0.0,0.1865,,False
bocpd_change_reset,,,True,,0.38916666666666666,,0.03125,5.0,0.8,8.0,128.0,0.989921875,0.0,0.0,0.1865,,False
bocpd_change_reset,,,True,,0.38916666666666666,,0.0625,0.1,0.2,2.0,128.0,0.989921875,0.0,0.0,0.1865,,False
bocpd_change_reset,,,True,,0.38916666666666666,,0.0625,0.1,0.2,4.0,128.0,0.989921875,0.0,0.0,0.1865,,False
bocpd_change_reset,,,True,,0.38916666666666666,,0.0625,0.1,0.2,8.0,128.0,0.989921875,0.0,0.0,0.1865,,False
bocpd_change_reset,,,True,,0.38916666666666666,,0.0625,0.1,0.4,2.0,128.0,0.989921875,0.0,0.0,0.1865,,False
bocpd_change_reset,,,True,,0.38916666666666666,,0.0625,0.1,0.4,4.0,128.0,0.989921875,0.0,0.0,0.1865,,False
bocpd_change_reset,,,True,,0.38916666666666666,,0.0625,0.1,0.4,8.0,128.0,0.989921875,0.0,0.0,0.1865,,False
bocpd_change_reset,,,True,,0.38916666666666666,,0.0625,0.1,0.6,2.0,128.0,0.989921875,0.0,0.0,0.1865,,False
bocpd_change_reset,,,True,,0.38916666666666666,,0.0625,0.1,0.6,4.0,128.0,0.989921875,0.0,0.0,0.1865,,False
bocpd_change_reset,,,True,,0.38916666666666666,,0.0625,0.1,0.6,8.0,128.0,0.989921875,0.0,0.0,0.1865,,False
bocpd_change_reset,,,True,,0.38916666666666666,,0.0625,0.1,0.8,2.0,128.0,0.989921875,0.0,0.0,0.1865,,False
bocpd_change_reset,,,True,,0.38916666666666666,,0.0625,0.1,0.8,4.0,128.0,0.989921875,0.0,0.0,0.1865,,False
bocpd_change_reset,,,True,,0.38916666666666666,,0.0625,0.1,0.8,8.0,128.0,0.989921875,0.0,0.0,0.1865,,False
bocpd_change_reset,,,True,,0.38916666666666666,,0.0625,1.0,0.2,2.0,128.0,0.989921875,0.0,0.0,0.1865,,False
bocpd_change_reset,,,True,,0.38916666666666666,,0.0625,1.0,0.2,4.0,128.0,0.989921875,0.0,0.0,0.1865,,False
bocpd_change_reset,,,True,,0.38916666666666666,,0.0625,1.0,0.2,8.0,128.0,0.989921875,0.0,0.0,0.1865,,False
bocpd_change_reset,,,True,,0.38916666666666666,,0.0625,1.0,0.4,2.0,128.0,0.989921875,0.0,0.0,0.1865,,False
bocpd_change_reset,,,True,,0.38916666666666666,,0.0625,1.0,0.4,4.0,128.0,0.989921875,0.0,0.0,0.1865,,False
bocpd_change_reset,,,True,,0.38916666666666666,,0.0625,1.0,0.4,8.0,128.0,0.989921875,0.0,0.0,0.1865,,False
bocpd_change_reset,,,True,,0.38916666666666666,,0.0625,1.0,0.6,2.0,128.0,0.989921875,0.0,0.0,0.1865,,False
bocpd_change_reset,,,True,,0.38916666666666666,,0.0625,1.0,0.6,4.0,128.0,0.989921875,0.0,0.0,0.1865,,False
bocpd_change_reset,,,True,,0.38916666666666666,,0.0625,1.0,0.6,8.0,128.0,0.989921875,0.0,0.0,0.1865,,False
bocpd_change_reset,,,True,,0.38916666666666666,,0.0625,1.0,0.8,2.0,128.0,0.989921875,0.0,0.0,0.1865,,False
bocpd_change_reset,,,True,,0.38916666666666666,,0.0625,1.0,0.8,4.0,128.0,0.989921875,0.0,0.0,0.1865,,False
bocpd_change_reset,,,True,,0.38916666666666666,,0.0625,1.0,0.8,8.0,128.0,0.989921875,0.0,0.0,0.1865,,False
bocpd_change_reset,,,True,,0.38916666666666666,,0.0625,5.0,0.2,2.0,128.0,0.989921875,0.0,0.0,0.1865,,False
bocpd_change_reset,,,True,,0.38916666666666666,,0.0625,5.0,0.2,4.0,128.0,0.989921875,0.0,0.0,0.1865,,False
bocpd_change_reset,,,True,,0.38916666666666666,,0.0625,5.0,0.2,8.0,128.0,0.989921875,0.0,0.0,0.1865,,False
bocpd_change_reset,,,True,,0.38916666666666666,,0.0625,5.0,0.4,2.0,128.0,0.989921875,0.0,0.0,0.1865,,False
bocpd_change_reset,,,True,,0.38916666666666666,,0.0625,5.0,0.4,4.0,128.0,0.989921875,0.0,0.0,0.1865,,False
bocpd_change_reset,,,True,,0.38916666666666666,,0.0625,5.0,0.4,8.0,128.0,0.989921875,0.0,0.0,0.1865,,False
bocpd_change_reset,,,True,,0.38916666666666666,,0.0625,5.0,0.6,2.0,128.0,0.989921875,0.0,0.0,0.1865,,False
bocpd_change_reset,,,True,,0.38916666666666666,,0.0625,5.0,0.6,4.0,128.0,0.989921875,0.0,0.0,0.1865,,False
bocpd_change_reset,,,True,,0.38916666666666666,,0.0625,5.0,0.6,8.0,128.0,0.989921875,0.0,0.0,0.1865,,False
bocpd_change_reset,,,True,,0.38916666666666666,,0.0625,5.0,0.8,2.0,128.0,0.989921875,0.0,0.0,0.1865,,False
bocpd_change_reset,,,True,,0.38916666666666666,,0.0625,5.0,0.8,4.0,128.0,0.989921875,0.0,0.0,0.1865,,False
bocpd_change_reset,,,True,,0.38916666666666666,,0.0625,5.0,0.8,8.0,128.0,0.989921875,0.0,0.0,0.1865,,False
