seed,selection_family,hazard_rate,process_rate,observation_rate,fit_nll,selected,process_variance,observation_variance,statistic_decay,prior_mass,q_fraction,mode_switch_probability
43000,learned_event_learned_qr,0.002,0.02,0.02,0.23514709737655737,False,,,,,,
43000,learned_event_learned_qr,0.002,0.02,0.1,0.18670371651834972,False,,,,,,
43000,learned_event_learned_qr,0.002,0.02,0.5,0.19365100055893608,False,,,,,,
43000,learned_event_learned_qr,0.002,0.1,0.02,0.21832990586652934,False,,,,,,
43000,learned_event_learned_qr,0.002,0.1,0.1,0.15376353103067983,False,,,,,,
43000,learned_event_learned_qr,0.002,0.1,0.5,0.15987022517743754,False,,,,,,
43000,learned_event_learned_qr,0.002,0.5,0.02,0.22243356028757966,False,,,,,,
43000,learned_event_learned_qr,0.002,0.5,0.1,0.14268082253962,False,,,,,,
43000,learned_event_learned_qr,0.002,0.5,0.5,0.12811189519753358,True,,,,,,
43000,learned_event_learned_qr,0.02,0.02,0.02,0.2372255506259614,False,,,,,,
43000,learned_event_learned_qr,0.02,0.02,0.1,0.19792875077774752,False,,,,,,
43000,learned_event_learned_qr,0.02,0.02,0.5,0.19507701131465405,False,,,,,,
43000,learned_event_learned_qr,0.02,0.1,0.02,0.22508171160271828,False,,,,,,
43000,learned_event_learned_qr,0.02,0.1,0.1,0.16205202239692929,False,,,,,,
43000,learned_event_learned_qr,0.02,0.1,0.5,0.1579612282815846,False,,,,,,
43000,learned_event_learned_qr,0.02,0.5,0.02,0.23026903540005428,False,,,,,,
43000,learned_event_learned_qr,0.02,0.5,0.1,0.1471861595889908,False,,,,,,
43000,learned_event_learned_qr,0.02,0.5,0.5,0.1326492491679009,False,,,,,,
43000,learned_event_learned_qr,0.1,0.02,0.02,0.2427993053618155,False,,,,,,
43000,learned_event_learned_qr,0.1,0.02,0.1,0.1967139256954572,False,,,,,,
43000,learned_event_learned_qr,0.1,0.02,0.5,0.19549870956541474,False,,,,,,
43000,learned_event_learned_qr,0.1,0.1,0.02,0.23053732797198226,False,,,,,,
43000,learned_event_learned_qr,0.1,0.1,0.1,0.16309067842110675,False,,,,,,
43000,learned_event_learned_qr,0.1,0.1,0.5,0.16373019132078678,False,,,,,,
43000,learned_event_learned_qr,0.1,0.5,0.02,0.24019051998467233,False,,,,,,
43000,learned_event_learned_qr,0.1,0.5,0.1,0.15466669233717983,False,,,,,,
43000,learned_event_learned_qr,0.1,0.5,0.5,0.14282547758675596,False,,,,,,
43000,selected_fixed_jump,,,,0.6871743723828715,False,0.0025,0.01,,,,
43000,selected_fixed_jump,,,,0.3212872116236947,False,0.0025,0.04,,,,
43000,selected_fixed_jump,,,,0.46393858586985925,False,0.0025,0.16,,,,
43000,selected_fixed_jump,,,,0.410577240108039,False,0.02,0.01,,,,
43000,selected_fixed_jump,,,,0.2724280673325565,True,0.02,0.04,,,,
43000,selected_fixed_jump,,,,0.46288121254755094,False,0.02,0.16,,,,
43000,selected_fixed_jump,,,,0.3505907017172606,False,0.04,0.01,,,,
43000,selected_fixed_jump,,,,0.29911872938564205,False,0.04,0.04,,,,
43000,selected_fixed_jump,,,,0.4996948196694498,False,0.04,0.16,,,,
43000,h_plus_total_variance,0.002,,,0.16375730352577544,False,,,0.95,1.0,0.1,
43000,h_plus_total_variance,0.02,,,0.15799365997201567,False,,,0.95,1.0,0.1,
43000,h_plus_total_variance,0.1,,,0.16129803946287335,False,,,0.95,1.0,0.1,
43000,h_plus_total_variance,0.002,,,0.16190940831729175,False,,,0.95,1.0,0.5,
43000,h_plus_total_variance,0.02,,,0.15692158951147356,True,,,0.95,1.0,0.5,
43000,h_plus_total_variance,0.1,,,0.15723356700070662,False,,,0.95,1.0,0.5,
43000,h_plus_total_variance,0.002,,,0.20993135813220448,False,,,0.95,1.0,0.9,
43000,h_plus_total_variance,0.02,,,0.20269616155813186,False,,,0.95,1.0,0.9,
43000,h_plus_total_variance,0.1,,,0.2056194714109226,False,,,0.95,1.0,0.9,
43000,h_plus_total_variance,0.002,,,0.16335543274855369,False,,,0.95,4.0,0.1,
43000,h_plus_total_variance,0.02,,,0.15760040032880412,False,,,0.95,4.0,0.1,
43000,h_plus_total_variance,0.1,,,0.16094399828521125,False,,,0.95,4.0,0.1,
43000,h_plus_total_variance,0.002,,,0.1622929104332914,False,,,0.95,4.0,0.5,
43000,h_plus_total_variance,0.02,,,0.15728549404823877,False,,,0.95,4.0,0.5,
43000,h_plus_total_variance,0.1,,,0.1575257534663694,False,,,0.95,4.0,0.5,
43000,h_plus_total_variance,0.002,,,0.21043305914190238,False,,,0.95,4.0,0.9,
43000,h_plus_total_variance,0.02,,,0.20316760963550395,False,,,0.95,4.0,0.9,
43000,h_plus_total_variance,0.1,,,0.20587129621129246,False,,,0.95,4.0,0.9,
43000,h_plus_total_variance,0.002,,,0.16362710573753214,False,,,0.95,16.0,0.1,
43000,h_plus_total_variance,0.02,,,0.1578592791299456,False,,,0.95,16.0,0.1,
43000,h_plus_total_variance,0.1,,,0.16127001920938014,False,,,0.95,16.0,0.1,
43000,h_plus_total_variance,0.002,,,0.1637256175172135,False,,,0.95,16.0,0.5,
43000,h_plus_total_variance,0.02,,,0.15871781978551067,False,,,0.95,16.0,0.5,
43000,h_plus_total_variance,0.1,,,0.1587684994718443,False,,,0.95,16.0,0.5,
43000,h_plus_total_variance,0.002,,,0.21204753849048721,False,,,0.95,16.0,0.9,
43000,h_plus_total_variance,0.02,,,0.20474834175751275,False,,,0.95,16.0,0.9,
43000,h_plus_total_variance,0.1,,,0.20677892161943837,False,,,0.95,16.0,0.9,
43000,h_plus_total_variance,0.002,,,0.23864188514552817,False,,,0.99,1.0,0.1,
43000,h_plus_total_variance,0.02,,,0.24030623489302025,False,,,0.99,1.0,0.1,
43000,h_plus_total_variance,0.1,,,0.242873215803286,False,,,0.99,1.0,0.1,
43000,h_plus_total_variance,0.002,,,0.2547634409099573,False,,,0.99,1.0,0.5,
43000,h_plus_total_variance,0.02,,,0.24986727736886552,False,,,0.99,1.0,0.5,
43000,h_plus_total_variance,0.1,,,0.24786706952108714,False,,,0.99,1.0,0.5,
43000,h_plus_total_variance,0.002,,,0.3024003825309345,False,,,0.99,1.0,0.9,
43000,h_plus_total_variance,0.02,,,0.2918895881936368,False,,,0.99,1.0,0.9,
43000,h_plus_total_variance,0.1,,,0.28960575823041895,False,,,0.99,1.0,0.9,
43000,h_plus_total_variance,0.002,,,0.2368806821003363,False,,,0.99,4.0,0.1,
43000,h_plus_total_variance,0.02,,,0.2389650438132446,False,,,0.99,4.0,0.1,
43000,h_plus_total_variance,0.1,,,0.24141020163182375,False,,,0.99,4.0,0.1,
43000,h_plus_total_variance,0.002,,,0.25430101757880913,False,,,0.99,4.0,0.5,
43000,h_plus_total_variance,0.02,,,0.24953162923675917,False,,,0.99,4.0,0.5,
43000,h_plus_total_variance,0.1,,,0.24787406902676995,False,,,0.99,4.0,0.5,
43000,h_plus_total_variance,0.002,,,0.3025551374266288,False,,,0.99,4.0,0.9,
43000,h_plus_total_variance,0.02,,,0.29182722667432454,False,,,0.99,4.0,0.9,
43000,h_plus_total_variance,0.1,,,0.28965532588407833,False,,,0.99,4.0,0.9,
43000,h_plus_total_variance,0.002,,,0.2307213358021047,False,,,0.99,16.0,0.1,
43000,h_plus_total_variance,0.02,,,0.23669128565574069,False,,,0.99,16.0,0.1,
43000,h_plus_total_variance,0.1,,,0.23897980655270878,False,,,0.99,16.0,0.1,
43000,h_plus_total_variance,0.002,,,0.2530109554036145,False,,,0.99,16.0,0.5,
43000,h_plus_total_variance,0.02,,,0.2494329638872297,False,,,0.99,16.0,0.5,
43000,h_plus_total_variance,0.1,,,0.24898790372523807,False,,,0.99,16.0,0.5,
43000,h_plus_total_variance,0.002,,,0.30327645447917306,False,,,0.99,16.0,0.9,
43000,h_plus_total_variance,0.02,,,0.2923375086584824,False,,,0.99,16.0,0.9,
43000,h_plus_total_variance,0.1,,,0.2908045995703279,False,,,0.99,16.0,0.9,
43000,h_plus_total_variance,0.002,,,0.30128211829382745,False,,,1.0,1.0,0.1,
43000,h_plus_total_variance,0.02,,,0.29379519221212425,False,,,1.0,1.0,0.1,
43000,h_plus_total_variance,0.1,,,0.3016398005784154,False,,,1.0,1.0,0.1,
43000,h_plus_total_variance,0.002,,,0.3164804937557391,False,,,1.0,1.0,0.5,
43000,h_plus_total_variance,0.02,,,0.30547523654156655,False,,,1.0,1.0,0.5,
43000,h_plus_total_variance,0.1,,,0.304750074152772,False,,,1.0,1.0,0.5,
43000,h_plus_total_variance,0.002,,,0.36163938111579885,False,,,1.0,1.0,0.9,
43000,h_plus_total_variance,0.02,,,0.34449232497317006,False,,,1.0,1.0,0.9,
43000,h_plus_total_variance,0.1,,,0.34369013090702516,False,,,1.0,1.0,0.9,
43000,h_plus_total_variance,0.002,,,0.29660197821157447,False,,,1.0,4.0,0.1,
43000,h_plus_total_variance,0.02,,,0.29008845272153505,False,,,1.0,4.0,0.1,
43000,h_plus_total_variance,0.1,,,0.2979229640728953,False,,,1.0,4.0,0.1,
43000,h_plus_total_variance,0.002,,,0.3147161689460851,False,,,1.0,4.0,0.5,
43000,h_plus_total_variance,0.02,,,0.30394811487995405,False,,,1.0,4.0,0.5,
43000,h_plus_total_variance,0.1,,,0.3036516920557562,False,,,1.0,4.0,0.5,
43000,h_plus_total_variance,0.002,,,0.3604238164899058,False,,,1.0,4.0,0.9,
43000,h_plus_total_variance,0.02,,,0.3433934239482628,False,,,1.0,4.0,0.9,
43000,h_plus_total_variance,0.1,,,0.3427481568998576,False,,,1.0,4.0,0.9,
43000,h_plus_total_variance,0.002,,,0.2835702604624118,False,,,1.0,16.0,0.1,
43000,h_plus_total_variance,0.02,,,0.2827626094344656,False,,,1.0,16.0,0.1,
43000,h_plus_total_variance,0.1,,,0.2914167276843258,False,,,1.0,16.0,0.1,
43000,h_plus_total_variance,0.002,,,0.3114474431756766,False,,,1.0,16.0,0.5,
43000,h_plus_total_variance,0.02,,,0.3013318866284468,False,,,1.0,16.0,0.5,
43000,h_plus_total_variance,0.1,,,0.30295774134871034,False,,,1.0,16.0,0.5,
43000,h_plus_total_variance,0.002,,,0.3586318267177872,False,,,1.0,16.0,0.9,
43000,h_plus_total_variance,0.02,,,0.34188394470346933,False,,,1.0,16.0,0.9,
43000,h_plus_total_variance,0.1,,,0.34179290579043026,False,,,1.0,16.0,0.9,
43000,generator_supported_seen_mode_imm,,,,0.011836536356542913,False,,,,,,0.001
43000,generator_supported_seen_mode_imm,,,,-0.00045653477141568825,True,,,,,,0.01
43000,generator_supported_seen_mode_imm,,,,0.00798826216299766,False,,,,,,0.05
43001,learned_event_learned_qr,0.002,0.02,0.02,0.2144541200721065,False,,,,,,
43001,learned_event_learned_qr,0.002,0.02,0.1,0.14730285318459055,False,,,,,,
43001,learned_event_learned_qr,0.002,0.02,0.5,0.15923421575137983,False,,,,,,
43001,learned_event_learned_qr,0.002,0.1,0.02,0.19747144339319128,False,,,,,,
43001,learned_event_learned_qr,0.002,0.1,0.1,0.11401174382454486,False,,,,,,
43001,learned_event_learned_qr,0.002,0.1,0.5,0.13207480173658762,False,,,,,,
43001,learned_event_learned_qr,0.002,0.5,0.02,0.19471250932658232,False,,,,,,
43001,learned_event_learned_qr,0.002,0.5,0.1,0.09038941178673511,True,,,,,,
43001,learned_event_learned_qr,0.002,0.5,0.5,0.09924013920992751,False,,,,,,
43001,learned_event_learned_qr,0.02,0.02,0.02,0.21681753244021448,False,,,,,,
43001,learned_event_learned_qr,0.02,0.02,0.1,0.15715393540410527,False,,,,,,
43001,learned_event_learned_qr,0.02,0.02,0.5,0.16714758259952142,False,,,,,,
43001,learned_event_learned_qr,0.02,0.1,0.02,0.19886854607845061,False,,,,,,
43001,learned_event_learned_qr,0.02,0.1,0.1,0.11820961038477279,False,,,,,,
43001,learned_event_learned_qr,0.02,0.1,0.5,0.13360993364094065,False,,,,,,
43001,learned_event_learned_qr,0.02,0.5,0.02,0.1978621879576271,False,,,,,,
43001,learned_event_learned_qr,0.02,0.5,0.1,0.09552013655454303,False,,,,,,
43001,learned_event_learned_qr,0.02,0.5,0.5,0.09974976994975193,False,,,,,,
43001,learned_event_learned_qr,0.1,0.02,0.02,0.22408829117455603,False,,,,,,
43001,learned_event_learned_qr,0.1,0.02,0.1,0.16365609167716375,False,,,,,,
43001,learned_event_learned_qr,0.1,0.02,0.5,0.17579384004276466,False,,,,,,
43001,learned_event_learned_qr,0.1,0.1,0.02,0.20917322119788118,False,,,,,,
43001,learned_event_learned_qr,0.1,0.1,0.1,0.12555394570546569,False,,,,,,
43001,learned_event_learned_qr,0.1,0.1,0.5,0.143569568229429,False,,,,,,
43001,learned_event_learned_qr,0.1,0.5,0.02,0.21596582982724577,False,,,,,,
43001,learned_event_learned_qr,0.1,0.5,0.1,0.1057490806072397,False,,,,,,
43001,learned_event_learned_qr,0.1,0.5,0.5,0.10911331308563657,False,,,,,,
43001,selected_fixed_jump,,,,0.7264462060013882,False,0.0025,0.01,,,,
43001,selected_fixed_jump,,,,0.33378555829847895,False,0.0025,0.04,,,,
43001,selected_fixed_jump,,,,0.4599025655751983,False,0.0025,0.16,,,,
43001,selected_fixed_jump,,,,0.43824308121357297,False,0.02,0.01,,,,
43001,selected_fixed_jump,,,,0.2844661959727587,True,0.02,0.04,,,,
43001,selected_fixed_jump,,,,0.47077694577198925,False,0.02,0.16,,,,
43001,selected_fixed_jump,,,,0.36768267217411216,False,0.04,0.01,,,,
43001,selected_fixed_jump,,,,0.31474486741744795,False,0.04,0.04,,,,
43001,selected_fixed_jump,,,,0.5107147954746387,False,0.04,0.16,,,,
43001,h_plus_total_variance,0.002,,,0.12459396478957527,False,,,0.95,1.0,0.1,
43001,h_plus_total_variance,0.02,,,0.12746559292309698,False,,,0.95,1.0,0.1,
43001,h_plus_total_variance,0.1,,,0.1379270968841009,False,,,0.95,1.0,0.1,
43001,h_plus_total_variance,0.002,,,0.128943216537608,False,,,0.95,1.0,0.5,
43001,h_plus_total_variance,0.02,,,0.1327286574963503,False,,,0.95,1.0,0.5,
43001,h_plus_total_variance,0.1,,,0.1394199849466752,False,,,0.95,1.0,0.5,
43001,h_plus_total_variance,0.002,,,0.17897643680348693,False,,,0.95,1.0,0.9,
43001,h_plus_total_variance,0.02,,,0.180495425526999,False,,,0.95,1.0,0.9,
43001,h_plus_total_variance,0.1,,,0.18961723874279343,False,,,0.95,1.0,0.9,
43001,h_plus_total_variance,0.002,,,0.12445019528024812,True,,,0.95,4.0,0.1,
43001,h_plus_total_variance,0.02,,,0.12734382667200272,False,,,0.95,4.0,0.1,
43001,h_plus_total_variance,0.1,,,0.13785987542959455,False,,,0.95,4.0,0.1,
43001,h_plus_total_variance,0.002,,,0.1295109866743188,False,,,0.95,4.0,0.5,
43001,h_plus_total_variance,0.02,,,0.13322505416070912,False,,,0.95,4.0,0.5,
43001,h_plus_total_variance,0.1,,,0.13984078827085514,False,,,0.95,4.0,0.5,
43001,h_plus_total_variance,0.002,,,0.17945863969415324,False,,,0.95,4.0,0.9,
43001,h_plus_total_variance,0.02,,,0.18087959075798218,False,,,0.95,4.0,0.9,
43001,h_plus_total_variance,0.1,,,0.19004405198791782,False,,,0.95,4.0,0.9,
43001,h_plus_total_variance,0.002,,,0.12483666534723437,False,,,0.95,16.0,0.1,
43001,h_plus_total_variance,0.02,,,0.12782927527391685,False,,,0.95,16.0,0.1,
43001,h_plus_total_variance,0.1,,,0.1383217913938277,False,,,0.95,16.0,0.1,
43001,h_plus_total_variance,0.002,,,0.13106362206292704,False,,,0.95,16.0,0.5,
43001,h_plus_total_variance,0.02,,,0.13457142479164005,False,,,0.95,16.0,0.5,
43001,h_plus_total_variance,0.1,,,0.1409539320747949,False,,,0.95,16.0,0.5,
43001,h_plus_total_variance,0.002,,,0.1808984061120117,False,,,0.95,16.0,0.9,
43001,h_plus_total_variance,0.02,,,0.18206193187886216,False,,,0.95,16.0,0.9,
43001,h_plus_total_variance,0.1,,,0.19133144811562522,False,,,0.95,16.0,0.9,
43001,h_plus_total_variance,0.002,,,0.22322582981385908,False,,,0.99,1.0,0.1,
43001,h_plus_total_variance,0.02,,,0.22613601246501552,False,,,0.99,1.0,0.1,
43001,h_plus_total_variance,0.1,,,0.23438911058082296,False,,,0.99,1.0,0.1,
43001,h_plus_total_variance,0.002,,,0.2353757497359542,False,,,0.99,1.0,0.5,
43001,h_plus_total_variance,0.02,,,0.23838363814200322,False,,,0.99,1.0,0.5,
43001,h_plus_total_variance,0.1,,,0.2398224266246787,False,,,0.99,1.0,0.5,
43001,h_plus_total_variance,0.002,,,0.28307746219320407,False,,,0.99,1.0,0.9,
43001,h_plus_total_variance,0.02,,,0.2823566938292331,False,,,0.99,1.0,0.9,
43001,h_plus_total_variance,0.1,,,0.2855834598606708,False,,,0.99,1.0,0.9,
43001,h_plus_total_variance,0.002,,,0.21750508532657642,False,,,0.99,4.0,0.1,
43001,h_plus_total_variance,0.02,,,0.2238692479097612,False,,,0.99,4.0,0.1,
43001,h_plus_total_variance,0.1,,,0.23343593159680967,False,,,0.99,4.0,0.1,
43001,h_plus_total_variance,0.002,,,0.2351915543079245,False,,,0.99,4.0,0.5,
43001,h_plus_total_variance,0.02,,,0.23715970870625108,False,,,0.99,4.0,0.5,
43001,h_plus_total_variance,0.1,,,0.23875774185186543,False,,,0.99,4.0,0.5,
43001,h_plus_total_variance,0.002,,,0.28266508085995146,False,,,0.99,4.0,0.9,
43001,h_plus_total_variance,0.02,,,0.28117690507951515,False,,,0.99,4.0,0.9,
43001,h_plus_total_variance,0.1,,,0.28485474091818497,False,,,0.99,4.0,0.9,
43001,h_plus_total_variance,0.002,,,0.21305464857534392,False,,,0.99,16.0,0.1,
43001,h_plus_total_variance,0.02,,,0.22193438557715128,False,,,0.99,16.0,0.1,
43001,h_plus_total_variance,0.1,,,0.23170896953350115,False,,,0.99,16.0,0.1,
43001,h_plus_total_variance,0.002,,,0.23332955916626041,False,,,0.99,16.0,0.5,
43001,h_plus_total_variance,0.02,,,0.23357883855282255,False,,,0.99,16.0,0.5,
43001,h_plus_total_variance,0.1,,,0.23715327551159937,False,,,0.99,16.0,0.5,
43001,h_plus_total_variance,0.002,,,0.282163826308298,False,,,0.99,16.0,0.9,
43001,h_plus_total_variance,0.02,,,0.28011848681191476,False,,,0.99,16.0,0.9,
43001,h_plus_total_variance,0.1,,,0.28421045570661996,False,,,0.99,16.0,0.9,
43001,h_plus_total_variance,0.002,,,0.3110897675011726,False,,,1.0,1.0,0.1,
43001,h_plus_total_variance,0.02,,,0.2973966673152155,False,,,1.0,1.0,0.1,
43001,h_plus_total_variance,0.1,,,0.3088704435991107,False,,,1.0,1.0,0.1,
43001,h_plus_total_variance,0.002,,,0.3255308732752515,False,,,1.0,1.0,0.5,
43001,h_plus_total_variance,0.02,,,0.3017341457372933,False,,,1.0,1.0,0.5,
43001,h_plus_total_variance,0.1,,,0.30770680874127876,False,,,1.0,1.0,0.5,
43001,h_plus_total_variance,0.002,,,0.37002742533484834,False,,,1.0,1.0,0.9,
43001,h_plus_total_variance,0.02,,,0.33790805445219063,False,,,1.0,1.0,0.9,
43001,h_plus_total_variance,0.1,,,0.3400110694934455,False,,,1.0,1.0,0.9,
43001,h_plus_total_variance,0.002,,,0.30596018250369256,False,,,1.0,4.0,0.1,
43001,h_plus_total_variance,0.02,,,0.29411105745139693,False,,,1.0,4.0,0.1,
43001,h_plus_total_variance,0.1,,,0.3056389346619694,False,,,1.0,4.0,0.1,
43001,h_plus_total_variance,0.002,,,0.32397503710304476,False,,,1.0,4.0,0.5,
43001,h_plus_total_variance,0.02,,,0.2990315270184697,False,,,1.0,4.0,0.5,
43001,h_plus_total_variance,0.1,,,0.3056126486461075,False,,,1.0,4.0,0.5,
43001,h_plus_total_variance,0.002,,,0.368646438715968,False,,,1.0,4.0,0.9,
43001,h_plus_total_variance,0.02,,,0.33546922680905833,False,,,1.0,4.0,0.9,
43001,h_plus_total_variance,0.1,,,0.3381920879124569,False,,,1.0,4.0,0.9,
43001,h_plus_total_variance,0.002,,,0.29841372474085226,False,,,1.0,16.0,0.1,
43001,h_plus_total_variance,0.02,,,0.28898564222593315,False,,,1.0,16.0,0.1,
43001,h_plus_total_variance,0.1,,,0.29778458865140556,False,,,1.0,16.0,0.1,
43001,h_plus_total_variance,0.002,,,0.3208519520823175,False,,,1.0,16.0,0.5,
43001,h_plus_total_variance,0.02,,,0.29935343982436247,False,,,1.0,16.0,0.5,
43001,h_plus_total_variance,0.1,,,0.30691433880086016,False,,,1.0,16.0,0.5,
43001,h_plus_total_variance,0.002,,,0.367024167070259,False,,,1.0,16.0,0.9,
43001,h_plus_total_variance,0.02,,,0.3346871015772916,False,,,1.0,16.0,0.9,
43001,h_plus_total_variance,0.1,,,0.33759765023471894,False,,,1.0,16.0,0.9,
43001,generator_supported_seen_mode_imm,,,,-0.0014376523927874159,False,,,,,,0.001
43001,generator_supported_seen_mode_imm,,,,-0.013056534642672871,True,,,,,,0.01
43001,generator_supported_seen_mode_imm,,,,-0.0034296376897069427,False,,,,,,0.05
43002,learned_event_learned_qr,0.002,0.02,0.02,0.19396960494558713,False,,,,,,
43002,learned_event_learned_qr,0.002,0.02,0.1,0.12131187976199229,False,,,,,,
43002,learned_event_learned_qr,0.002,0.02,0.5,0.1402157541972249,False,,,,,,
43002,learned_event_learned_qr,0.002,0.1,0.02,0.16782227371571756,False,,,,,,
43002,learned_event_learned_qr,0.002,0.1,0.1,0.09716161136544213,False,,,,,,
43002,learned_event_learned_qr,0.002,0.1,0.5,0.11245870058580658,False,,,,,,
43002,learned_event_learned_qr,0.002,0.5,0.02,0.1660092198313816,False,,,,,,
43002,learned_event_learned_qr,0.002,0.5,0.1,0.07400162186765634,False,,,,,,
43002,learned_event_learned_qr,0.002,0.5,0.5,0.07389090647460879,True,,,,,,
43002,learned_event_learned_qr,0.02,0.02,0.02,0.18753196398230446,False,,,,,,
43002,learned_event_learned_qr,0.02,0.02,0.1,0.1254796430809685,False,,,,,,
43002,learned_event_learned_qr,0.02,0.02,0.5,0.13884925912615076,False,,,,,,
43002,learned_event_learned_qr,0.02,0.1,0.02,0.16390768493048685,False,,,,,,
43002,learned_event_learned_qr,0.02,0.1,0.1,0.09781804775840025,False,,,,,,
43002,learned_event_learned_qr,0.02,0.1,0.5,0.1113818876367695,False,,,,,,
43002,learned_event_learned_qr,0.02,0.5,0.02,0.16717048227700262,False,,,,,,
43002,learned_event_learned_qr,0.02,0.5,0.1,0.07886478938699666,False,,,,,,
43002,learned_event_learned_qr,0.02,0.5,0.5,0.07719144295737607,False,,,,,,
43002,learned_event_learned_qr,0.1,0.02,0.02,0.1981867883800025,False,,,,,,
43002,learned_event_learned_qr,0.1,0.02,0.1,0.13322629069688013,False,,,,,,
43002,learned_event_learned_qr,0.1,0.02,0.5,0.14869438978038885,False,,,,,,
43002,learned_event_learned_qr,0.1,0.1,0.02,0.1753477494674729,False,,,,,,
43002,learned_event_learned_qr,0.1,0.1,0.1,0.1060348669427103,False,,,,,,
43002,learned_event_learned_qr,0.1,0.1,0.5,0.1220987766134885,False,,,,,,
43002,learned_event_learned_qr,0.1,0.5,0.02,0.18501571057646776,False,,,,,,
43002,learned_event_learned_qr,0.1,0.5,0.1,0.09159746814184443,False,,,,,,
43002,learned_event_learned_qr,0.1,0.5,0.5,0.0869757485075669,False,,,,,,
43002,selected_fixed_jump,,,,0.7377903039056718,False,0.0025,0.01,,,,
43002,selected_fixed_jump,,,,0.33727295915197947,False,0.0025,0.04,,,,
43002,selected_fixed_jump,,,,0.4566624026370337,False,0.0025,0.16,,,,
43002,selected_fixed_jump,,,,0.43561258673394604,False,0.02,0.01,,,,
43002,selected_fixed_jump,,,,0.27479051305754054,True,0.02,0.04,,,,
43002,selected_fixed_jump,,,,0.4612999547225953,False,0.02,0.16,,,,
43002,selected_fixed_jump,,,,0.36728327048575865,False,0.04,0.01,,,,
43002,selected_fixed_jump,,,,0.3033593343049941,False,0.04,0.04,,,,
43002,selected_fixed_jump,,,,0.5002493760240532,False,0.04,0.16,,,,
43002,h_plus_total_variance,0.002,,,0.11545804937684793,False,,,0.95,1.0,0.1,
43002,h_plus_total_variance,0.02,,,0.11224837130221882,False,,,0.95,1.0,0.1,
43002,h_plus_total_variance,0.1,,,0.12967019044242964,False,,,0.95,1.0,0.1,
43002,h_plus_total_variance,0.002,,,0.1130970727118999,False,,,0.95,1.0,0.5,
43002,h_plus_total_variance,0.02,,,0.10724072470732951,False,,,0.95,1.0,0.5,
43002,h_plus_total_variance,0.1,,,0.1171565149592646,False,,,0.95,1.0,0.5,
43002,h_plus_total_variance,0.002,,,0.16178764978340998,False,,,0.95,1.0,0.9,
43002,h_plus_total_variance,0.02,,,0.15568051338904723,False,,,0.95,1.0,0.9,
43002,h_plus_total_variance,0.1,,,0.16483244711570785,False,,,0.95,1.0,0.9,
43002,h_plus_total_variance,0.002,,,0.11450187448185704,False,,,0.95,4.0,0.1,
43002,h_plus_total_variance,0.02,,,0.11132850396802928,False,,,0.95,4.0,0.1,
43002,h_plus_total_variance,0.1,,,0.12870678997191137,False,,,0.95,4.0,0.1,
43002,h_plus_total_variance,0.002,,,0.11291059451372537,False,,,0.95,4.0,0.5,
43002,h_plus_total_variance,0.02,,,0.10705626939182736,True,,,0.95,4.0,0.5,
43002,h_plus_total_variance,0.1,,,0.11697209257619841,False,,,0.95,4.0,0.5,
43002,h_plus_total_variance,0.002,,,0.1616997207267075,False,,,0.95,4.0,0.9,
43002,h_plus_total_variance,0.02,,,0.1555959627759053,False,,,0.95,4.0,0.9,
43002,h_plus_total_variance,0.1,,,0.16473641001918143,False,,,0.95,4.0,0.9,
43002,h_plus_total_variance,0.002,,,0.11403012217470766,False,,,0.95,16.0,0.1,
43002,h_plus_total_variance,0.02,,,0.1108802389244007,False,,,0.95,16.0,0.1,
43002,h_plus_total_variance,0.1,,,0.12821617103143898,False,,,0.95,16.0,0.1,
43002,h_plus_total_variance,0.002,,,0.11336020300967044,False,,,0.95,16.0,0.5,
43002,h_plus_total_variance,0.02,,,0.10750767977766301,False,,,0.95,16.0,0.5,
43002,h_plus_total_variance,0.1,,,0.11741181653144789,False,,,0.95,16.0,0.5,
43002,h_plus_total_variance,0.002,,,0.1621731579188638,False,,,0.95,16.0,0.9,
43002,h_plus_total_variance,0.02,,,0.15607241914812497,False,,,0.95,16.0,0.9,
43002,h_plus_total_variance,0.1,,,0.16519506049486304,False,,,0.95,16.0,0.9,
43002,h_plus_total_variance,0.002,,,0.19247518297709526,False,,,0.99,1.0,0.1,
43002,h_plus_total_variance,0.02,,,0.19675787361866284,False,,,0.99,1.0,0.1,
43002,h_plus_total_variance,0.1,,,0.21387627772824666,False,,,0.99,1.0,0.1,
43002,h_plus_total_variance,0.002,,,0.20975798781579486,False,,,0.99,1.0,0.5,
43002,h_plus_total_variance,0.02,,,0.20477889030938795,False,,,0.99,1.0,0.5,
43002,h_plus_total_variance,0.1,,,0.21334976550529242,False,,,0.99,1.0,0.5,
43002,h_plus_total_variance,0.002,,,0.2630399971132933,False,,,0.99,1.0,0.9,
43002,h_plus_total_variance,0.02,,,0.25033961263239557,False,,,0.99,1.0,0.9,
43002,h_plus_total_variance,0.1,,,0.2552090075397903,False,,,0.99,1.0,0.9,
43002,h_plus_total_variance,0.002,,,0.19135142744336064,False,,,0.99,4.0,0.1,
43002,h_plus_total_variance,0.02,,,0.1955502078950047,False,,,0.99,4.0,0.1,
43002,h_plus_total_variance,0.1,,,0.2128361887514192,False,,,0.99,4.0,0.1,
43002,h_plus_total_variance,0.002,,,0.20978458686155393,False,,,0.99,4.0,0.5,
43002,h_plus_total_variance,0.02,,,0.20483652086402765,False,,,0.99,4.0,0.5,
43002,h_plus_total_variance,0.1,,,0.21339555620673392,False,,,0.99,4.0,0.5,
43002,h_plus_total_variance,0.002,,,0.2630944578058388,False,,,0.99,4.0,0.9,
43002,h_plus_total_variance,0.02,,,0.2504237699035666,False,,,0.99,4.0,0.9,
43002,h_plus_total_variance,0.1,,,0.2552866196463767,False,,,0.99,4.0,0.9,
43002,h_plus_total_variance,0.002,,,0.19103325215932435,False,,,0.99,16.0,0.1,
43002,h_plus_total_variance,0.02,,,0.19503783634922653,False,,,0.99,16.0,0.1,
43002,h_plus_total_variance,0.1,,,0.21264504888845634,False,,,0.99,16.0,0.1,
43002,h_plus_total_variance,0.002,,,0.21117957088104136,False,,,0.99,16.0,0.5,
43002,h_plus_total_variance,0.02,,,0.20632706805535392,False,,,0.99,16.0,0.5,
43002,h_plus_total_variance,0.1,,,0.2148263378045498,False,,,0.99,16.0,0.5,
43002,h_plus_total_variance,0.002,,,0.26434398393095826,False,,,0.99,16.0,0.9,
43002,h_plus_total_variance,0.02,,,0.25176305919856584,False,,,0.99,16.0,0.9,
43002,h_plus_total_variance,0.1,,,0.25660192591041414,False,,,0.99,16.0,0.9,
43002,h_plus_total_variance,0.002,,,0.3371714670963659,False,,,1.0,1.0,0.1,
43002,h_plus_total_variance,0.02,,,0.33166219878384445,False,,,1.0,1.0,0.1,
43002,h_plus_total_variance,0.1,,,0.34139420831686124,False,,,1.0,1.0,0.1,
43002,h_plus_total_variance,0.002,,,0.336276522634941,False,,,1.0,1.0,0.5,
43002,h_plus_total_variance,0.02,,,0.31752278953660673,False,,,1.0,1.0,0.5,
43002,h_plus_total_variance,0.1,,,0.31820879348557385,False,,,1.0,1.0,0.5,
43002,h_plus_total_variance,0.002,,,0.3843269367900188,False,,,1.0,1.0,0.9,
43002,h_plus_total_variance,0.02,,,0.3553724174093001,False,,,1.0,1.0,0.9,
43002,h_plus_total_variance,0.1,,,0.35376247607036493,False,,,1.0,1.0,0.9,
43002,h_plus_total_variance,0.002,,,0.3334396808043938,False,,,1.0,4.0,0.1,
43002,h_plus_total_variance,0.02,,,0.32858208700687097,False,,,1.0,4.0,0.1,
43002,h_plus_total_variance,0.1,,,0.3382316496296062,False,,,1.0,4.0,0.1,
43002,h_plus_total_variance,0.002,,,0.3351947812822557,False,,,1.0,4.0,0.5,
43002,h_plus_total_variance,0.02,,,0.31683373756227773,False,,,1.0,4.0,0.5,
43002,h_plus_total_variance,0.1,,,0.3176580768242989,False,,,1.0,4.0,0.5,
43002,h_plus_total_variance,0.002,,,0.38342171589305685,False,,,1.0,4.0,0.9,
43002,h_plus_total_variance,0.02,,,0.3547527338871252,False,,,1.0,4.0,0.9,
43002,h_plus_total_variance,0.1,,,0.35328272269505706,False,,,1.0,4.0,0.9,
43002,h_plus_total_variance,0.002,,,0.32345271827127253,False,,,1.0,16.0,0.1,
43002,h_plus_total_variance,0.02,,,0.3219247154709902,False,,,1.0,16.0,0.1,
43002,h_plus_total_variance,0.1,,,0.33051945284585066,False,,,1.0,16.0,0.1,
43002,h_plus_total_variance,0.002,,,0.3331129324520843,False,,,1.0,16.0,0.5,
43002,h_plus_total_variance,0.02,,,0.31589002207334693,False,,,1.0,16.0,0.5,
43002,h_plus_total_variance,0.1,,,0.3171486336477281,False,,,1.0,16.0,0.5,
43002,h_plus_total_variance,0.002,,,0.3816780373283244,False,,,1.0,16.0,0.9,
43002,h_plus_total_variance,0.02,,,0.3539772863470278,False,,,1.0,16.0,0.9,
43002,h_plus_total_variance,0.1,,,0.3529985760647247,False,,,1.0,16.0,0.9,
43002,generator_supported_seen_mode_imm,,,,-0.025422393375042287,False,,,,,,0.001
43002,generator_supported_seen_mode_imm,,,,-0.03600506745678214,True,,,,,,0.01
43002,generator_supported_seen_mode_imm,,,,-0.024949055779506343,False,,,,,,0.05
43003,learned_event_learned_qr,0.002,0.02,0.02,0.15341061028387243,False,,,,,,
43003,learned_event_learned_qr,0.002,0.02,0.1,0.0939806867530718,False,,,,,,
43003,learned_event_learned_qr,0.002,0.02,0.5,0.12373329570790213,False,,,,,,
43003,learned_event_learned_qr,0.002,0.1,0.02,0.13377026471490955,False,,,,,,
43003,learned_event_learned_qr,0.002,0.1,0.1,0.07166166944898938,False,,,,,,
43003,learned_event_learned_qr,0.002,0.1,0.5,0.09386926261417346,False,,,,,,
43003,learned_event_learned_qr,0.002,0.5,0.02,0.13576121530850016,False,,,,,,
43003,learned_event_learned_qr,0.002,0.5,0.1,0.05080465225549227,True,,,,,,
43003,learned_event_learned_qr,0.002,0.5,0.5,0.06370602306305137,False,,,,,,
43003,learned_event_learned_qr,0.02,0.02,0.02,0.15066423449849886,False,,,,,,
43003,learned_event_learned_qr,0.02,0.02,0.1,0.09722086712583779,False,,,,,,
43003,learned_event_learned_qr,0.02,0.02,0.5,0.1258394889716094,False,,,,,,
43003,learned_event_learned_qr,0.02,0.1,0.02,0.13195925767561334,False,,,,,,
43003,learned_event_learned_qr,0.02,0.1,0.1,0.07235837898578575,False,,,,,,
43003,learned_event_learned_qr,0.02,0.1,0.5,0.0944498096620436,False,,,,,,
43003,learned_event_learned_qr,0.02,0.5,0.02,0.13552830777824454,False,,,,,,
43003,learned_event_learned_qr,0.02,0.5,0.1,0.05388062520895896,False,,,,,,
43003,learned_event_learned_qr,0.02,0.5,0.5,0.06426319000921207,False,,,,,,
43003,learned_event_learned_qr,0.1,0.02,0.02,0.15628302196138272,False,,,,,,
43003,learned_event_learned_qr,0.1,0.02,0.1,0.1035964304988799,False,,,,,,
43003,learned_event_learned_qr,0.1,0.02,0.5,0.13306217722009023,False,,,,,,
43003,learned_event_learned_qr,0.1,0.1,0.02,0.1379035861748169,False,,,,,,
43003,learned_event_learned_qr,0.1,0.1,0.1,0.08052444046707231,False,,,,,,
43003,learned_event_learned_qr,0.1,0.1,0.5,0.10231872242320068,False,,,,,,
43003,learned_event_learned_qr,0.1,0.5,0.02,0.14663253390277226,False,,,,,,
43003,learned_event_learned_qr,0.1,0.5,0.1,0.06196029303378428,False,,,,,,
43003,learned_event_learned_qr,0.1,0.5,0.5,0.07231190427020556,False,,,,,,
43003,selected_fixed_jump,,,,0.6579820905826305,False,0.0025,0.01,,,,
43003,selected_fixed_jump,,,,0.27972256549485774,False,0.0025,0.04,,,,
43003,selected_fixed_jump,,,,0.42324481783064916,False,0.0025,0.16,,,,
43003,selected_fixed_jump,,,,0.3811173852544764,False,0.02,0.01,,,,
43003,selected_fixed_jump,,,,0.23843017165275596,True,0.02,0.04,,,,
43003,selected_fixed_jump,,,,0.4418065376473306,False,0.02,0.16,,,,
43003,selected_fixed_jump,,,,0.3207668613146878,False,0.04,0.01,,,,
43003,selected_fixed_jump,,,,0.272084669429857,False,0.04,0.04,,,,
43003,selected_fixed_jump,,,,0.4827783541220288,False,0.04,0.16,,,,
43003,h_plus_total_variance,0.002,,,0.07674008061267873,True,,,0.95,1.0,0.1,
43003,h_plus_total_variance,0.02,,,0.07926181070718505,False,,,0.95,1.0,0.1,
43003,h_plus_total_variance,0.1,,,0.09085050419321133,False,,,0.95,1.0,0.1,
43003,h_plus_total_variance,0.002,,,0.08498049789792514,False,,,0.95,1.0,0.5,
43003,h_plus_total_variance,0.02,,,0.08429894129746558,False,,,0.95,1.0,0.5,
43003,h_plus_total_variance,0.1,,,0.09336045675498668,False,,,0.95,1.0,0.5,
43003,h_plus_total_variance,0.002,,,0.13815241381625182,False,,,0.95,1.0,0.9,
43003,h_plus_total_variance,0.02,,,0.13640772781740565,False,,,0.95,1.0,0.9,
43003,h_plus_total_variance,0.1,,,0.14515586719535542,False,,,0.95,1.0,0.9,
43003,h_plus_total_variance,0.002,,,0.07681305456808801,False,,,0.95,4.0,0.1,
43003,h_plus_total_variance,0.02,,,0.07933393837392301,False,,,0.95,4.0,0.1,
43003,h_plus_total_variance,0.1,,,0.09092874552741165,False,,,0.95,4.0,0.1,
43003,h_plus_total_variance,0.002,,,0.08566959923009604,False,,,0.95,4.0,0.5,
43003,h_plus_total_variance,0.02,,,0.084985241810018,False,,,0.95,4.0,0.5,
43003,h_plus_total_variance,0.1,,,0.09404017929819417,False,,,0.95,4.0,0.5,
43003,h_plus_total_variance,0.002,,,0.13869244161003513,False,,,0.95,4.0,0.9,
43003,h_plus_total_variance,0.02,,,0.1369472183573724,False,,,0.95,4.0,0.9,
43003,h_plus_total_variance,0.1,,,0.14569344611727464,False,,,0.95,4.0,0.9,
43003,h_plus_total_variance,0.002,,,0.07742175538181278,False,,,0.95,16.0,0.1,
43003,h_plus_total_variance,0.02,,,0.08000458133156102,False,,,0.95,16.0,0.1,
43003,h_plus_total_variance,0.1,,,0.09161385684540943,False,,,0.95,16.0,0.1,
43003,h_plus_total_variance,0.002,,,0.08737578166655992,False,,,0.95,16.0,0.5,
43003,h_plus_total_variance,0.02,,,0.08668838163062595,False,,,0.95,16.0,0.5,
43003,h_plus_total_variance,0.1,,,0.09573073220978544,False,,,0.95,16.0,0.5,
43003,h_plus_total_variance,0.002,,,0.1401995020680719,False,,,0.95,16.0,0.9,
43003,h_plus_total_variance,0.02,,,0.1384611338370081,False,,,0.95,16.0,0.9,
43003,h_plus_total_variance,0.1,,,0.14720187338152385,False,,,0.95,16.0,0.9,
43003,h_plus_total_variance,0.002,,,0.161120707400529,False,,,0.99,1.0,0.1,
43003,h_plus_total_variance,0.02,,,0.15694299298178377,False,,,0.99,1.0,0.1,
43003,h_plus_total_variance,0.1,,,0.16672127976799375,False,,,0.99,1.0,0.1,
43003,h_plus_total_variance,0.002,,,0.18168771234078904,False,,,0.99,1.0,0.5,
43003,h_plus_total_variance,0.02,,,0.17467447638611755,False,,,0.99,1.0,0.5,
43003,h_plus_total_variance,0.1,,,0.1788617958963229,False,,,0.99,1.0,0.5,
43003,h_plus_total_variance,0.002,,,0.2348526108650354,False,,,0.99,1.0,0.9,
43003,h_plus_total_variance,0.02,,,0.2227258291723242,False,,,0.99,1.0,0.9,
43003,h_plus_total_variance,0.1,,,0.22546609204915516,False,,,0.99,1.0,0.9,
43003,h_plus_total_variance,0.002,,,0.16065902267494847,False,,,0.99,4.0,0.1,
43003,h_plus_total_variance,0.02,,,0.15649286414704205,False,,,0.99,4.0,0.1,
43003,h_plus_total_variance,0.1,,,0.16652800560235212,False,,,0.99,4.0,0.1,
43003,h_plus_total_variance,0.002,,,0.18235384133339366,False,,,0.99,4.0,0.5,
43003,h_plus_total_variance,0.02,,,0.17544289535539012,False,,,0.99,4.0,0.5,
43003,h_plus_total_variance,0.1,,,0.17964693731001827,False,,,0.99,4.0,0.5,
43003,h_plus_total_variance,0.002,,,0.23531643055991117,False,,,0.99,4.0,0.9,
43003,h_plus_total_variance,0.02,,,0.2232830966676761,False,,,0.99,4.0,0.9,
43003,h_plus_total_variance,0.1,,,0.2261171834736846,False,,,0.99,4.0,0.9,
43003,h_plus_total_variance,0.002,,,0.16029645888760163,False,,,0.99,16.0,0.1,
43003,h_plus_total_variance,0.02,,,0.1565848787133359,False,,,0.99,16.0,0.1,
43003,h_plus_total_variance,0.1,,,0.1666834084781194,False,,,0.99,16.0,0.1,
43003,h_plus_total_variance,0.002,,,0.18429957279453013,False,,,0.99,16.0,0.5,
43003,h_plus_total_variance,0.02,,,0.17773326554300334,False,,,0.99,16.0,0.5,
43003,h_plus_total_variance,0.1,,,0.18185781615097504,False,,,0.99,16.0,0.5,
43003,h_plus_total_variance,0.002,,,0.23701924421308998,False,,,0.99,16.0,0.9,
43003,h_plus_total_variance,0.02,,,0.22533322601406003,False,,,0.99,16.0,0.9,
43003,h_plus_total_variance,0.1,,,0.22831552098253727,False,,,0.99,16.0,0.9,
43003,h_plus_total_variance,0.002,,,0.26660106949326146,False,,,1.0,1.0,0.1,
43003,h_plus_total_variance,0.02,,,0.25253560223213056,False,,,1.0,1.0,0.1,
43003,h_plus_total_variance,0.1,,,0.2633366001693632,False,,,1.0,1.0,0.1,
43003,h_plus_total_variance,0.002,,,0.2864867280475271,False,,,1.0,1.0,0.5,
43003,h_plus_total_variance,0.02,,,0.2707048156157271,False,,,1.0,1.0,0.5,
43003,h_plus_total_variance,0.1,,,0.27195331780274895,False,,,1.0,1.0,0.5,
43003,h_plus_total_variance,0.002,,,0.33358164317089906,False,,,1.0,1.0,0.9,
43003,h_plus_total_variance,0.02,,,0.3120801740473788,False,,,1.0,1.0,0.9,
43003,h_plus_total_variance,0.1,,,0.3122501051252795,False,,,1.0,1.0,0.9,
43003,h_plus_total_variance,0.002,,,0.26320420353829227,False,,,1.0,4.0,0.1,
43003,h_plus_total_variance,0.02,,,0.24805336846466114,False,,,1.0,4.0,0.1,
43003,h_plus_total_variance,0.1,,,0.2592255719591951,False,,,1.0,4.0,0.1,
43003,h_plus_total_variance,0.002,,,0.28561418571739544,False,,,1.0,4.0,0.5,
43003,h_plus_total_variance,0.02,,,0.2699901188788286,False,,,1.0,4.0,0.5,
43003,h_plus_total_variance,0.1,,,0.27159666710873376,False,,,1.0,4.0,0.5,
43003,h_plus_total_variance,0.002,,,0.33287541240147145,False,,,1.0,4.0,0.9,
43003,h_plus_total_variance,0.02,,,0.31147876770739796,False,,,1.0,4.0,0.9,
43003,h_plus_total_variance,0.1,,,0.31198137691614075,False,,,1.0,4.0,0.9,
43003,h_plus_total_variance,0.002,,,0.2564192829458848,False,,,1.0,16.0,0.1,
43003,h_plus_total_variance,0.02,,,0.24185325446194797,False,,,1.0,16.0,0.1,
43003,h_plus_total_variance,0.1,,,0.2535151635767776,False,,,1.0,16.0,0.1,
43003,h_plus_total_variance,0.002,,,0.2840763764372553,False,,,1.0,16.0,0.5,
43003,h_plus_total_variance,0.02,,,0.2706845905209545,False,,,1.0,16.0,0.5,
43003,h_plus_total_variance,0.1,,,0.2735343088580378,False,,,1.0,16.0,0.5,
43003,h_plus_total_variance,0.002,,,0.3316824079063639,False,,,1.0,16.0,0.9,
43003,h_plus_total_variance,0.02,,,0.3116234177337176,False,,,1.0,16.0,0.9,
43003,h_plus_total_variance,0.1,,,0.31274436755844665,False,,,1.0,16.0,0.9,
43003,generator_supported_seen_mode_imm,,,,-0.027556687291766507,False,,,,,,0.001
43003,generator_supported_seen_mode_imm,,,,-0.03745035853329813,True,,,,,,0.01
43003,generator_supported_seen_mode_imm,,,,-0.02696474346956981,False,,,,,,0.05
43004,learned_event_learned_qr,0.002,0.02,0.02,0.19605376977894715,False,,,,,,
43004,learned_event_learned_qr,0.002,0.02,0.1,0.13207615391075642,False,,,,,,
43004,learned_event_learned_qr,0.002,0.02,0.5,0.1516672146755166,False,,,,,,
43004,learned_event_learned_qr,0.002,0.1,0.02,0.17617235360006026,False,,,,,,
43004,learned_event_learned_qr,0.002,0.1,0.1,0.10118058209203085,False,,,,,,
43004,learned_event_learned_qr,0.002,0.1,0.5,0.11162602433443339,False,,,,,,
43004,learned_event_learned_qr,0.002,0.5,0.02,0.1757930596949192,False,,,,,,
43004,learned_event_learned_qr,0.002,0.5,0.1,0.07803826779600824,True,,,,,,
43004,learned_event_learned_qr,0.002,0.5,0.5,0.08419095595190515,False,,,,,,
43004,learned_event_learned_qr,0.02,0.02,0.02,0.19290746139930026,False,,,,,,
43004,learned_event_learned_qr,0.02,0.02,0.1,0.1444438353581045,False,,,,,,
43004,learned_event_learned_qr,0.02,0.02,0.5,0.1538115433777463,False,,,,,,
43004,learned_event_learned_qr,0.02,0.1,0.02,0.17879280263272657,False,,,,,,
43004,learned_event_learned_qr,0.02,0.1,0.1,0.10916581596510466,False,,,,,,
43004,learned_event_learned_qr,0.02,0.1,0.5,0.11374610675099513,False,,,,,,
43004,learned_event_learned_qr,0.02,0.5,0.02,0.18246132908020035,False,,,,,,
43004,learned_event_learned_qr,0.02,0.5,0.1,0.08285672191047443,False,,,,,,
43004,learned_event_learned_qr,0.02,0.5,0.5,0.08576465557719934,False,,,,,,
43004,learned_event_learned_qr,0.1,0.02,0.02,0.19590532602957986,False,,,,,,
43004,learned_event_learned_qr,0.1,0.02,0.1,0.14495447939332318,False,,,,,,
43004,learned_event_learned_qr,0.1,0.02,0.5,0.15567951439368308,False,,,,,,
43004,learned_event_learned_qr,0.1,0.1,0.02,0.18228449396348673,False,,,,,,
43004,learned_event_learned_qr,0.1,0.1,0.1,0.1117186413473685,False,,,,,,
43004,learned_event_learned_qr,0.1,0.1,0.5,0.11835958624486503,False,,,,,,
43004,learned_event_learned_qr,0.1,0.5,0.02,0.1879228813371265,False,,,,,,
43004,learned_event_learned_qr,0.1,0.5,0.1,0.09173741828418645,False,,,,,,
43004,learned_event_learned_qr,0.1,0.5,0.5,0.08968811867898002,False,,,,,,
43004,selected_fixed_jump,,,,0.7229336124649453,False,0.0025,0.01,,,,
43004,selected_fixed_jump,,,,0.2995674176106533,False,0.0025,0.04,,,,
43004,selected_fixed_jump,,,,0.43180947044208406,False,0.0025,0.16,,,,
43004,selected_fixed_jump,,,,0.4208270149113482,False,0.02,0.01,,,,
43004,selected_fixed_jump,,,,0.2433489231222404,True,0.02,0.04,,,,
43004,selected_fixed_jump,,,,0.44047804983166244,False,0.02,0.16,,,,
43004,selected_fixed_jump,,,,0.3454445995536599,False,0.04,0.01,,,,
43004,selected_fixed_jump,,,,0.27546380493726513,False,0.04,0.04,,,,
43004,selected_fixed_jump,,,,0.4809024208891796,False,0.04,0.16,,,,
43004,h_plus_total_variance,0.002,,,0.10731870274118502,False,,,0.95,1.0,0.1,
43004,h_plus_total_variance,0.02,,,0.11331711134792978,False,,,0.95,1.0,0.1,
43004,h_plus_total_variance,0.1,,,0.1189344505486247,False,,,0.95,1.0,0.1,
43004,h_plus_total_variance,0.002,,,0.10803973878869032,False,,,0.95,1.0,0.5,
43004,h_plus_total_variance,0.02,,,0.10990438162202817,False,,,0.95,1.0,0.5,
43004,h_plus_total_variance,0.1,,,0.1130963787481128,False,,,0.95,1.0,0.5,
43004,h_plus_total_variance,0.002,,,0.15991341212104088,False,,,0.95,1.0,0.9,
43004,h_plus_total_variance,0.02,,,0.16196840756036424,False,,,0.95,1.0,0.9,
43004,h_plus_total_variance,0.1,,,0.16379386063024037,False,,,0.95,1.0,0.9,
43004,h_plus_total_variance,0.002,,,0.10726120138279234,True,,,0.95,4.0,0.1,
43004,h_plus_total_variance,0.02,,,0.11346251390376579,False,,,0.95,4.0,0.1,
43004,h_plus_total_variance,0.1,,,0.11933583251655283,False,,,0.95,4.0,0.1,
43004,h_plus_total_variance,0.002,,,0.1084361909657363,False,,,0.95,4.0,0.5,
43004,h_plus_total_variance,0.02,,,0.11027655816210132,False,,,0.95,4.0,0.5,
43004,h_plus_total_variance,0.1,,,0.11343504381209152,False,,,0.95,4.0,0.5,
43004,h_plus_total_variance,0.002,,,0.16027365626730192,False,,,0.95,4.0,0.9,
43004,h_plus_total_variance,0.02,,,0.16228910220102566,False,,,0.95,4.0,0.9,
43004,h_plus_total_variance,0.1,,,0.16408267703148205,False,,,0.95,4.0,0.9,
43004,h_plus_total_variance,0.002,,,0.10787285172669651,False,,,0.95,16.0,0.1,
43004,h_plus_total_variance,0.02,,,0.1141073581835584,False,,,0.95,16.0,0.1,
43004,h_plus_total_variance,0.1,,,0.12048907033067266,False,,,0.95,16.0,0.1,
43004,h_plus_total_variance,0.002,,,0.1096878710843446,False,,,0.95,16.0,0.5,
43004,h_plus_total_variance,0.02,,,0.11136786987923715,False,,,0.95,16.0,0.5,
43004,h_plus_total_variance,0.1,,,0.11462546405297297,False,,,0.95,16.0,0.5,
43004,h_plus_total_variance,0.002,,,0.16147027516689938,False,,,0.95,16.0,0.9,
43004,h_plus_total_variance,0.02,,,0.16332970712014952,False,,,0.95,16.0,0.9,
43004,h_plus_total_variance,0.1,,,0.16520038633559458,False,,,0.95,16.0,0.9,
43004,h_plus_total_variance,0.002,,,0.2132227587901231,False,,,0.99,1.0,0.1,
43004,h_plus_total_variance,0.02,,,0.22060320645777856,False,,,0.99,1.0,0.1,
43004,h_plus_total_variance,0.1,,,0.22603604275790445,False,,,0.99,1.0,0.1,
43004,h_plus_total_variance,0.002,,,0.226183414393857,False,,,0.99,1.0,0.5,
43004,h_plus_total_variance,0.02,,,0.22188146981868406,False,,,0.99,1.0,0.5,
43004,h_plus_total_variance,0.1,,,0.2239505582872058,False,,,0.99,1.0,0.5,
43004,h_plus_total_variance,0.002,,,0.2810604797984465,False,,,0.99,1.0,0.9,
43004,h_plus_total_variance,0.02,,,0.27058047711997596,False,,,0.99,1.0,0.9,
43004,h_plus_total_variance,0.1,,,0.27152666708581247,False,,,0.99,1.0,0.9,
43004,h_plus_total_variance,0.002,,,0.21197488233994408,False,,,0.99,4.0,0.1,
43004,h_plus_total_variance,0.02,,,0.21858287333449333,False,,,0.99,4.0,0.1,
43004,h_plus_total_variance,0.1,,,0.22370937845206,False,,,0.99,4.0,0.1,
43004,h_plus_total_variance,0.002,,,0.22549779920903823,False,,,0.99,4.0,0.5,
43004,h_plus_total_variance,0.02,,,0.22042123523542104,False,,,0.99,4.0,0.5,
43004,h_plus_total_variance,0.1,,,0.22213720780556087,False,,,0.99,4.0,0.5,
43004,h_plus_total_variance,0.002,,,0.2797761411789116,False,,,0.99,4.0,0.9,
43004,h_plus_total_variance,0.02,,,0.2692393124929795,False,,,0.99,4.0,0.9,
43004,h_plus_total_variance,0.1,,,0.27027187285887355,False,,,0.99,4.0,0.9,
43004,h_plus_total_variance,0.002,,,0.20972841144709575,False,,,0.99,16.0,0.1,
43004,h_plus_total_variance,0.02,,,0.21601611665422682,False,,,0.99,16.0,0.1,
43004,h_plus_total_variance,0.1,,,0.21900138795374785,False,,,0.99,16.0,0.1,
43004,h_plus_total_variance,0.002,,,0.22333537931789882,False,,,0.99,16.0,0.5,
43004,h_plus_total_variance,0.02,,,0.21849682978566862,False,,,0.99,16.0,0.5,
43004,h_plus_total_variance,0.1,,,0.21895379404769252,False,,,0.99,16.0,0.5,
43004,h_plus_total_variance,0.002,,,0.2766233447220021,False,,,0.99,16.0,0.9,
43004,h_plus_total_variance,0.02,,,0.26613419668815463,False,,,0.99,16.0,0.9,
43004,h_plus_total_variance,0.1,,,0.2677502700235055,False,,,0.99,16.0,0.9,
43004,h_plus_total_variance,0.002,,,0.27575268826346827,False,,,1.0,1.0,0.1,
43004,h_plus_total_variance,0.02,,,0.26824848723513944,False,,,1.0,1.0,0.1,
43004,h_plus_total_variance,0.1,,,0.2751576723886774,False,,,1.0,1.0,0.1,
43004,h_plus_total_variance,0.002,,,0.3018362461862697,False,,,1.0,1.0,0.5,
43004,h_plus_total_variance,0.02,,,0.2835855435405013,False,,,1.0,1.0,0.5,
43004,h_plus_total_variance,0.1,,,0.2861889321555331,False,,,1.0,1.0,0.5,
43004,h_plus_total_variance,0.002,,,0.3554386546103514,False,,,1.0,1.0,0.9,
43004,h_plus_total_variance,0.02,,,0.3311451477858352,False,,,1.0,1.0,0.9,
43004,h_plus_total_variance,0.1,,,0.33082405587920605,False,,,1.0,1.0,0.9,
43004,h_plus_total_variance,0.002,,,0.2712378847098817,False,,,1.0,4.0,0.1,
43004,h_plus_total_variance,0.02,,,0.2623066520814759,False,,,1.0,4.0,0.1,
43004,h_plus_total_variance,0.1,,,0.2676255399692224,False,,,1.0,4.0,0.1,
43004,h_plus_total_variance,0.002,,,0.29974320094909995,False,,,1.0,4.0,0.5,
43004,h_plus_total_variance,0.02,,,0.2809559030531282,False,,,1.0,4.0,0.5,
43004,h_plus_total_variance,0.1,,,0.28304060058171293,False,,,1.0,4.0,0.5,
43004,h_plus_total_variance,0.002,,,0.352724925065659,False,,,1.0,4.0,0.9,
43004,h_plus_total_variance,0.02,,,0.3282648016124776,False,,,1.0,4.0,0.9,
43004,h_plus_total_variance,0.1,,,0.3282772185666797,False,,,1.0,4.0,0.9,
43004,h_plus_total_variance,0.002,,,0.26419152231114434,False,,,1.0,16.0,0.1,
43004,h_plus_total_variance,0.02,,,0.25573740317038346,False,,,1.0,16.0,0.1,
43004,h_plus_total_variance,0.1,,,0.25941985445121807,False,,,1.0,16.0,0.1,
43004,h_plus_total_variance,0.002,,,0.2959583595343373,False,,,1.0,16.0,0.5,
43004,h_plus_total_variance,0.02,,,0.27839467075248475,False,,,1.0,16.0,0.5,
43004,h_plus_total_variance,0.1,,,0.2800679560877236,False,,,1.0,16.0,0.5,
43004,h_plus_total_variance,0.002,,,0.34988135747107835,False,,,1.0,16.0,0.9,
43004,h_plus_total_variance,0.02,,,0.3246164965048652,False,,,1.0,16.0,0.9,
43004,h_plus_total_variance,0.1,,,0.32497385940777235,False,,,1.0,16.0,0.9,
43004,generator_supported_seen_mode_imm,,,,-0.01806671043498483,False,,,,,,0.001
43004,generator_supported_seen_mode_imm,,,,-0.029356585347869328,True,,,,,,0.01
43004,generator_supported_seen_mode_imm,,,,-0.01923985989430874,False,,,,,,0.05
43005,learned_event_learned_qr,0.002,0.02,0.02,0.20610932661811013,False,,,,,,
43005,learned_event_learned_qr,0.002,0.02,0.1,0.1344700881977246,False,,,,,,
43005,learned_event_learned_qr,0.002,0.02,0.5,0.14204608340251582,False,,,,,,
43005,learned_event_learned_qr,0.002,0.1,0.02,0.1897424297604351,False,,,,,,
43005,learned_event_learned_qr,0.002,0.1,0.1,0.09841903235512942,False,,,,,,
43005,learned_event_learned_qr,0.002,0.1,0.5,0.10186159259238041,False,,,,,,
43005,learned_event_learned_qr,0.002,0.5,0.02,0.18906958129398868,False,,,,,,
43005,learned_event_learned_qr,0.002,0.5,0.1,0.07310198783587211,False,,,,,,
43005,learned_event_learned_qr,0.002,0.5,0.5,0.0694014986902923,True,,,,,,
43005,learned_event_learned_qr,0.02,0.02,0.02,0.19513314386725,False,,,,,,
43005,learned_event_learned_qr,0.02,0.02,0.1,0.14287339551781342,False,,,,,,
43005,learned_event_learned_qr,0.02,0.02,0.5,0.14628213919152597,False,,,,,,
43005,learned_event_learned_qr,0.02,0.1,0.02,0.18027197661887068,False,,,,,,
43005,learned_event_learned_qr,0.02,0.1,0.1,0.1040407719884022,False,,,,,,
43005,learned_event_learned_qr,0.02,0.1,0.5,0.10329512590815758,False,,,,,,
43005,learned_event_learned_qr,0.02,0.5,0.02,0.18272960908951752,False,,,,,,
43005,learned_event_learned_qr,0.02,0.5,0.1,0.08103324509155765,False,,,,,,
43005,learned_event_learned_qr,0.02,0.5,0.5,0.07206482174996937,False,,,,,,
43005,learned_event_learned_qr,0.1,0.02,0.02,0.19121432910047217,False,,,,,,
43005,learned_event_learned_qr,0.1,0.02,0.1,0.13979361674132804,False,,,,,,
43005,learned_event_learned_qr,0.1,0.02,0.5,0.14812716033740636,False,,,,,,
43005,learned_event_learned_qr,0.1,0.1,0.02,0.17924884281657436,False,,,,,,
43005,learned_event_learned_qr,0.1,0.1,0.1,0.104267205182969,False,,,,,,
43005,learned_event_learned_qr,0.1,0.1,0.5,0.10974987977666939,False,,,,,,
43005,learned_event_learned_qr,0.1,0.5,0.02,0.1930543085762698,False,,,,,,
43005,learned_event_learned_qr,0.1,0.5,0.1,0.09004479532393911,False,,,,,,
43005,learned_event_learned_qr,0.1,0.5,0.5,0.08031711137926781,False,,,,,,
43005,selected_fixed_jump,,,,0.6052820372057661,False,0.0025,0.01,,,,
43005,selected_fixed_jump,,,,0.28197707647413206,False,0.0025,0.04,,,,
43005,selected_fixed_jump,,,,0.42743615959021236,False,0.0025,0.16,,,,
43005,selected_fixed_jump,,,,0.36099280405059814,False,0.02,0.01,,,,
43005,selected_fixed_jump,,,,0.23866356099771469,True,0.02,0.04,,,,
43005,selected_fixed_jump,,,,0.44125151100936105,False,0.02,0.16,,,,
43005,selected_fixed_jump,,,,0.31219770409911807,False,0.04,0.01,,,,
43005,selected_fixed_jump,,,,0.27139740315564126,False,0.04,0.04,,,,
43005,selected_fixed_jump,,,,0.4819748676549144,False,0.04,0.16,,,,
43005,h_plus_total_variance,0.002,,,0.10589351704533387,False,,,0.95,1.0,0.1,
43005,h_plus_total_variance,0.02,,,0.10678593945373767,False,,,0.95,1.0,0.1,
43005,h_plus_total_variance,0.1,,,0.11635409417847563,False,,,0.95,1.0,0.1,
43005,h_plus_total_variance,0.002,,,0.1025509782710544,True,,,0.95,1.0,0.5,
43005,h_plus_total_variance,0.02,,,0.10339481808370159,False,,,0.95,1.0,0.5,
43005,h_plus_total_variance,0.1,,,0.10751368210722521,False,,,0.95,1.0,0.5,
43005,h_plus_total_variance,0.002,,,0.15097154250120876,False,,,0.95,1.0,0.9,
43005,h_plus_total_variance,0.02,,,0.1496007947995052,False,,,0.95,1.0,0.9,
43005,h_plus_total_variance,0.1,,,0.15461934789773876,False,,,0.95,1.0,0.9,
43005,h_plus_total_variance,0.002,,,0.106049576608032,False,,,0.95,4.0,0.1,
43005,h_plus_total_variance,0.02,,,0.10692186750678781,False,,,0.95,4.0,0.1,
43005,h_plus_total_variance,0.1,,,0.11639666790996002,False,,,0.95,4.0,0.1,
43005,h_plus_total_variance,0.002,,,0.10350617278011626,False,,,0.95,4.0,0.5,
43005,h_plus_total_variance,0.02,,,0.10433607838318042,False,,,0.95,4.0,0.5,
43005,h_plus_total_variance,0.1,,,0.10847580634650057,False,,,0.95,4.0,0.5,
43005,h_plus_total_variance,0.002,,,0.15182139274878206,False,,,0.95,4.0,0.9,
43005,h_plus_total_variance,0.02,,,0.15042253970875918,False,,,0.95,4.0,0.9,
43005,h_plus_total_variance,0.1,,,0.15547024541914764,False,,,0.95,4.0,0.9,
43005,h_plus_total_variance,0.002,,,0.10715738748319281,False,,,0.95,16.0,0.1,
43005,h_plus_total_variance,0.02,,,0.10801665646331224,False,,,0.95,16.0,0.1,
43005,h_plus_total_variance,0.1,,,0.11744525879906445,False,,,0.95,16.0,0.1,
43005,h_plus_total_variance,0.002,,,0.1058674691215628,False,,,0.95,16.0,0.5,
43005,h_plus_total_variance,0.02,,,0.10661563077532381,False,,,0.95,16.0,0.5,
43005,h_plus_total_variance,0.1,,,0.11076502700737595,False,,,0.95,16.0,0.5,
43005,h_plus_total_variance,0.002,,,0.15409572694839072,False,,,0.95,16.0,0.9,
43005,h_plus_total_variance,0.02,,,0.1525945096459641,False,,,0.95,16.0,0.9,
43005,h_plus_total_variance,0.1,,,0.15767354385744048,False,,,0.95,16.0,0.9,
43005,h_plus_total_variance,0.002,,,0.21382332037922183,False,,,0.99,1.0,0.1,
43005,h_plus_total_variance,0.02,,,0.19976530047517183,False,,,0.99,1.0,0.1,
43005,h_plus_total_variance,0.1,,,0.19458969924399916,False,,,0.99,1.0,0.1,
43005,h_plus_total_variance,0.002,,,0.21113737719704348,False,,,0.99,1.0,0.5,
43005,h_plus_total_variance,0.02,,,0.194423792297722,False,,,0.99,1.0,0.5,
43005,h_plus_total_variance,0.1,,,0.18665753048835146,False,,,0.99,1.0,0.5,
43005,h_plus_total_variance,0.002,,,0.25278742333971455,False,,,0.99,1.0,0.9,
43005,h_plus_total_variance,0.02,,,0.23467787774624385,False,,,0.99,1.0,0.9,
43005,h_plus_total_variance,0.1,,,0.23054899784347713,False,,,0.99,1.0,0.9,
43005,h_plus_total_variance,0.002,,,0.21353494094757933,False,,,0.99,4.0,0.1,
43005,h_plus_total_variance,0.02,,,0.1996134429267437,False,,,0.99,4.0,0.1,
43005,h_plus_total_variance,0.1,,,0.1943736228975973,False,,,0.99,4.0,0.1,
43005,h_plus_total_variance,0.002,,,0.21247907121497278,False,,,0.99,4.0,0.5,
43005,h_plus_total_variance,0.02,,,0.19592094154189976,False,,,0.99,4.0,0.5,
43005,h_plus_total_variance,0.1,,,0.18807903767993941,False,,,0.99,4.0,0.5,
43005,h_plus_total_variance,0.002,,,0.253771099271657,False,,,0.99,4.0,0.9,
43005,h_plus_total_variance,0.02,,,0.23594254607578544,False,,,0.99,4.0,0.9,
43005,h_plus_total_variance,0.1,,,0.2317208152860785,False,,,0.99,4.0,0.9,
43005,h_plus_total_variance,0.002,,,0.21471476441038895,False,,,0.99,16.0,0.1,
43005,h_plus_total_variance,0.02,,,0.20135129934437637,False,,,0.99,16.0,0.1,
43005,h_plus_total_variance,0.1,,,0.196174401621926,False,,,0.99,16.0,0.1,
43005,h_plus_total_variance,0.002,,,0.21666735308824372,False,,,0.99,16.0,0.5,
43005,h_plus_total_variance,0.02,,,0.20024117752970746,False,,,0.99,16.0,0.5,
43005,h_plus_total_variance,0.1,,,0.19249561020445782,False,,,0.99,16.0,0.5,
43005,h_plus_total_variance,0.002,,,0.25724897455406714,False,,,0.99,16.0,0.9,
43005,h_plus_total_variance,0.02,,,0.23994002297408348,False,,,0.99,16.0,0.9,
43005,h_plus_total_variance,0.1,,,0.23568520071838725,False,,,0.99,16.0,0.9,
43005,h_plus_total_variance,0.002,,,0.29189616944229396,False,,,1.0,1.0,0.1,
43005,h_plus_total_variance,0.02,,,0.26699422334651884,False,,,1.0,1.0,0.1,
43005,h_plus_total_variance,0.1,,,0.26851194015894664,False,,,1.0,1.0,0.1,
43005,h_plus_total_variance,0.002,,,0.2904527663942563,False,,,1.0,1.0,0.5,
43005,h_plus_total_variance,0.02,,,0.2657386670575353,False,,,1.0,1.0,0.5,
43005,h_plus_total_variance,0.1,,,0.2597234119011492,False,,,1.0,1.0,0.5,
43005,h_plus_total_variance,0.002,,,0.33096820426013135,False,,,1.0,1.0,0.9,
43005,h_plus_total_variance,0.02,,,0.30139462536344064,False,,,1.0,1.0,0.9,
43005,h_plus_total_variance,0.1,,,0.2966016949839552,False,,,1.0,1.0,0.9,
43005,h_plus_total_variance,0.002,,,0.28864025420409056,False,,,1.0,4.0,0.1,
43005,h_plus_total_variance,0.02,,,0.26413394426652587,False,,,1.0,4.0,0.1,
43005,h_plus_total_variance,0.1,,,0.2658074095024122,False,,,1.0,4.0,0.1,
43005,h_plus_total_variance,0.002,,,0.2892039346328029,False,,,1.0,4.0,0.5,
43005,h_plus_total_variance,0.02,,,0.26561671332348424,False,,,1.0,4.0,0.5,
43005,h_plus_total_variance,0.1,,,0.2596403013333589,False,,,1.0,4.0,0.5,
43005,h_plus_total_variance,0.002,,,0.32903528686039296,False,,,1.0,4.0,0.9,
43005,h_plus_total_variance,0.02,,,0.30052613703784253,False,,,1.0,4.0,0.9,
43005,h_plus_total_variance,0.1,,,0.29604312469782595,False,,,1.0,4.0,0.9,
43005,h_plus_total_variance,0.002,,,0.2822714334535981,False,,,1.0,16.0,0.1,
43005,h_plus_total_variance,0.02,,,0.2595213559916587,False,,,1.0,16.0,0.1,
43005,h_plus_total_variance,0.1,,,0.2623117727715103,False,,,1.0,16.0,0.1,
43005,h_plus_total_variance,0.002,,,0.2862997010651784,False,,,1.0,16.0,0.5,
43005,h_plus_total_variance,0.02,,,0.26579551486533676,False,,,1.0,16.0,0.5,
43005,h_plus_total_variance,0.1,,,0.2598225188106756,False,,,1.0,16.0,0.5,
43005,h_plus_total_variance,0.002,,,0.325259794902544,False,,,1.0,16.0,0.9,
43005,h_plus_total_variance,0.02,,,0.29972807905049925,False,,,1.0,16.0,0.9,
43005,h_plus_total_variance,0.1,,,0.29562265852744074,False,,,1.0,16.0,0.9,
43005,generator_supported_seen_mode_imm,,,,-0.026910321014671227,False,,,,,,0.001
43005,generator_supported_seen_mode_imm,,,,-0.038581835952144546,True,,,,,,0.01
43005,generator_supported_seen_mode_imm,,,,-0.029005961429812353,False,,,,,,0.05
43006,learned_event_learned_qr,0.002,0.02,0.02,0.21604899813832315,False,,,,,,
43006,learned_event_learned_qr,0.002,0.02,0.1,0.14124060089419896,False,,,,,,
43006,learned_event_learned_qr,0.002,0.02,0.5,0.1588390085494204,False,,,,,,
43006,learned_event_learned_qr,0.002,0.1,0.02,0.19445770722454708,False,,,,,,
43006,learned_event_learned_qr,0.002,0.1,0.1,0.11716905958468884,False,,,,,,
43006,learned_event_learned_qr,0.002,0.1,0.5,0.12957520957118002,False,,,,,,
43006,learned_event_learned_qr,0.002,0.5,0.02,0.19366971358078644,False,,,,,,
43006,learned_event_learned_qr,0.002,0.5,0.1,0.10503852868160225,False,,,,,,
43006,learned_event_learned_qr,0.002,0.5,0.5,0.11032395330018277,False,,,,,,
43006,learned_event_learned_qr,0.02,0.02,0.02,0.2181006954543159,False,,,,,,
43006,learned_event_learned_qr,0.02,0.02,0.1,0.14514710372395032,False,,,,,,
43006,learned_event_learned_qr,0.02,0.02,0.5,0.16042355783831352,False,,,,,,
43006,learned_event_learned_qr,0.02,0.1,0.02,0.19215533834501167,False,,,,,,
43006,learned_event_learned_qr,0.02,0.1,0.1,0.11807338079846905,False,,,,,,
43006,learned_event_learned_qr,0.02,0.1,0.5,0.12867156590528714,False,,,,,,
43006,learned_event_learned_qr,0.02,0.5,0.02,0.18831431514452154,False,,,,,,
43006,learned_event_learned_qr,0.02,0.5,0.1,0.10252322032531087,True,,,,,,
43006,learned_event_learned_qr,0.02,0.5,0.5,0.10962059604119868,False,,,,,,
43006,learned_event_learned_qr,0.1,0.02,0.02,0.22048198617511883,False,,,,,,
43006,learned_event_learned_qr,0.1,0.02,0.1,0.15474377684278007,False,,,,,,
43006,learned_event_learned_qr,0.1,0.02,0.5,0.17196404235066431,False,,,,,,
43006,learned_event_learned_qr,0.1,0.1,0.02,0.19653741634255548,False,,,,,,
43006,learned_event_learned_qr,0.1,0.1,0.1,0.1264292215477773,False,,,,,,
43006,learned_event_learned_qr,0.1,0.1,0.5,0.1377222411507721,False,,,,,,
43006,learned_event_learned_qr,0.1,0.5,0.02,0.1976148485427108,False,,,,,,
43006,learned_event_learned_qr,0.1,0.5,0.1,0.11163207761930247,False,,,,,,
43006,learned_event_learned_qr,0.1,0.5,0.5,0.11827365870771563,False,,,,,,
43006,selected_fixed_jump,,,,0.7778640900923016,False,0.0025,0.01,,,,
43006,selected_fixed_jump,,,,0.3462547484435544,False,0.0025,0.04,,,,
43006,selected_fixed_jump,,,,0.46265034796951127,False,0.0025,0.16,,,,
43006,selected_fixed_jump,,,,0.4504459680920197,False,0.02,0.01,,,,
43006,selected_fixed_jump,,,,0.2790830629845827,True,0.02,0.04,,,,
43006,selected_fixed_jump,,,,0.4619704929940423,False,0.02,0.16,,,,
43006,selected_fixed_jump,,,,0.37432012426859645,False,0.04,0.01,,,,
43006,selected_fixed_jump,,,,0.3062920685839823,False,0.04,0.04,,,,
43006,selected_fixed_jump,,,,0.5006521690198489,False,0.04,0.16,,,,
43006,h_plus_total_variance,0.002,,,0.13914331282107067,False,,,0.95,1.0,0.1,
43006,h_plus_total_variance,0.02,,,0.13672148748662405,False,,,0.95,1.0,0.1,
43006,h_plus_total_variance,0.1,,,0.1425987998389879,False,,,0.95,1.0,0.1,
43006,h_plus_total_variance,0.002,,,0.13628396277109622,False,,,0.95,1.0,0.5,
43006,h_plus_total_variance,0.02,,,0.1339908710751656,False,,,0.95,1.0,0.5,
43006,h_plus_total_variance,0.1,,,0.14010938265360337,False,,,0.95,1.0,0.5,
43006,h_plus_total_variance,0.002,,,0.1840005410867327,False,,,0.95,1.0,0.9,
43006,h_plus_total_variance,0.02,,,0.18167379851715215,False,,,0.95,1.0,0.9,
43006,h_plus_total_variance,0.1,,,0.1898722344847918,False,,,0.95,1.0,0.9,
43006,h_plus_total_variance,0.002,,,0.13874258564365202,False,,,0.95,4.0,0.1,
43006,h_plus_total_variance,0.02,,,0.13631650252733715,False,,,0.95,4.0,0.1,
43006,h_plus_total_variance,0.1,,,0.14220282650781757,False,,,0.95,4.0,0.1,
43006,h_plus_total_variance,0.002,,,0.13627616239943557,False,,,0.95,4.0,0.5,
43006,h_plus_total_variance,0.02,,,0.13397600795506376,True,,,0.95,4.0,0.5,
43006,h_plus_total_variance,0.1,,,0.14011385009752836,False,,,0.95,4.0,0.5,
43006,h_plus_total_variance,0.002,,,0.1841002372475834,False,,,0.95,4.0,0.9,
43006,h_plus_total_variance,0.02,,,0.18176205465377346,False,,,0.95,4.0,0.9,
43006,h_plus_total_variance,0.1,,,0.1899841180491273,False,,,0.95,4.0,0.9,
43006,h_plus_total_variance,0.002,,,0.1388699445367612,False,,,0.95,16.0,0.1,
43006,h_plus_total_variance,0.02,,,0.1364270705108421,False,,,0.95,16.0,0.1,
43006,h_plus_total_variance,0.1,,,0.1422590257846591,False,,,0.95,16.0,0.1,
43006,h_plus_total_variance,0.002,,,0.13703267812974718,False,,,0.95,16.0,0.5,
43006,h_plus_total_variance,0.02,,,0.13470513445360754,False,,,0.95,16.0,0.5,
43006,h_plus_total_variance,0.1,,,0.1409119555211287,False,,,0.95,16.0,0.5,
43006,h_plus_total_variance,0.002,,,0.18510131969833926,False,,,0.95,16.0,0.9,
43006,h_plus_total_variance,0.02,,,0.18271686090942865,False,,,0.95,16.0,0.9,
43006,h_plus_total_variance,0.1,,,0.19103086206735823,False,,,0.95,16.0,0.9,
43006,h_plus_total_variance,0.002,,,0.22458516152842412,False,,,0.99,1.0,0.1,
43006,h_plus_total_variance,0.02,,,0.22176725080089812,False,,,0.99,1.0,0.1,
43006,h_plus_total_variance,0.1,,,0.22717608281784166,False,,,0.99,1.0,0.1,
43006,h_plus_total_variance,0.002,,,0.23485340501683538,False,,,0.99,1.0,0.5,
43006,h_plus_total_variance,0.02,,,0.2328356562147327,False,,,0.99,1.0,0.5,
43006,h_plus_total_variance,0.1,,,0.2335161181891909,False,,,0.99,1.0,0.5,
43006,h_plus_total_variance,0.002,,,0.2856520550575309,False,,,0.99,1.0,0.9,
43006,h_plus_total_variance,0.02,,,0.2820519677037843,False,,,0.99,1.0,0.9,
43006,h_plus_total_variance,0.1,,,0.2836158945888002,False,,,0.99,1.0,0.9,
43006,h_plus_total_variance,0.002,,,0.2240915880789849,False,,,0.99,4.0,0.1,
43006,h_plus_total_variance,0.02,,,0.22127458585854815,False,,,0.99,4.0,0.1,
43006,h_plus_total_variance,0.1,,,0.22674397744295638,False,,,0.99,4.0,0.1,
43006,h_plus_total_variance,0.002,,,0.23499869700650267,False,,,0.99,4.0,0.5,
43006,h_plus_total_variance,0.02,,,0.2329799434885781,False,,,0.99,4.0,0.5,
43006,h_plus_total_variance,0.1,,,0.2337203935912863,False,,,0.99,4.0,0.5,
43006,h_plus_total_variance,0.002,,,0.285945160102228,False,,,0.99,4.0,0.9,
43006,h_plus_total_variance,0.02,,,0.28230075279821487,False,,,0.99,4.0,0.9,
43006,h_plus_total_variance,0.1,,,0.28393953349626183,False,,,0.99,4.0,0.9,
43006,h_plus_total_variance,0.002,,,0.22415472120633614,False,,,0.99,16.0,0.1,
43006,h_plus_total_variance,0.02,,,0.22135246490241853,False,,,0.99,16.0,0.1,
43006,h_plus_total_variance,0.1,,,0.2269007234478637,False,,,0.99,16.0,0.1,
43006,h_plus_total_variance,0.002,,,0.23635398461621593,False,,,0.99,16.0,0.5,
43006,h_plus_total_variance,0.02,,,0.2342841967714352,False,,,0.99,16.0,0.5,
43006,h_plus_total_variance,0.1,,,0.2352388398078659,False,,,0.99,16.0,0.5,
43006,h_plus_total_variance,0.002,,,0.2876480405993485,False,,,0.99,16.0,0.9,
43006,h_plus_total_variance,0.02,,,0.2837118386872419,False,,,0.99,16.0,0.9,
43006,h_plus_total_variance,0.1,,,0.2856045428476894,False,,,0.99,16.0,0.9,
43006,h_plus_total_variance,0.002,,,0.30369926117783197,False,,,1.0,1.0,0.1,
43006,h_plus_total_variance,0.02,,,0.29434595161022353,False,,,1.0,1.0,0.1,
43006,h_plus_total_variance,0.1,,,0.3042849523116127,False,,,1.0,1.0,0.1,
43006,h_plus_total_variance,0.002,,,0.33463551251222706,False,,,1.0,1.0,0.5,
43006,h_plus_total_variance,0.02,,,0.32658416770274024,False,,,1.0,1.0,0.5,
43006,h_plus_total_variance,0.1,,,0.3337606817283695,False,,,1.0,1.0,0.5,
43006,h_plus_total_variance,0.002,,,0.38514255662735963,False,,,1.0,1.0,0.9,
43006,h_plus_total_variance,0.02,,,0.37564905295980977,False,,,1.0,1.0,0.9,
43006,h_plus_total_variance,0.1,,,0.3832103240137745,False,,,1.0,1.0,0.9,
43006,h_plus_total_variance,0.002,,,0.30194177766686764,False,,,1.0,4.0,0.1,
43006,h_plus_total_variance,0.02,,,0.292754140577679,False,,,1.0,4.0,0.1,
43006,h_plus_total_variance,0.1,,,0.30302784342303135,False,,,1.0,4.0,0.1,
43006,h_plus_total_variance,0.002,,,0.33381033045334235,False,,,1.0,4.0,0.5,
43006,h_plus_total_variance,0.02,,,0.32577403705762514,False,,,1.0,4.0,0.5,
43006,h_plus_total_variance,0.1,,,0.3331350216959154,False,,,1.0,4.0,0.5,
43006,h_plus_total_variance,0.002,,,0.3844311218470118,False,,,1.0,4.0,0.9,
43006,h_plus_total_variance,0.02,,,0.37489852307620625,False,,,1.0,4.0,0.9,
43006,h_plus_total_variance,0.1,,,0.38263588244916225,False,,,1.0,4.0,0.9,
43006,h_plus_total_variance,0.002,,,0.29817740382677893,False,,,1.0,16.0,0.1,
43006,h_plus_total_variance,0.02,,,0.28938335940703586,False,,,1.0,16.0,0.1,
43006,h_plus_total_variance,0.1,,,0.30066862406747635,False,,,1.0,16.0,0.1,
43006,h_plus_total_variance,0.002,,,0.3319943960722918,False,,,1.0,16.0,0.5,
43006,h_plus_total_variance,0.02,,,0.3238091731932713,False,,,1.0,16.0,0.5,
43006,h_plus_total_variance,0.1,,,0.33167048892463835,False,,,1.0,16.0,0.5,
43006,h_plus_total_variance,0.002,,,0.38276328455888126,False,,,1.0,16.0,0.9,
43006,h_plus_total_variance,0.02,,,0.3725788258774235,False,,,1.0,16.0,0.9,
43006,h_plus_total_variance,0.1,,,0.3805756134064729,False,,,1.0,16.0,0.9,
43006,generator_supported_seen_mode_imm,,,,0.006017686293867474,False,,,,,,0.001
43006,generator_supported_seen_mode_imm,,,,-0.004630962114414978,True,,,,,,0.01
43006,generator_supported_seen_mode_imm,,,,0.005836138373368462,False,,,,,,0.05
43007,learned_event_learned_qr,0.002,0.02,0.02,0.13193296684426012,False,,,,,,
43007,learned_event_learned_qr,0.002,0.02,0.1,0.07421761940889317,False,,,,,,
43007,learned_event_learned_qr,0.002,0.02,0.5,0.1063312399734123,False,,,,,,
43007,learned_event_learned_qr,0.002,0.1,0.02,0.1158602886851223,False,,,,,,
43007,learned_event_learned_qr,0.002,0.1,0.1,0.04740796411108054,False,,,,,,
43007,learned_event_learned_qr,0.002,0.1,0.5,0.07892526708642994,False,,,,,,
43007,learned_event_learned_qr,0.002,0.5,0.02,0.12793023981922266,False,,,,,,
43007,learned_event_learned_qr,0.002,0.5,0.1,0.03338984191905123,True,,,,,,
43007,learned_event_learned_qr,0.002,0.5,0.5,0.05257805494875773,False,,,,,,
43007,learned_event_learned_qr,0.02,0.02,0.02,0.12952132266815145,False,,,,,,
43007,learned_event_learned_qr,0.02,0.02,0.1,0.0782490155427946,False,,,,,,
43007,learned_event_learned_qr,0.02,0.02,0.5,0.10800693121271496,False,,,,,,
43007,learned_event_learned_qr,0.02,0.1,0.02,0.1138130347159616,False,,,,,,
43007,learned_event_learned_qr,0.02,0.1,0.1,0.05165814598131757,False,,,,,,
43007,learned_event_learned_qr,0.02,0.1,0.5,0.07947426896098847,False,,,,,,
43007,learned_event_learned_qr,0.02,0.5,0.02,0.12565500219824405,False,,,,,,
43007,learned_event_learned_qr,0.02,0.5,0.1,0.03756319651716756,False,,,,,,
43007,learned_event_learned_qr,0.02,0.5,0.5,0.05255358377758719,False,,,,,,
43007,learned_event_learned_qr,0.1,0.02,0.02,0.13943435302998072,False,,,,,,
43007,learned_event_learned_qr,0.1,0.02,0.1,0.08824654570245698,False,,,,,,
43007,learned_event_learned_qr,0.1,0.02,0.5,0.11694987507271268,False,,,,,,
43007,learned_event_learned_qr,0.1,0.1,0.02,0.12652771835104412,False,,,,,,
43007,learned_event_learned_qr,0.1,0.1,0.1,0.06410923867752803,False,,,,,,
43007,learned_event_learned_qr,0.1,0.1,0.5,0.08835790447970836,False,,,,,,
43007,learned_event_learned_qr,0.1,0.5,0.02,0.14561509296030448,False,,,,,,
43007,learned_event_learned_qr,0.1,0.5,0.1,0.049843996638922534,False,,,,,,
43007,learned_event_learned_qr,0.1,0.5,0.5,0.061399010086629034,False,,,,,,
43007,selected_fixed_jump,,,,0.732697883044423,False,0.0025,0.01,,,,
43007,selected_fixed_jump,,,,0.266476632289319,False,0.0025,0.04,,,,
43007,selected_fixed_jump,,,,0.4198738276148217,False,0.0025,0.16,,,,
43007,selected_fixed_jump,,,,0.38786876643008694,False,0.02,0.01,,,,
43007,selected_fixed_jump,,,,0.22013462628103458,True,0.02,0.04,,,,
43007,selected_fixed_jump,,,,0.4314220079145815,False,0.02,0.16,,,,
43007,selected_fixed_jump,,,,0.3196429807099448,False,0.04,0.01,,,,
43007,selected_fixed_jump,,,,0.2559168694669005,False,0.04,0.04,,,,
43007,selected_fixed_jump,,,,0.4726813741973113,False,0.04,0.16,,,,
43007,h_plus_total_variance,0.002,,,0.060396034943223736,False,,,0.95,1.0,0.1,
43007,h_plus_total_variance,0.02,,,0.06523947667538849,False,,,0.95,1.0,0.1,
43007,h_plus_total_variance,0.1,,,0.07803520027176897,False,,,0.95,1.0,0.1,
43007,h_plus_total_variance,0.002,,,0.07351832846829642,False,,,0.95,1.0,0.5,
43007,h_plus_total_variance,0.02,,,0.0733995433861944,False,,,0.95,1.0,0.5,
43007,h_plus_total_variance,0.1,,,0.08444125270360296,False,,,0.95,1.0,0.5,
43007,h_plus_total_variance,0.002,,,0.12792277932598267,False,,,0.95,1.0,0.9,
43007,h_plus_total_variance,0.02,,,0.12799555708711732,False,,,0.95,1.0,0.9,
43007,h_plus_total_variance,0.1,,,0.1373426378452347,False,,,0.95,1.0,0.9,
43007,h_plus_total_variance,0.002,,,0.05957768812175088,False,,,0.95,4.0,0.1,
43007,h_plus_total_variance,0.02,,,0.06443557418974878,False,,,0.95,4.0,0.1,
43007,h_plus_total_variance,0.1,,,0.0772122752175871,False,,,0.95,4.0,0.1,
43007,h_plus_total_variance,0.002,,,0.07354532816500924,False,,,0.95,4.0,0.5,
43007,h_plus_total_variance,0.02,,,0.07342550846156835,False,,,0.95,4.0,0.5,
43007,h_plus_total_variance,0.1,,,0.0844453952173394,False,,,0.95,4.0,0.5,
43007,h_plus_total_variance,0.002,,,0.1281642739026202,False,,,0.95,4.0,0.9,
43007,h_plus_total_variance,0.02,,,0.12823165898119207,False,,,0.95,4.0,0.9,
43007,h_plus_total_variance,0.1,,,0.13754181221080716,False,,,0.95,4.0,0.9,
43007,h_plus_total_variance,0.002,,,0.05881266119640478,True,,,0.95,16.0,0.1,
43007,h_plus_total_variance,0.02,,,0.06367486705729936,False,,,0.95,16.0,0.1,
43007,h_plus_total_variance,0.1,,,0.07654926463078021,False,,,0.95,16.0,0.1,
43007,h_plus_total_variance,0.002,,,0.07395359364038391,False,,,0.95,16.0,0.5,
43007,h_plus_total_variance,0.02,,,0.07382381320067341,False,,,0.95,16.0,0.5,
43007,h_plus_total_variance,0.1,,,0.08486344798957599,False,,,0.95,16.0,0.5,
43007,h_plus_total_variance,0.002,,,0.12886804076570532,False,,,0.95,16.0,0.9,
43007,h_plus_total_variance,0.02,,,0.12892274929755407,False,,,0.95,16.0,0.9,
43007,h_plus_total_variance,0.1,,,0.13824273624697328,False,,,0.95,16.0,0.9,
43007,h_plus_total_variance,0.002,,,0.13165097642694903,False,,,0.99,1.0,0.1,
43007,h_plus_total_variance,0.02,,,0.1295958212724482,False,,,0.99,1.0,0.1,
43007,h_plus_total_variance,0.1,,,0.1438062920256487,False,,,0.99,1.0,0.1,
43007,h_plus_total_variance,0.002,,,0.17063514291291115,False,,,0.99,1.0,0.5,
43007,h_plus_total_variance,0.02,,,0.17055465181253454,False,,,0.99,1.0,0.5,
43007,h_plus_total_variance,0.1,,,0.18149423532793993,False,,,0.99,1.0,0.5,
43007,h_plus_total_variance,0.002,,,0.22864476135054967,False,,,0.99,1.0,0.9,
43007,h_plus_total_variance,0.02,,,0.226626334283458,False,,,0.99,1.0,0.9,
43007,h_plus_total_variance,0.1,,,0.23741347953096092,False,,,0.99,1.0,0.9,
43007,h_plus_total_variance,0.002,,,0.13029990196583072,False,,,0.99,4.0,0.1,
43007,h_plus_total_variance,0.02,,,0.1279378452894965,False,,,0.99,4.0,0.1,
43007,h_plus_total_variance,0.1,,,0.14227854781799257,False,,,0.99,4.0,0.1,
43007,h_plus_total_variance,0.002,,,0.17051384164542632,False,,,0.99,4.0,0.5,
43007,h_plus_total_variance,0.02,,,0.17045002612981014,False,,,0.99,4.0,0.5,
43007,h_plus_total_variance,0.1,,,0.18138565403235118,False,,,0.99,4.0,0.5,
43007,h_plus_total_variance,0.002,,,0.22867607898498774,False,,,0.99,4.0,0.9,
43007,h_plus_total_variance,0.02,,,0.2266472797155727,False,,,0.99,4.0,0.9,
43007,h_plus_total_variance,0.1,,,0.23746654800569308,False,,,0.99,4.0,0.9,
43007,h_plus_total_variance,0.002,,,0.1288118090331773,False,,,0.99,16.0,0.1,
43007,h_plus_total_variance,0.02,,,0.12598817326137313,False,,,0.99,16.0,0.1,
43007,h_plus_total_variance,0.1,,,0.14021474619746777,False,,,0.99,16.0,0.1,
43007,h_plus_total_variance,0.002,,,0.1709133636779216,False,,,0.99,16.0,0.5,
43007,h_plus_total_variance,0.02,,,0.17087305824458662,False,,,0.99,16.0,0.5,
43007,h_plus_total_variance,0.1,,,0.1819085849392614,False,,,0.99,16.0,0.5,
43007,h_plus_total_variance,0.002,,,0.22926283709321124,False,,,0.99,16.0,0.9,
43007,h_plus_total_variance,0.02,,,0.22723138487928482,False,,,0.99,16.0,0.9,
43007,h_plus_total_variance,0.1,,,0.23814617528818113,False,,,0.99,16.0,0.9,
43007,h_plus_total_variance,0.002,,,0.2310532238966606,False,,,1.0,1.0,0.1,
43007,h_plus_total_variance,0.02,,,0.23225314092975374,False,,,1.0,1.0,0.1,
43007,h_plus_total_variance,0.1,,,0.24817566695388718,False,,,1.0,1.0,0.1,
43007,h_plus_total_variance,0.002,,,0.28649698092185283,False,,,1.0,1.0,0.5,
43007,h_plus_total_variance,0.02,,,0.28923719964360906,False,,,1.0,1.0,0.5,
43007,h_plus_total_variance,0.1,,,0.3027704111918632,False,,,1.0,1.0,0.5,
43007,h_plus_total_variance,0.002,,,0.34389131474666723,False,,,1.0,1.0,0.9,
43007,h_plus_total_variance,0.02,,,0.34429528933348547,False,,,1.0,1.0,0.9,
43007,h_plus_total_variance,0.1,,,0.35955756955896584,False,,,1.0,1.0,0.9,
43007,h_plus_total_variance,0.002,,,0.2288649723959536,False,,,1.0,4.0,0.1,
43007,h_plus_total_variance,0.02,,,0.23007878797558337,False,,,1.0,4.0,0.1,
43007,h_plus_total_variance,0.1,,,0.2457860116655979,False,,,1.0,4.0,0.1,
43007,h_plus_total_variance,0.002,,,0.285685103920283,False,,,1.0,4.0,0.5,
43007,h_plus_total_variance,0.02,,,0.2884949126774101,False,,,1.0,4.0,0.5,
43007,h_plus_total_variance,0.1,,,0.30183520366726074,False,,,1.0,4.0,0.5,
43007,h_plus_total_variance,0.002,,,0.34330768813704043,False,,,1.0,4.0,0.9,
43007,h_plus_total_variance,0.02,,,0.34432085293836334,False,,,1.0,4.0,0.9,
43007,h_plus_total_variance,0.1,,,0.3589330327694056,False,,,1.0,4.0,0.9,
43007,h_plus_total_variance,0.002,,,0.22504134071733153,False,,,1.0,16.0,0.1,
43007,h_plus_total_variance,0.02,,,0.22618925474218926,False,,,1.0,16.0,0.1,
43007,h_plus_total_variance,0.1,,,0.24151361279620703,False,,,1.0,16.0,0.1,
43007,h_plus_total_variance,0.002,,,0.2838436711385895,False,,,1.0,16.0,0.5,
43007,h_plus_total_variance,0.02,,,0.286610990027322,False,,,1.0,16.0,0.5,
43007,h_plus_total_variance,0.1,,,0.2995747523706923,False,,,1.0,16.0,0.5,
43007,h_plus_total_variance,0.002,,,0.3418192171800961,False,,,1.0,16.0,0.9,
43007,h_plus_total_variance,0.02,,,0.34294335408542703,False,,,1.0,16.0,0.9,
43007,h_plus_total_variance,0.1,,,0.35681770943471924,False,,,1.0,16.0,0.9,
43007,generator_supported_seen_mode_imm,,,,-0.02800375540407197,False,,,,,,0.001
43007,generator_supported_seen_mode_imm,,,,-0.03971453621107286,True,,,,,,0.01
43007,generator_supported_seen_mode_imm,,,,-0.029973682341188752,False,,,,,,0.05
